Date,Outlet_ID,Campaign_ID,Product_Type,Targeting,Segment,Keyword,Ad_Sales,Ad_Spend,Unused_Meta_Data
2025-01-01,OUT_001,C_8495,BOS,Flexible,LM,dal makhani,1259,188.85,OLD_SYSTEM_REF
2025-01-01,OUT_003,C_9019,PSP,Flexible,MM,N/A,757,113.55,OLD_SYSTEM_REF
2025-01-01,OUT_011,C_8911,PSP,Flexible,LM,N/A,860,129.0,OLD_SYSTEM_REF
2025-01-01,OUT_016,C_2982,BOS,Flexible,MM,dosa,542,81.3,OLD_SYSTEM_REF
2025-01-01,OUT_018,C_3569,Visit Pack,Fixed,UM,N/A,1414,212.1,OLD_SYSTEM_REF
2025-01-01,OUT_022,C_3719,Visit Pack,Fixed,Repeat,N/A,1820,273.0,OLD_SYSTEM_REF
2025-01-01,OUT_025,C_7649,PSP,Flexible,Repeat,N/A,1127,169.04999999999998,OLD_SYSTEM_REF
2025-01-01,OUT_027,C_6907,PSP,Flexible,MM,N/A,525,78.75,OLD_SYSTEM_REF
2025-01-01,OUT_039,C_4095,Visit Pack,Fixed,Repeat,N/A,748,112.2,OLD_SYSTEM_REF
2025-01-01,OUT_040,C_1346,BOS,Flexible,Repeat,manchurian,1386,207.9,OLD_SYSTEM_REF
2025-01-01,OUT_041,C_8985,Visit Pack,Fixed,Lapsed,N/A,1727,259.05,OLD_SYSTEM_REF
2025-01-01,OUT_051,C_1575,PSP,Flexible,Lapsed,N/A,704,105.6,OLD_SYSTEM_REF
2025-01-01,OUT_072,C_7474,PSP,Flexible,LM,N/A,1821,273.15,OLD_SYSTEM_REF
2025-01-01,OUT_074,C_9353,BOS,Flexible,MM,dosa,1177,176.54999999999998,OLD_SYSTEM_REF
2025-01-01,OUT_080,C_4175,Visit Pack,Fixed,LM,N/A,796,119.39999999999999,OLD_SYSTEM_REF
2025-01-01,OUT_082,C_1999,Visit Pack,Fixed,MM,N/A,1915,287.25,OLD_SYSTEM_REF
2025-01-01,OUT_084,C_4698,BOS,Flexible,UM,dal makhani,1677,251.54999999999998,OLD_SYSTEM_REF
2025-01-01,OUT_090,C_8263,PSP,Flexible,MM,N/A,1626,243.89999999999998,OLD_SYSTEM_REF
2025-01-01,OUT_094,C_5225,PSP,Flexible,UM,N/A,1489,223.35,OLD_SYSTEM_REF
2025-01-01,OUT_097,C_6616,BOS,Flexible,MM,burger,1444,216.6,OLD_SYSTEM_REF
2025-01-02,OUT_002,C_4278,PSP,Flexible,Repeat,N/A,743,111.45,OLD_SYSTEM_REF
2025-01-02,OUT_006,C_4439,PSP,Flexible,Repeat,N/A,946,141.9,OLD_SYSTEM_REF
2025-01-02,OUT_011,C_4777,PSP,Flexible,MM,N/A,1662,249.29999999999998,OLD_SYSTEM_REF
2025-01-02,OUT_013,C_6815,BOS,Flexible,Repeat,dal makhani,1392,208.79999999999998,OLD_SYSTEM_REF
2025-01-02,OUT_014,C_4782,BOS,Flexible,Repeat,dal makhani,588,88.2,OLD_SYSTEM_REF
2025-01-02,OUT_015,C_9147,Visit Pack,Fixed,MM,N/A,1700,255.0,OLD_SYSTEM_REF
2025-01-02,OUT_016,C_4406,BOS,Flexible,UM,dosa,1435,215.25,OLD_SYSTEM_REF
2025-01-02,OUT_017,C_8725,Visit Pack,Fixed,UM,N/A,1634,245.1,OLD_SYSTEM_REF
2025-01-02,OUT_018,C_6114,BOS,Flexible,MM,pizza,735,110.25,OLD_SYSTEM_REF
2025-01-02,OUT_025,C_3028,Visit Pack,Fixed,Lapsed,N/A,1434,215.1,OLD_SYSTEM_REF
2025-01-02,OUT_032,C_8976,BOS,Flexible,Lapsed,manchurian,1250,187.5,OLD_SYSTEM_REF
2025-01-02,OUT_034,C_4590,PSP,Flexible,Repeat,N/A,884,132.6,OLD_SYSTEM_REF
2025-01-02,OUT_035,C_7089,BOS,Flexible,UM,manchurian,696,104.39999999999999,OLD_SYSTEM_REF
2025-01-02,OUT_048,C_9837,PSP,Flexible,MM,N/A,1828,274.2,OLD_SYSTEM_REF
2025-01-02,OUT_052,C_3383,Visit Pack,Fixed,Repeat,N/A,1828,274.2,OLD_SYSTEM_REF
2025-01-02,OUT_053,C_8023,BOS,Flexible,Lapsed,manchurian,1362,204.29999999999998,OLD_SYSTEM_REF
2025-01-02,OUT_070,C_1374,PSP,Flexible,MM,N/A,1322,198.29999999999998,OLD_SYSTEM_REF
2025-01-02,OUT_071,C_9352,BOS,Flexible,LM,manchurian,1779,266.84999999999997,OLD_SYSTEM_REF
2025-01-02,OUT_077,C_1489,BOS,Flexible,MM,dosa,1061,159.15,OLD_SYSTEM_REF
2025-01-02,OUT_085,C_8499,BOS,Flexible,MM,dosa,1770,265.5,OLD_SYSTEM_REF
2025-01-02,OUT_098,C_6487,BOS,Flexible,MM,dosa,1806,270.9,OLD_SYSTEM_REF
2025-01-03,OUT_002,C_6774,PSP,Flexible,Lapsed,N/A,512,76.8,OLD_SYSTEM_REF
2025-01-03,OUT_022,C_9413,Visit Pack,Fixed,Repeat,N/A,970,145.5,OLD_SYSTEM_REF
2025-01-03,OUT_024,C_2491,BOS,Flexible,UM,dosa,1469,220.35,OLD_SYSTEM_REF
2025-01-03,OUT_038,C_4350,BOS,Flexible,LM,burger,719,107.85,OLD_SYSTEM_REF
2025-01-03,OUT_043,C_7413,BOS,Flexible,UM,manchurian,1021,153.15,OLD_SYSTEM_REF
2025-01-03,OUT_046,C_5953,Visit Pack,Fixed,Lapsed,N/A,1100,165.0,OLD_SYSTEM_REF
2025-01-03,OUT_050,C_4405,PSP,Flexible,MM,N/A,1248,187.2,OLD_SYSTEM_REF
2025-01-03,OUT_065,C_1380,BOS,Flexible,Lapsed,burger,1075,161.25,OLD_SYSTEM_REF
2025-01-03,OUT_066,C_7796,Visit Pack,Fixed,LM,N/A,806,120.89999999999999,OLD_SYSTEM_REF
2025-01-03,OUT_072,C_6735,PSP,Flexible,Repeat,N/A,759,113.85,OLD_SYSTEM_REF
2025-01-03,OUT_085,C_6334,BOS,Flexible,MM,dosa,1574,236.1,OLD_SYSTEM_REF
2025-01-03,OUT_097,C_9843,BOS,Flexible,Lapsed,burger,563,84.45,OLD_SYSTEM_REF
2025-01-04,OUT_002,C_9324,PSP,Flexible,LM,N/A,1662,249.29999999999998,OLD_SYSTEM_REF
2025-01-04,OUT_007,C_1738,Visit Pack,Fixed,Lapsed,N/A,1610,241.5,OLD_SYSTEM_REF
2025-01-04,OUT_023,C_6827,Visit Pack,Fixed,Repeat,N/A,1872,280.8,OLD_SYSTEM_REF
2025-01-04,OUT_024,C_9264,Visit Pack,Fixed,Repeat,N/A,1718,257.7,OLD_SYSTEM_REF
2025-01-04,OUT_025,C_9944,BOS,Flexible,UM,burger,1765,264.75,OLD_SYSTEM_REF
2025-01-04,OUT_033,C_7592,PSP,Flexible,LM,N/A,1719,257.84999999999997,OLD_SYSTEM_REF
2025-01-04,OUT_041,C_6538,Visit Pack,Fixed,UM,N/A,1691,253.64999999999998,OLD_SYSTEM_REF
2025-01-04,OUT_052,C_1727,BOS,Flexible,UM,pizza,1889,283.34999999999997,OLD_SYSTEM_REF
2025-01-04,OUT_063,C_9447,Visit Pack,Fixed,LM,N/A,1050,157.5,OLD_SYSTEM_REF
2025-01-04,OUT_065,C_3741,Visit Pack,Fixed,Lapsed,N/A,1837,275.55,OLD_SYSTEM_REF
2025-01-04,OUT_068,C_1189,BOS,Flexible,UM,manchurian,1245,186.75,OLD_SYSTEM_REF
2025-01-04,OUT_071,C_6796,PSP,Flexible,Repeat,N/A,1403,210.45,OLD_SYSTEM_REF
2025-01-04,OUT_072,C_2517,BOS,Flexible,LM,dal makhani,1524,228.6,OLD_SYSTEM_REF
2025-01-04,OUT_080,C_7122,PSP,Flexible,UM,N/A,1955,293.25,OLD_SYSTEM_REF
2025-01-04,OUT_090,C_9068,PSP,Flexible,UM,N/A,1353,202.95,OLD_SYSTEM_REF
2025-01-04,OUT_095,C_3669,Visit Pack,Fixed,Lapsed,N/A,1802,270.3,OLD_SYSTEM_REF
2025-01-04,OUT_100,C_2661,BOS,Flexible,Lapsed,dosa,1105,165.75,OLD_SYSTEM_REF
2025-01-05,OUT_002,C_4604,BOS,Flexible,MM,dal makhani,1431,214.65,OLD_SYSTEM_REF
2025-01-05,OUT_004,C_5578,Visit Pack,Fixed,Lapsed,N/A,1742,261.3,OLD_SYSTEM_REF
2025-01-05,OUT_007,C_1677,PSP,Flexible,UM,N/A,1214,182.1,OLD_SYSTEM_REF
2025-01-05,OUT_019,C_2740,PSP,Flexible,UM,N/A,886,132.9,OLD_SYSTEM_REF
2025-01-05,OUT_035,C_2931,Visit Pack,Fixed,Lapsed,N/A,815,122.25,OLD_SYSTEM_REF
2025-01-05,OUT_038,C_2989,Visit Pack,Fixed,MM,N/A,1794,269.09999999999997,OLD_SYSTEM_REF
2025-01-05,OUT_046,C_6851,PSP,Flexible,Lapsed,N/A,1568,235.2,OLD_SYSTEM_REF
2025-01-05,OUT_051,C_3468,PSP,Flexible,MM,N/A,1922,288.3,OLD_SYSTEM_REF
2025-01-05,OUT_052,C_6584,PSP,Flexible,Lapsed,N/A,1684,252.6,OLD_SYSTEM_REF
2025-01-05,OUT_058,C_7339,Visit Pack,Fixed,UM,N/A,1187,178.04999999999998,OLD_SYSTEM_REF
2025-01-05,OUT_065,C_1802,Visit Pack,Fixed,MM,N/A,577,86.55,OLD_SYSTEM_REF
2025-01-05,OUT_067,C_7634,Visit Pack,Fixed,LM,N/A,1701,255.14999999999998,OLD_SYSTEM_REF
2025-01-05,OUT_080,C_4868,Visit Pack,Fixed,LM,N/A,723,108.45,OLD_SYSTEM_REF
2025-01-05,OUT_085,C_1189,PSP,Flexible,Lapsed,N/A,1703,255.45,OLD_SYSTEM_REF
2025-01-05,OUT_092,C_5297,PSP,Flexible,LM,N/A,1726,258.9,OLD_SYSTEM_REF
2025-01-05,OUT_100,C_3320,PSP,Flexible,Lapsed,N/A,1448,217.2,OLD_SYSTEM_REF
2025-01-06,OUT_002,C_1263,Visit Pack,Fixed,LM,N/A,1595,239.25,OLD_SYSTEM_REF
2025-01-06,OUT_008,C_9743,Visit Pack,Fixed,LM,N/A,1864,279.59999999999997,OLD_SYSTEM_REF
2025-01-06,OUT_014,C_7401,Visit Pack,Fixed,LM,N/A,1235,185.25,OLD_SYSTEM_REF
2025-01-06,OUT_018,C_7149,PSP,Flexible,Lapsed,N/A,1613,241.95,OLD_SYSTEM_REF
2025-01-06,OUT_021,C_7347,BOS,Flexible,MM,dosa,1080,162.0,OLD_SYSTEM_REF
2025-01-06,OUT_025,C_7339,PSP,Flexible,MM,N/A,1292,193.79999999999998,OLD_SYSTEM_REF
2025-01-06,OUT_040,C_7200,PSP,Flexible,MM,N/A,1218,182.7,OLD_SYSTEM_REF
2025-01-06,OUT_045,C_9146,PSP,Flexible,MM,N/A,1917,287.55,OLD_SYSTEM_REF
2025-01-06,OUT_048,C_5481,Visit Pack,Fixed,MM,N/A,509,76.35,OLD_SYSTEM_REF
2025-01-06,OUT_054,C_9560,PSP,Flexible,Lapsed,N/A,730,109.5,OLD_SYSTEM_REF
2025-01-06,OUT_057,C_2769,Visit Pack,Fixed,LM,N/A,752,112.8,OLD_SYSTEM_REF
2025-01-06,OUT_059,C_1135,Visit Pack,Fixed,LM,N/A,1002,150.29999999999998,OLD_SYSTEM_REF
2025-01-06,OUT_064,C_9438,Visit Pack,Fixed,LM,N/A,1715,257.25,OLD_SYSTEM_REF
2025-01-06,OUT_071,C_3078,Visit Pack,Fixed,UM,N/A,1113,166.95,OLD_SYSTEM_REF
2025-01-06,OUT_072,C_3406,Visit Pack,Fixed,Lapsed,N/A,748,112.2,OLD_SYSTEM_REF
2025-01-06,OUT_082,C_8954,BOS,Flexible,Lapsed,dosa,1904,285.59999999999997,OLD_SYSTEM_REF
2025-01-06,OUT_086,C_8628,BOS,Flexible,Repeat,dal makhani,947,142.04999999999998,OLD_SYSTEM_REF
2025-01-06,OUT_092,C_7997,Visit Pack,Fixed,Lapsed,N/A,1727,259.05,OLD_SYSTEM_REF
2025-01-06,OUT_093,C_4555,Visit Pack,Fixed,Repeat,N/A,980,147.0,OLD_SYSTEM_REF
2025-01-06,OUT_098,C_1253,Visit Pack,Fixed,UM,N/A,1199,179.85,OLD_SYSTEM_REF
2025-01-07,OUT_001,C_3664,PSP,Flexible,Repeat,N/A,1512,226.79999999999998,OLD_SYSTEM_REF
2025-01-07,OUT_014,C_5923,Visit Pack,Fixed,Lapsed,N/A,564,84.6,OLD_SYSTEM_REF
2025-01-07,OUT_017,C_3442,PSP,Flexible,LM,N/A,1757,263.55,OLD_SYSTEM_REF
2025-01-07,OUT_020,C_4319,PSP,Flexible,LM,N/A,668,100.2,OLD_SYSTEM_REF
2025-01-07,OUT_021,C_9624,PSP,Flexible,Lapsed,N/A,1505,225.75,OLD_SYSTEM_REF
2025-01-07,OUT_032,C_8231,PSP,Flexible,Repeat,N/A,859,128.85,OLD_SYSTEM_REF
2025-01-07,OUT_036,C_9852,Visit Pack,Fixed,Lapsed,N/A,1489,223.35,OLD_SYSTEM_REF
2025-01-07,OUT_043,C_8743,BOS,Flexible,LM,manchurian,899,134.85,OLD_SYSTEM_REF
2025-01-07,OUT_050,C_3232,PSP,Flexible,Repeat,N/A,725,108.75,OLD_SYSTEM_REF
2025-01-07,OUT_051,C_1564,BOS,Flexible,Repeat,manchurian,885,132.75,OLD_SYSTEM_REF
2025-01-07,OUT_059,C_2337,PSP,Flexible,LM,N/A,1188,178.2,OLD_SYSTEM_REF
2025-01-07,OUT_084,C_4375,Visit Pack,Fixed,LM,N/A,1273,190.95,OLD_SYSTEM_REF
2025-01-07,OUT_096,C_9384,PSP,Flexible,Repeat,N/A,1570,235.5,OLD_SYSTEM_REF
2025-01-07,OUT_097,C_3143,BOS,Flexible,UM,burger,1636,245.39999999999998,OLD_SYSTEM_REF
2025-01-08,OUT_005,C_1737,PSP,Flexible,MM,N/A,1900,285.0,OLD_SYSTEM_REF
2025-01-08,OUT_007,C_4753,Visit Pack,Fixed,Lapsed,N/A,1299,194.85,OLD_SYSTEM_REF
2025-01-08,OUT_014,C_9607,PSP,Flexible,MM,N/A,1850,277.5,OLD_SYSTEM_REF
2025-01-08,OUT_027,C_8361,BOS,Flexible,Repeat,manchurian,1816,272.4,OLD_SYSTEM_REF
2025-01-08,OUT_029,C_3533,BOS,Flexible,UM,dosa,1782,267.3,OLD_SYSTEM_REF
2025-01-08,OUT_031,C_9827,BOS,Flexible,MM,manchurian,593,88.95,OLD_SYSTEM_REF
2025-01-08,OUT_032,C_9248,Visit Pack,Fixed,Repeat,N/A,891,133.65,OLD_SYSTEM_REF
2025-01-08,OUT_038,C_4530,PSP,Flexible,Lapsed,N/A,594,89.1,OLD_SYSTEM_REF
2025-01-08,OUT_048,C_7568,PSP,Flexible,Repeat,N/A,1713,256.95,OLD_SYSTEM_REF
2025-01-08,OUT_049,C_9897,PSP,Flexible,LM,N/A,1472,220.79999999999998,OLD_SYSTEM_REF
2025-01-08,OUT_051,C_5134,Visit Pack,Fixed,LM,N/A,1729,259.34999999999997,OLD_SYSTEM_REF
2025-01-08,OUT_058,C_6067,BOS,Flexible,Repeat,dosa,711,106.64999999999999,OLD_SYSTEM_REF
2025-01-08,OUT_060,C_3970,PSP,Flexible,UM,N/A,1287,193.04999999999998,OLD_SYSTEM_REF
2025-01-08,OUT_061,C_4850,PSP,Flexible,Repeat,N/A,1005,150.75,OLD_SYSTEM_REF
2025-01-08,OUT_063,C_1310,BOS,Flexible,LM,burger,1486,222.9,OLD_SYSTEM_REF
2025-01-08,OUT_070,C_6538,PSP,Flexible,Lapsed,N/A,904,135.6,OLD_SYSTEM_REF
2025-01-08,OUT_078,C_5042,BOS,Flexible,Repeat,burger,569,85.35,OLD_SYSTEM_REF
2025-01-08,OUT_080,C_4417,Visit Pack,Fixed,Repeat,N/A,1533,229.95,OLD_SYSTEM_REF
2025-01-08,OUT_081,C_7453,BOS,Flexible,LM,pizza,723,108.45,OLD_SYSTEM_REF
2025-01-08,OUT_083,C_8556,PSP,Flexible,Repeat,N/A,1099,164.85,OLD_SYSTEM_REF
2025-01-08,OUT_092,C_2195,PSP,Flexible,Lapsed,N/A,881,132.15,OLD_SYSTEM_REF
2025-01-08,OUT_096,C_9919,BOS,Flexible,LM,burger,1943,291.45,OLD_SYSTEM_REF
2025-01-08,OUT_097,C_3134,PSP,Flexible,MM,N/A,1123,168.45,OLD_SYSTEM_REF
2025-01-09,OUT_004,C_2228,Visit Pack,Fixed,UM,N/A,1630,244.5,OLD_SYSTEM_REF
2025-01-09,OUT_006,C_9612,PSP,Flexible,UM,N/A,636,95.39999999999999,OLD_SYSTEM_REF
2025-01-09,OUT_008,C_7761,Visit Pack,Fixed,LM,N/A,985,147.75,OLD_SYSTEM_REF
2025-01-09,OUT_010,C_5285,Visit Pack,Fixed,Lapsed,N/A,1422,213.29999999999998,OLD_SYSTEM_REF
2025-01-09,OUT_012,C_9594,BOS,Flexible,Repeat,dal makhani,731,109.64999999999999,OLD_SYSTEM_REF
2025-01-09,OUT_013,C_5097,PSP,Flexible,Repeat,N/A,1796,269.4,OLD_SYSTEM_REF
2025-01-09,OUT_015,C_2467,BOS,Flexible,LM,dosa,688,103.2,OLD_SYSTEM_REF
2025-01-09,OUT_029,C_4173,Visit Pack,Fixed,Repeat,N/A,1389,208.35,OLD_SYSTEM_REF
2025-01-09,OUT_030,C_4665,PSP,Flexible,MM,N/A,513,76.95,OLD_SYSTEM_REF
2025-01-09,OUT_031,C_7339,BOS,Flexible,Lapsed,manchurian,595,89.25,OLD_SYSTEM_REF
2025-01-09,OUT_043,C_8649,PSP,Flexible,UM,N/A,609,91.35,OLD_SYSTEM_REF
2025-01-09,OUT_044,C_6499,BOS,Flexible,LM,dal makhani,1427,214.04999999999998,OLD_SYSTEM_REF
2025-01-09,OUT_046,C_9177,PSP,Flexible,MM,N/A,1515,227.25,OLD_SYSTEM_REF
2025-01-09,OUT_048,C_1075,PSP,Flexible,Lapsed,N/A,1215,182.25,OLD_SYSTEM_REF
2025-01-09,OUT_056,C_6620,BOS,Flexible,Lapsed,dal makhani,632,94.8,OLD_SYSTEM_REF
2025-01-09,OUT_072,C_3463,Visit Pack,Fixed,Repeat,N/A,507,76.05,OLD_SYSTEM_REF
2025-01-09,OUT_099,C_6972,Visit Pack,Fixed,MM,N/A,1764,264.59999999999997,OLD_SYSTEM_REF
2025-01-10,OUT_001,C_1091,BOS,Flexible,Lapsed,dal makhani,778,116.69999999999999,OLD_SYSTEM_REF
2025-01-10,OUT_010,C_6724,PSP,Flexible,LM,N/A,1015,152.25,OLD_SYSTEM_REF
2025-01-10,OUT_015,C_9717,Visit Pack,Fixed,MM,N/A,901,135.15,OLD_SYSTEM_REF
2025-01-10,OUT_016,C_7092,BOS,Flexible,Repeat,dosa,1016,152.4,OLD_SYSTEM_REF
2025-01-10,OUT_018,C_2980,BOS,Flexible,MM,pizza,1363,204.45,OLD_SYSTEM_REF
2025-01-10,OUT_028,C_2431,PSP,Flexible,LM,N/A,1282,192.29999999999998,OLD_SYSTEM_REF
2025-01-10,OUT_029,C_4578,PSP,Flexible,MM,N/A,1224,183.6,OLD_SYSTEM_REF
2025-01-10,OUT_034,C_3312,BOS,Flexible,Repeat,dosa,1576,236.39999999999998,OLD_SYSTEM_REF
2025-01-10,OUT_050,C_3236,Visit Pack,Fixed,Repeat,N/A,1237,185.54999999999998,OLD_SYSTEM_REF
2025-01-10,OUT_051,C_8774,BOS,Flexible,LM,manchurian,1508,226.2,OLD_SYSTEM_REF
2025-01-10,OUT_052,C_3402,BOS,Flexible,UM,pizza,830,124.5,OLD_SYSTEM_REF
2025-01-10,OUT_057,C_1346,Visit Pack,Fixed,MM,N/A,1597,239.54999999999998,OLD_SYSTEM_REF
2025-01-10,OUT_064,C_9482,PSP,Flexible,LM,N/A,876,131.4,OLD_SYSTEM_REF
2025-01-10,OUT_072,C_5318,Visit Pack,Fixed,LM,N/A,824,123.6,OLD_SYSTEM_REF
2025-01-10,OUT_081,C_4005,PSP,Flexible,Repeat,N/A,708,106.2,OLD_SYSTEM_REF
2025-01-10,OUT_082,C_1475,PSP,Flexible,Repeat,N/A,1987,298.05,OLD_SYSTEM_REF
2025-01-10,OUT_099,C_8564,PSP,Flexible,LM,N/A,1515,227.25,OLD_SYSTEM_REF
2025-01-11,OUT_011,C_9274,BOS,Flexible,UM,burger,1525,228.75,OLD_SYSTEM_REF
2025-01-11,OUT_013,C_7626,Visit Pack,Fixed,LM,N/A,1638,245.7,OLD_SYSTEM_REF
2025-01-11,OUT_014,C_8001,Visit Pack,Fixed,LM,N/A,1097,164.54999999999998,OLD_SYSTEM_REF
2025-01-11,OUT_015,C_8455,Visit Pack,Fixed,Lapsed,N/A,1863,279.45,OLD_SYSTEM_REF
2025-01-11,OUT_022,C_4735,Visit Pack,Fixed,LM,N/A,613,91.95,OLD_SYSTEM_REF
2025-01-11,OUT_030,C_5297,PSP,Flexible,Lapsed,N/A,909,136.35,OLD_SYSTEM_REF
2025-01-11,OUT_031,C_9422,Visit Pack,Fixed,UM,N/A,673,100.95,OLD_SYSTEM_REF
2025-01-11,OUT_033,C_9291,PSP,Flexible,MM,N/A,1496,224.4,OLD_SYSTEM_REF
2025-01-11,OUT_039,C_9507,PSP,Flexible,LM,N/A,1787,268.05,OLD_SYSTEM_REF
2025-01-11,OUT_045,C_6168,BOS,Flexible,Lapsed,burger,976,146.4,OLD_SYSTEM_REF
2025-01-11,OUT_047,C_1551,Visit Pack,Fixed,Repeat,N/A,1547,232.04999999999998,OLD_SYSTEM_REF
2025-01-11,OUT_050,C_6607,BOS,Flexible,MM,pizza,1085,162.75,OLD_SYSTEM_REF
2025-01-11,OUT_053,C_6924,BOS,Flexible,MM,manchurian,1570,235.5,OLD_SYSTEM_REF
2025-01-11,OUT_056,C_7589,Visit Pack,Fixed,Repeat,N/A,723,108.45,OLD_SYSTEM_REF
2025-01-11,OUT_057,C_3705,Visit Pack,Fixed,MM,N/A,1442,216.29999999999998,OLD_SYSTEM_REF
2025-01-11,OUT_063,C_2922,BOS,Flexible,LM,burger,1683,252.45,OLD_SYSTEM_REF
2025-01-11,OUT_066,C_8584,Visit Pack,Fixed,MM,N/A,1349,202.35,OLD_SYSTEM_REF
2025-01-11,OUT_068,C_6853,Visit Pack,Fixed,MM,N/A,1768,265.2,OLD_SYSTEM_REF
2025-01-11,OUT_069,C_1071,PSP,Flexible,UM,N/A,1340,201.0,OLD_SYSTEM_REF
2025-01-11,OUT_080,C_3038,BOS,Flexible,UM,manchurian,1388,208.2,OLD_SYSTEM_REF
2025-01-11,OUT_083,C_5871,PSP,Flexible,Lapsed,N/A,627,94.05,OLD_SYSTEM_REF
2025-01-11,OUT_094,C_6398,BOS,Flexible,LM,dosa,1987,298.05,OLD_SYSTEM_REF
2025-01-11,OUT_098,C_8962,Visit Pack,Fixed,MM,N/A,742,111.3,OLD_SYSTEM_REF
2025-01-11,OUT_100,C_3262,BOS,Flexible,Repeat,dosa,899,134.85,OLD_SYSTEM_REF
2025-01-12,OUT_005,C_4025,PSP,Flexible,LM,N/A,784,117.6,OLD_SYSTEM_REF
2025-01-12,OUT_014,C_9409,Visit Pack,Fixed,UM,N/A,868,130.2,OLD_SYSTEM_REF
2025-01-12,OUT_034,C_5720,PSP,Flexible,Repeat,N/A,1053,157.95,OLD_SYSTEM_REF
2025-01-12,OUT_036,C_1438,PSP,Flexible,Repeat,N/A,793,118.94999999999999,OLD_SYSTEM_REF
2025-01-12,OUT_047,C_9319,Visit Pack,Fixed,MM,N/A,1373,205.95,OLD_SYSTEM_REF
2025-01-12,OUT_060,C_9426,Visit Pack,Fixed,Repeat,N/A,1085,162.75,OLD_SYSTEM_REF
2025-01-12,OUT_061,C_5068,PSP,Flexible,Repeat,N/A,1392,208.79999999999998,OLD_SYSTEM_REF
2025-01-12,OUT_064,C_5669,Visit Pack,Fixed,LM,N/A,1076,161.4,OLD_SYSTEM_REF
2025-01-12,OUT_076,C_6585,BOS,Flexible,Repeat,dosa,1419,212.85,OLD_SYSTEM_REF
2025-01-12,OUT_079,C_4620,PSP,Flexible,LM,N/A,876,131.4,OLD_SYSTEM_REF
2025-01-12,OUT_086,C_3030,PSP,Flexible,MM,N/A,1187,178.04999999999998,OLD_SYSTEM_REF
2025-01-12,OUT_092,C_5637,Visit Pack,Fixed,LM,N/A,1728,259.2,OLD_SYSTEM_REF
2025-01-12,OUT_096,C_1809,BOS,Flexible,UM,burger,999,149.85,OLD_SYSTEM_REF
2025-01-13,OUT_007,C_7946,Visit Pack,Fixed,Lapsed,N/A,1569,235.35,OLD_SYSTEM_REF
2025-01-13,OUT_017,C_6834,BOS,Flexible,UM,pizza,1695,254.25,OLD_SYSTEM_REF
2025-01-13,OUT_021,C_1832,PSP,Flexible,LM,N/A,1603,240.45,OLD_SYSTEM_REF
2025-01-13,OUT_028,C_8484,BOS,Flexible,Lapsed,dal makhani,551,82.64999999999999,OLD_SYSTEM_REF
2025-01-13,OUT_032,C_4974,BOS,Flexible,UM,manchurian,588,88.2,OLD_SYSTEM_REF
2025-01-13,OUT_041,C_1547,Visit Pack,Fixed,LM,N/A,1098,164.7,OLD_SYSTEM_REF
2025-01-13,OUT_044,C_2521,Visit Pack,Fixed,UM,N/A,989,148.35,OLD_SYSTEM_REF
2025-01-13,OUT_047,C_5670,PSP,Flexible,UM,N/A,1697,254.54999999999998,OLD_SYSTEM_REF
2025-01-13,OUT_048,C_4110,BOS,Flexible,MM,burger,1237,185.54999999999998,OLD_SYSTEM_REF
2025-01-13,OUT_053,C_4869,Visit Pack,Fixed,Lapsed,N/A,644,96.6,OLD_SYSTEM_REF
2025-01-13,OUT_056,C_2028,BOS,Flexible,Lapsed,dal makhani,928,139.2,OLD_SYSTEM_REF
2025-01-13,OUT_062,C_8418,PSP,Flexible,Repeat,N/A,1169,175.35,OLD_SYSTEM_REF
2025-01-13,OUT_067,C_9907,Visit Pack,Fixed,MM,N/A,1756,263.4,OLD_SYSTEM_REF
2025-01-13,OUT_070,C_7631,Visit Pack,Fixed,Repeat,N/A,915,137.25,OLD_SYSTEM_REF
2025-01-13,OUT_076,C_4180,PSP,Flexible,MM,N/A,1205,180.75,OLD_SYSTEM_REF
2025-01-14,OUT_005,C_5573,BOS,Flexible,UM,dosa,599,89.85,OLD_SYSTEM_REF
2025-01-14,OUT_010,C_7144,BOS,Flexible,LM,pizza,583,87.45,OLD_SYSTEM_REF
2025-01-14,OUT_016,C_9810,Visit Pack,Fixed,MM,N/A,1814,272.09999999999997,OLD_SYSTEM_REF
2025-01-14,OUT_024,C_9038,PSP,Flexible,MM,N/A,1754,263.09999999999997,OLD_SYSTEM_REF
2025-01-14,OUT_025,C_4711,Visit Pack,Fixed,Repeat,N/A,1091,163.65,OLD_SYSTEM_REF
2025-01-14,OUT_032,C_7777,BOS,Flexible,Repeat,manchurian,1914,287.09999999999997,OLD_SYSTEM_REF
2025-01-14,OUT_055,C_6526,PSP,Flexible,UM,N/A,590,88.5,OLD_SYSTEM_REF
2025-01-14,OUT_057,C_8847,PSP,Flexible,Repeat,N/A,785,117.75,OLD_SYSTEM_REF
2025-01-14,OUT_066,C_6818,PSP,Flexible,MM,N/A,1659,248.85,OLD_SYSTEM_REF
2025-01-14,OUT_069,C_5781,Visit Pack,Fixed,MM,N/A,1026,153.9,OLD_SYSTEM_REF
2025-01-14,OUT_070,C_9357,BOS,Flexible,Repeat,dosa,942,141.29999999999998,OLD_SYSTEM_REF
2025-01-14,OUT_073,C_3249,PSP,Flexible,UM,N/A,821,123.14999999999999,OLD_SYSTEM_REF
2025-01-14,OUT_075,C_2518,BOS,Flexible,Lapsed,pizza,1360,204.0,OLD_SYSTEM_REF
2025-01-14,OUT_079,C_7698,PSP,Flexible,LM,N/A,737,110.55,OLD_SYSTEM_REF
2025-01-14,OUT_096,C_1780,PSP,Flexible,LM,N/A,1646,246.89999999999998,OLD_SYSTEM_REF
2025-01-14,OUT_097,C_9977,Visit Pack,Fixed,UM,N/A,738,110.7,OLD_SYSTEM_REF
2025-01-14,OUT_098,C_9280,Visit Pack,Fixed,Lapsed,N/A,1129,169.35,OLD_SYSTEM_REF
2025-01-15,OUT_002,C_3079,Visit Pack,Fixed,Lapsed,N/A,1669,250.35,OLD_SYSTEM_REF
2025-01-15,OUT_003,C_6727,PSP,Flexible,Repeat,N/A,1375,206.25,OLD_SYSTEM_REF
2025-01-15,OUT_011,C_8750,Visit Pack,Fixed,UM,N/A,1162,174.29999999999998,OLD_SYSTEM_REF
2025-01-15,OUT_015,C_5750,Visit Pack,Fixed,MM,N/A,943,141.45,OLD_SYSTEM_REF
2025-01-15,OUT_019,C_8929,Visit Pack,Fixed,Repeat,N/A,1416,212.4,OLD_SYSTEM_REF
2025-01-15,OUT_025,C_3292,Visit Pack,Fixed,UM,N/A,694,104.1,OLD_SYSTEM_REF
2025-01-15,OUT_035,C_5027,PSP,Flexible,UM,N/A,1841,276.15,OLD_SYSTEM_REF
2025-01-15,OUT_039,C_7962,PSP,Flexible,Repeat,N/A,1894,284.09999999999997,OLD_SYSTEM_REF
2025-01-15,OUT_042,C_7581,Visit Pack,Fixed,UM,N/A,1771,265.65,OLD_SYSTEM_REF
2025-01-15,OUT_046,C_5104,Visit Pack,Fixed,Repeat,N/A,823,123.44999999999999,OLD_SYSTEM_REF
2025-01-15,OUT_056,C_6145,BOS,Flexible,UM,dal makhani,1847,277.05,OLD_SYSTEM_REF
2025-01-15,OUT_057,C_8153,PSP,Flexible,Lapsed,N/A,1203,180.45,OLD_SYSTEM_REF
2025-01-15,OUT_060,C_2245,PSP,Flexible,UM,N/A,1886,282.9,OLD_SYSTEM_REF
2025-01-15,OUT_062,C_2496,BOS,Flexible,Repeat,dal makhani,696,104.39999999999999,OLD_SYSTEM_REF
2025-01-15,OUT_066,C_6979,Visit Pack,Fixed,MM,N/A,1622,243.29999999999998,OLD_SYSTEM_REF
2025-01-15,OUT_080,C_5862,PSP,Flexible,MM,N/A,998,149.7,OLD_SYSTEM_REF
2025-01-15,OUT_081,C_9650,Visit Pack,Fixed,MM,N/A,547,82.05,OLD_SYSTEM_REF
2025-01-15,OUT_082,C_3894,PSP,Flexible,Repeat,N/A,1494,224.1,OLD_SYSTEM_REF
2025-01-15,OUT_089,C_3337,Visit Pack,Fixed,UM,N/A,1939,290.84999999999997,OLD_SYSTEM_REF
2025-01-15,OUT_093,C_5993,BOS,Flexible,Lapsed,manchurian,1697,254.54999999999998,OLD_SYSTEM_REF
2025-01-15,OUT_096,C_4626,BOS,Flexible,MM,burger,1998,299.7,OLD_SYSTEM_REF
2025-01-16,OUT_003,C_7034,PSP,Flexible,LM,N/A,1327,199.04999999999998,OLD_SYSTEM_REF
2025-01-16,OUT_004,C_1867,BOS,Flexible,UM,dosa,591,88.64999999999999,OLD_SYSTEM_REF
2025-01-16,OUT_012,C_3403,BOS,Flexible,UM,dal makhani,852,127.8,OLD_SYSTEM_REF
2025-01-16,OUT_014,C_5416,BOS,Flexible,Repeat,dal makhani,1597,239.54999999999998,OLD_SYSTEM_REF
2025-01-16,OUT_015,C_6587,Visit Pack,Fixed,Lapsed,N/A,928,139.2,OLD_SYSTEM_REF
2025-01-16,OUT_016,C_4669,BOS,Flexible,MM,dosa,1976,296.4,OLD_SYSTEM_REF
2025-01-16,OUT_025,C_8281,PSP,Flexible,LM,N/A,1785,267.75,OLD_SYSTEM_REF
2025-01-16,OUT_026,C_2546,BOS,Flexible,Repeat,pizza,1434,215.1,OLD_SYSTEM_REF
2025-01-16,OUT_031,C_2133,BOS,Flexible,UM,manchurian,1069,160.35,OLD_SYSTEM_REF
2025-01-16,OUT_056,C_6473,BOS,Flexible,Lapsed,dal makhani,1379,206.85,OLD_SYSTEM_REF
2025-01-16,OUT_064,C_7421,PSP,Flexible,MM,N/A,1647,247.04999999999998,OLD_SYSTEM_REF
2025-01-16,OUT_069,C_3986,BOS,Flexible,Repeat,manchurian,1007,151.04999999999998,OLD_SYSTEM_REF
2025-01-16,OUT_070,C_3623,BOS,Flexible,Repeat,dosa,1228,184.2,OLD_SYSTEM_REF
2025-01-16,OUT_071,C_7275,Visit Pack,Fixed,UM,N/A,1080,162.0,OLD_SYSTEM_REF
2025-01-16,OUT_072,C_9397,PSP,Flexible,UM,N/A,1209,181.35,OLD_SYSTEM_REF
2025-01-16,OUT_074,C_4609,BOS,Flexible,Repeat,dosa,1988,298.2,OLD_SYSTEM_REF
2025-01-16,OUT_077,C_1057,PSP,Flexible,Lapsed,N/A,1442,216.29999999999998,OLD_SYSTEM_REF
2025-01-16,OUT_078,C_1802,PSP,Flexible,UM,N/A,1927,289.05,OLD_SYSTEM_REF
2025-01-16,OUT_083,C_6647,Visit Pack,Fixed,Lapsed,N/A,1571,235.64999999999998,OLD_SYSTEM_REF
2025-01-16,OUT_088,C_8604,BOS,Flexible,MM,burger,1807,271.05,OLD_SYSTEM_REF
2025-01-16,OUT_092,C_6502,BOS,Flexible,Repeat,pizza,1558,233.7,OLD_SYSTEM_REF
2025-01-17,OUT_005,C_3740,BOS,Flexible,MM,dosa,1198,179.7,OLD_SYSTEM_REF
2025-01-17,OUT_006,C_4353,Visit Pack,Fixed,LM,N/A,1767,265.05,OLD_SYSTEM_REF
2025-01-17,OUT_016,C_1798,Visit Pack,Fixed,Repeat,N/A,1806,270.9,OLD_SYSTEM_REF
2025-01-17,OUT_025,C_2851,Visit Pack,Fixed,Repeat,N/A,1585,237.75,OLD_SYSTEM_REF
2025-01-17,OUT_044,C_1591,Visit Pack,Fixed,UM,N/A,738,110.7,OLD_SYSTEM_REF
2025-01-17,OUT_046,C_5164,PSP,Flexible,Repeat,N/A,1029,154.35,OLD_SYSTEM_REF
2025-01-17,OUT_048,C_9042,PSP,Flexible,UM,N/A,686,102.89999999999999,OLD_SYSTEM_REF
2025-01-17,OUT_055,C_2250,BOS,Flexible,MM,dosa,1197,179.54999999999998,OLD_SYSTEM_REF
2025-01-17,OUT_061,C_8822,BOS,Flexible,LM,dosa,775,116.25,OLD_SYSTEM_REF
2025-01-17,OUT_066,C_5534,Visit Pack,Fixed,Lapsed,N/A,539,80.85,OLD_SYSTEM_REF
2025-01-17,OUT_070,C_3582,BOS,Flexible,Repeat,dosa,1180,177.0,OLD_SYSTEM_REF
2025-01-17,OUT_073,C_7035,BOS,Flexible,UM,pizza,1804,270.59999999999997,OLD_SYSTEM_REF
2025-01-17,OUT_076,C_3251,Visit Pack,Fixed,Lapsed,N/A,1573,235.95,OLD_SYSTEM_REF
2025-01-17,OUT_082,C_5536,Visit Pack,Fixed,Repeat,N/A,650,97.5,OLD_SYSTEM_REF
2025-01-17,OUT_092,C_4339,PSP,Flexible,UM,N/A,995,149.25,OLD_SYSTEM_REF
2025-01-17,OUT_100,C_6413,BOS,Flexible,Repeat,dosa,507,76.05,OLD_SYSTEM_REF
2025-01-18,OUT_003,C_3587,PSP,Flexible,UM,N/A,1286,192.9,OLD_SYSTEM_REF
2025-01-18,OUT_007,C_7113,BOS,Flexible,Repeat,dal makhani,1970,295.5,OLD_SYSTEM_REF
2025-01-18,OUT_010,C_5203,BOS,Flexible,MM,pizza,1235,185.25,OLD_SYSTEM_REF
2025-01-18,OUT_011,C_7667,Visit Pack,Fixed,Lapsed,N/A,1271,190.65,OLD_SYSTEM_REF
2025-01-18,OUT_015,C_9799,BOS,Flexible,LM,dosa,1764,264.59999999999997,OLD_SYSTEM_REF
2025-01-18,OUT_024,C_2105,BOS,Flexible,UM,dosa,897,134.54999999999998,OLD_SYSTEM_REF
2025-01-18,OUT_030,C_3461,PSP,Flexible,UM,N/A,631,94.64999999999999,OLD_SYSTEM_REF
2025-01-18,OUT_032,C_2163,BOS,Flexible,Lapsed,manchurian,852,127.8,OLD_SYSTEM_REF
2025-01-18,OUT_038,C_5020,Visit Pack,Fixed,LM,N/A,1468,220.2,OLD_SYSTEM_REF
2025-01-18,OUT_045,C_9183,PSP,Flexible,UM,N/A,987,148.04999999999998,OLD_SYSTEM_REF
2025-01-18,OUT_049,C_7750,Visit Pack,Fixed,LM,N/A,1509,226.35,OLD_SYSTEM_REF
2025-01-18,OUT_052,C_5946,Visit Pack,Fixed,LM,N/A,793,118.94999999999999,OLD_SYSTEM_REF
2025-01-18,OUT_056,C_3022,Visit Pack,Fixed,MM,N/A,1075,161.25,OLD_SYSTEM_REF
2025-01-18,OUT_061,C_5095,BOS,Flexible,Lapsed,dosa,776,116.39999999999999,OLD_SYSTEM_REF
2025-01-18,OUT_070,C_6579,BOS,Flexible,LM,dosa,1203,180.45,OLD_SYSTEM_REF
2025-01-18,OUT_072,C_1829,BOS,Flexible,Repeat,dal makhani,990,148.5,OLD_SYSTEM_REF
2025-01-18,OUT_073,C_9609,Visit Pack,Fixed,UM,N/A,1166,174.9,OLD_SYSTEM_REF
2025-01-18,OUT_074,C_6856,BOS,Flexible,UM,dosa,1161,174.15,OLD_SYSTEM_REF
2025-01-18,OUT_077,C_2399,BOS,Flexible,MM,dosa,684,102.6,OLD_SYSTEM_REF
2025-01-18,OUT_078,C_3710,Visit Pack,Fixed,LM,N/A,953,142.95,OLD_SYSTEM_REF
2025-01-18,OUT_083,C_6528,BOS,Flexible,Repeat,manchurian,1943,291.45,OLD_SYSTEM_REF
2025-01-18,OUT_089,C_4228,Visit Pack,Fixed,Repeat,N/A,545,81.75,OLD_SYSTEM_REF
2025-01-18,OUT_092,C_6579,BOS,Flexible,Lapsed,pizza,1344,201.6,OLD_SYSTEM_REF
2025-01-18,OUT_094,C_6234,PSP,Flexible,Lapsed,N/A,682,102.3,OLD_SYSTEM_REF
2025-01-18,OUT_095,C_2620,BOS,Flexible,LM,burger,973,145.95,OLD_SYSTEM_REF
2025-01-18,OUT_100,C_3920,PSP,Flexible,MM,N/A,1074,161.1,OLD_SYSTEM_REF
2025-01-19,OUT_001,C_2902,BOS,Flexible,UM,dal makhani,849,127.35,OLD_SYSTEM_REF
2025-01-19,OUT_003,C_5429,BOS,Flexible,Lapsed,manchurian,743,111.45,OLD_SYSTEM_REF
2025-01-19,OUT_004,C_5657,Visit Pack,Fixed,UM,N/A,1878,281.7,OLD_SYSTEM_REF
2025-01-19,OUT_014,C_3520,PSP,Flexible,UM,N/A,1704,255.6,OLD_SYSTEM_REF
2025-01-19,OUT_018,C_5947,PSP,Flexible,UM,N/A,1906,285.9,OLD_SYSTEM_REF
2025-01-19,OUT_019,C_9291,BOS,Flexible,LM,dal makhani,1187,178.04999999999998,OLD_SYSTEM_REF
2025-01-19,OUT_029,C_3041,Visit Pack,Fixed,MM,N/A,1526,228.9,OLD_SYSTEM_REF
2025-01-19,OUT_039,C_4135,PSP,Flexible,MM,N/A,517,77.55,OLD_SYSTEM_REF
2025-01-19,OUT_042,C_2611,Visit Pack,Fixed,MM,N/A,1168,175.2,OLD_SYSTEM_REF
2025-01-19,OUT_043,C_3251,PSP,Flexible,MM,N/A,986,147.9,OLD_SYSTEM_REF
2025-01-19,OUT_044,C_9742,PSP,Flexible,MM,N/A,815,122.25,OLD_SYSTEM_REF
2025-01-19,OUT_047,C_1202,PSP,Flexible,MM,N/A,683,102.45,OLD_SYSTEM_REF
2025-01-19,OUT_048,C_5125,BOS,Flexible,Repeat,burger,588,88.2,OLD_SYSTEM_REF
2025-01-19,OUT_049,C_8808,PSP,Flexible,UM,N/A,914,137.1,OLD_SYSTEM_REF
2025-01-19,OUT_052,C_6130,Visit Pack,Fixed,MM,N/A,1001,150.15,OLD_SYSTEM_REF
2025-01-19,OUT_056,C_7945,BOS,Flexible,Repeat,dal makhani,1262,189.29999999999998,OLD_SYSTEM_REF
2025-01-19,OUT_060,C_4242,Visit Pack,Fixed,Lapsed,N/A,1060,159.0,OLD_SYSTEM_REF
2025-01-19,OUT_073,C_6538,PSP,Flexible,MM,N/A,1396,209.4,OLD_SYSTEM_REF
2025-01-19,OUT_076,C_4582,Visit Pack,Fixed,UM,N/A,1009,151.35,OLD_SYSTEM_REF
2025-01-19,OUT_079,C_9078,BOS,Flexible,MM,burger,585,87.75,OLD_SYSTEM_REF
2025-01-19,OUT_084,C_5740,PSP,Flexible,UM,N/A,952,142.79999999999998,OLD_SYSTEM_REF
2025-01-19,OUT_090,C_4832,PSP,Flexible,Lapsed,N/A,1763,264.45,OLD_SYSTEM_REF
2025-01-19,OUT_096,C_4124,BOS,Flexible,Repeat,burger,1060,159.0,OLD_SYSTEM_REF
2025-01-20,OUT_013,C_7016,BOS,Flexible,Lapsed,dal makhani,652,97.8,OLD_SYSTEM_REF
2025-01-20,OUT_024,C_8688,Visit Pack,Fixed,UM,N/A,1260,189.0,OLD_SYSTEM_REF
2025-01-20,OUT_035,C_8472,PSP,Flexible,Repeat,N/A,1853,277.95,OLD_SYSTEM_REF
2025-01-20,OUT_050,C_6452,PSP,Flexible,LM,N/A,996,149.4,OLD_SYSTEM_REF
2025-01-20,OUT_051,C_1566,Visit Pack,Fixed,LM,N/A,1479,221.85,OLD_SYSTEM_REF
2025-01-20,OUT_054,C_4410,PSP,Flexible,LM,N/A,1330,199.5,OLD_SYSTEM_REF
2025-01-20,OUT_055,C_2630,BOS,Flexible,UM,dosa,768,115.19999999999999,OLD_SYSTEM_REF
2025-01-20,OUT_068,C_9048,Visit Pack,Fixed,MM,N/A,1423,213.45,OLD_SYSTEM_REF
2025-01-20,OUT_071,C_5273,Visit Pack,Fixed,MM,N/A,879,131.85,OLD_SYSTEM_REF
2025-01-20,OUT_078,C_4255,BOS,Flexible,MM,burger,707,106.05,OLD_SYSTEM_REF
2025-01-20,OUT_081,C_2313,BOS,Flexible,Repeat,pizza,768,115.19999999999999,OLD_SYSTEM_REF
2025-01-20,OUT_082,C_4769,BOS,Flexible,LM,dosa,1121,168.15,OLD_SYSTEM_REF
2025-01-20,OUT_090,C_8229,Visit Pack,Fixed,LM,N/A,877,131.54999999999998,OLD_SYSTEM_REF
2025-01-20,OUT_096,C_4372,PSP,Flexible,MM,N/A,985,147.75,OLD_SYSTEM_REF
2025-01-20,OUT_098,C_9766,Visit Pack,Fixed,Lapsed,N/A,1541,231.14999999999998,OLD_SYSTEM_REF
2025-01-21,OUT_001,C_6477,PSP,Flexible,Lapsed,N/A,1428,214.2,OLD_SYSTEM_REF
2025-01-21,OUT_004,C_9725,Visit Pack,Fixed,UM,N/A,1038,155.7,OLD_SYSTEM_REF
2025-01-21,OUT_006,C_7840,BOS,Flexible,LM,dosa,1117,167.54999999999998,OLD_SYSTEM_REF
2025-01-21,OUT_009,C_1729,Visit Pack,Fixed,MM,N/A,1095,164.25,OLD_SYSTEM_REF
2025-01-21,OUT_010,C_5989,Visit Pack,Fixed,UM,N/A,742,111.3,OLD_SYSTEM_REF
2025-01-21,OUT_012,C_8335,Visit Pack,Fixed,UM,N/A,1446,216.9,OLD_SYSTEM_REF
2025-01-21,OUT_013,C_7924,PSP,Flexible,UM,N/A,734,110.1,OLD_SYSTEM_REF
2025-01-21,OUT_019,C_5612,Visit Pack,Fixed,Lapsed,N/A,1228,184.2,OLD_SYSTEM_REF
2025-01-21,OUT_023,C_3103,BOS,Flexible,UM,burger,1518,227.7,OLD_SYSTEM_REF
2025-01-21,OUT_030,C_7739,Visit Pack,Fixed,LM,N/A,1081,162.15,OLD_SYSTEM_REF
2025-01-21,OUT_031,C_1340,Visit Pack,Fixed,LM,N/A,1818,272.7,OLD_SYSTEM_REF
2025-01-21,OUT_033,C_5788,Visit Pack,Fixed,UM,N/A,1062,159.29999999999998,OLD_SYSTEM_REF
2025-01-21,OUT_034,C_6508,Visit Pack,Fixed,LM,N/A,518,77.7,OLD_SYSTEM_REF
2025-01-21,OUT_038,C_8739,BOS,Flexible,MM,burger,1388,208.2,OLD_SYSTEM_REF
2025-01-21,OUT_040,C_6854,Visit Pack,Fixed,Repeat,N/A,527,79.05,OLD_SYSTEM_REF
2025-01-21,OUT_047,C_9139,BOS,Flexible,Lapsed,dal makhani,1695,254.25,OLD_SYSTEM_REF
2025-01-21,OUT_054,C_8870,BOS,Flexible,Repeat,pizza,1089,163.35,OLD_SYSTEM_REF
2025-01-21,OUT_056,C_9798,Visit Pack,Fixed,UM,N/A,652,97.8,OLD_SYSTEM_REF
2025-01-21,OUT_062,C_8807,BOS,Flexible,MM,dal makhani,514,77.1,OLD_SYSTEM_REF
2025-01-21,OUT_063,C_2915,PSP,Flexible,Lapsed,N/A,898,134.7,OLD_SYSTEM_REF
2025-01-21,OUT_069,C_8475,BOS,Flexible,MM,manchurian,625,93.75,OLD_SYSTEM_REF
2025-01-21,OUT_073,C_7598,BOS,Flexible,LM,pizza,1874,281.09999999999997,OLD_SYSTEM_REF
2025-01-21,OUT_075,C_2752,BOS,Flexible,LM,pizza,938,140.7,OLD_SYSTEM_REF
2025-01-21,OUT_081,C_6329,BOS,Flexible,MM,pizza,1729,259.34999999999997,OLD_SYSTEM_REF
2025-01-21,OUT_084,C_6008,PSP,Flexible,Lapsed,N/A,1592,238.79999999999998,OLD_SYSTEM_REF
2025-01-21,OUT_085,C_3993,Visit Pack,Fixed,Repeat,N/A,1833,274.95,OLD_SYSTEM_REF
2025-01-21,OUT_086,C_6180,BOS,Flexible,LM,dal makhani,1550,232.5,OLD_SYSTEM_REF
2025-01-21,OUT_087,C_4733,PSP,Flexible,Lapsed,N/A,1726,258.9,OLD_SYSTEM_REF
2025-01-21,OUT_091,C_8671,Visit Pack,Fixed,UM,N/A,1044,156.6,OLD_SYSTEM_REF
2025-01-21,OUT_093,C_5572,BOS,Flexible,MM,manchurian,1630,244.5,OLD_SYSTEM_REF
2025-01-21,OUT_094,C_6882,PSP,Flexible,LM,N/A,1413,211.95,OLD_SYSTEM_REF
2025-01-22,OUT_012,C_3218,BOS,Flexible,UM,dal makhani,764,114.6,OLD_SYSTEM_REF
2025-01-22,OUT_014,C_8463,Visit Pack,Fixed,MM,N/A,572,85.8,OLD_SYSTEM_REF
2025-01-22,OUT_016,C_1354,PSP,Flexible,Lapsed,N/A,1230,184.5,OLD_SYSTEM_REF
2025-01-22,OUT_019,C_3847,Visit Pack,Fixed,LM,N/A,1575,236.25,OLD_SYSTEM_REF
2025-01-22,OUT_028,C_6089,BOS,Flexible,Lapsed,dal makhani,731,109.64999999999999,OLD_SYSTEM_REF
2025-01-22,OUT_035,C_5925,PSP,Flexible,Repeat,N/A,1378,206.7,OLD_SYSTEM_REF
2025-01-22,OUT_036,C_9988,PSP,Flexible,Repeat,N/A,523,78.45,OLD_SYSTEM_REF
2025-01-22,OUT_038,C_2924,Visit Pack,Fixed,Lapsed,N/A,581,87.14999999999999,OLD_SYSTEM_REF
2025-01-22,OUT_042,C_1770,PSP,Flexible,LM,N/A,1150,172.5,OLD_SYSTEM_REF
2025-01-22,OUT_047,C_7932,PSP,Flexible,Lapsed,N/A,857,128.54999999999998,OLD_SYSTEM_REF
2025-01-22,OUT_054,C_1934,Visit Pack,Fixed,LM,N/A,1817,272.55,OLD_SYSTEM_REF
2025-01-22,OUT_066,C_1365,PSP,Flexible,LM,N/A,1589,238.35,OLD_SYSTEM_REF
2025-01-22,OUT_068,C_4139,BOS,Flexible,UM,manchurian,701,105.14999999999999,OLD_SYSTEM_REF
2025-01-22,OUT_069,C_5725,PSP,Flexible,MM,N/A,1108,166.2,OLD_SYSTEM_REF
2025-01-22,OUT_070,C_5330,Visit Pack,Fixed,LM,N/A,1291,193.65,OLD_SYSTEM_REF
2025-01-22,OUT_073,C_3720,Visit Pack,Fixed,Repeat,N/A,1687,253.04999999999998,OLD_SYSTEM_REF
2025-01-22,OUT_075,C_1931,PSP,Flexible,UM,N/A,669,100.35,OLD_SYSTEM_REF
2025-01-22,OUT_081,C_8684,PSP,Flexible,LM,N/A,501,75.14999999999999,OLD_SYSTEM_REF
2025-01-22,OUT_082,C_6416,BOS,Flexible,MM,dosa,1540,231.0,OLD_SYSTEM_REF
2025-01-22,OUT_088,C_5224,PSP,Flexible,UM,N/A,1323,198.45,OLD_SYSTEM_REF
2025-01-22,OUT_090,C_3252,Visit Pack,Fixed,UM,N/A,1170,175.5,OLD_SYSTEM_REF
2025-01-22,OUT_096,C_6906,Visit Pack,Fixed,MM,N/A,1140,171.0,OLD_SYSTEM_REF
2025-01-22,OUT_097,C_6067,BOS,Flexible,LM,burger,1929,289.34999999999997,OLD_SYSTEM_REF
2025-01-22,OUT_098,C_8171,PSP,Flexible,MM,N/A,867,130.04999999999998,OLD_SYSTEM_REF
2025-01-23,OUT_003,C_2964,PSP,Flexible,UM,N/A,1976,296.4,OLD_SYSTEM_REF
2025-01-23,OUT_005,C_6122,BOS,Flexible,Lapsed,dosa,1650,247.5,OLD_SYSTEM_REF
2025-01-23,OUT_009,C_2397,BOS,Flexible,Lapsed,dal makhani,1742,261.3,OLD_SYSTEM_REF
2025-01-23,OUT_017,C_3084,BOS,Flexible,Lapsed,pizza,1278,191.7,OLD_SYSTEM_REF
2025-01-23,OUT_025,C_3188,Visit Pack,Fixed,MM,N/A,1876,281.4,OLD_SYSTEM_REF
2025-01-23,OUT_030,C_6460,Visit Pack,Fixed,MM,N/A,1260,189.0,OLD_SYSTEM_REF
2025-01-23,OUT_032,C_9123,Visit Pack,Fixed,LM,N/A,666,99.89999999999999,OLD_SYSTEM_REF
2025-01-23,OUT_033,C_9330,PSP,Flexible,UM,N/A,1854,278.09999999999997,OLD_SYSTEM_REF
2025-01-23,OUT_042,C_5595,Visit Pack,Fixed,Repeat,N/A,1920,288.0,OLD_SYSTEM_REF
2025-01-23,OUT_050,C_5625,PSP,Flexible,UM,N/A,882,132.29999999999998,OLD_SYSTEM_REF
2025-01-23,OUT_051,C_7332,Visit Pack,Fixed,Lapsed,N/A,1825,273.75,OLD_SYSTEM_REF
2025-01-23,OUT_054,C_9951,PSP,Flexible,Repeat,N/A,931,139.65,OLD_SYSTEM_REF
2025-01-23,OUT_055,C_8495,BOS,Flexible,LM,dosa,1409,211.35,OLD_SYSTEM_REF
2025-01-23,OUT_068,C_5164,Visit Pack,Fixed,UM,N/A,1300,195.0,OLD_SYSTEM_REF
2025-01-23,OUT_075,C_1990,PSP,Flexible,Lapsed,N/A,730,109.5,OLD_SYSTEM_REF
2025-01-23,OUT_084,C_6907,Visit Pack,Fixed,UM,N/A,1524,228.6,OLD_SYSTEM_REF
2025-01-23,OUT_087,C_1930,PSP,Flexible,MM,N/A,672,100.8,OLD_SYSTEM_REF
2025-01-23,OUT_088,C_4786,Visit Pack,Fixed,Lapsed,N/A,627,94.05,OLD_SYSTEM_REF
2025-01-23,OUT_095,C_6857,BOS,Flexible,MM,burger,1705,255.75,OLD_SYSTEM_REF
2025-01-23,OUT_098,C_5335,PSP,Flexible,Lapsed,N/A,1448,217.2,OLD_SYSTEM_REF
2025-01-24,OUT_009,C_4162,PSP,Flexible,UM,N/A,1943,291.45,OLD_SYSTEM_REF
2025-01-24,OUT_016,C_3174,Visit Pack,Fixed,MM,N/A,1056,158.4,OLD_SYSTEM_REF
2025-01-24,OUT_019,C_4418,Visit Pack,Fixed,Repeat,N/A,1732,259.8,OLD_SYSTEM_REF
2025-01-24,OUT_023,C_5433,PSP,Flexible,UM,N/A,1644,246.6,OLD_SYSTEM_REF
2025-01-24,OUT_026,C_7380,BOS,Flexible,LM,pizza,807,121.05,OLD_SYSTEM_REF
2025-01-24,OUT_028,C_7189,Visit Pack,Fixed,MM,N/A,1914,287.09999999999997,OLD_SYSTEM_REF
2025-01-24,OUT_038,C_5783,BOS,Flexible,LM,burger,1779,266.84999999999997,OLD_SYSTEM_REF
2025-01-24,OUT_040,C_3209,BOS,Flexible,Repeat,manchurian,699,104.85,OLD_SYSTEM_REF
2025-01-24,OUT_045,C_4443,BOS,Flexible,LM,burger,1751,262.65,OLD_SYSTEM_REF
2025-01-24,OUT_053,C_9520,PSP,Flexible,MM,N/A,1757,263.55,OLD_SYSTEM_REF
2025-01-24,OUT_057,C_2961,PSP,Flexible,UM,N/A,730,109.5,OLD_SYSTEM_REF
2025-01-24,OUT_058,C_1023,PSP,Flexible,Repeat,N/A,1962,294.3,OLD_SYSTEM_REF
2025-01-24,OUT_060,C_4173,PSP,Flexible,LM,N/A,1914,287.09999999999997,OLD_SYSTEM_REF
2025-01-24,OUT_076,C_4187,BOS,Flexible,UM,dosa,1390,208.5,OLD_SYSTEM_REF
2025-01-24,OUT_093,C_9473,PSP,Flexible,LM,N/A,1867,280.05,OLD_SYSTEM_REF
2025-01-24,OUT_094,C_8436,Visit Pack,Fixed,LM,N/A,733,109.95,OLD_SYSTEM_REF
2025-01-25,OUT_001,C_8734,Visit Pack,Fixed,MM,N/A,962,144.29999999999998,OLD_SYSTEM_REF
2025-01-25,OUT_002,C_8824,BOS,Flexible,UM,dal makhani,1571,235.64999999999998,OLD_SYSTEM_REF
2025-01-25,OUT_005,C_5575,BOS,Flexible,LM,dosa,1678,251.7,OLD_SYSTEM_REF
2025-01-25,OUT_006,C_6297,BOS,Flexible,Lapsed,dosa,1327,199.04999999999998,OLD_SYSTEM_REF
2025-01-25,OUT_008,C_4435,Visit Pack,Fixed,UM,N/A,732,109.8,OLD_SYSTEM_REF
2025-01-25,OUT_019,C_1225,Visit Pack,Fixed,Lapsed,N/A,1770,265.5,OLD_SYSTEM_REF
2025-01-25,OUT_021,C_1049,PSP,Flexible,Lapsed,N/A,1809,271.34999999999997,OLD_SYSTEM_REF
2025-01-25,OUT_023,C_1193,PSP,Flexible,MM,N/A,588,88.2,OLD_SYSTEM_REF
2025-01-25,OUT_026,C_1393,Visit Pack,Fixed,UM,N/A,1549,232.35,OLD_SYSTEM_REF
2025-01-25,OUT_039,C_1706,PSP,Flexible,LM,N/A,895,134.25,OLD_SYSTEM_REF
2025-01-25,OUT_042,C_7403,Visit Pack,Fixed,Repeat,N/A,791,118.64999999999999,OLD_SYSTEM_REF
2025-01-25,OUT_045,C_9219,Visit Pack,Fixed,Repeat,N/A,811,121.64999999999999,OLD_SYSTEM_REF
2025-01-25,OUT_047,C_5719,Visit Pack,Fixed,MM,N/A,1360,204.0,OLD_SYSTEM_REF
2025-01-25,OUT_048,C_5430,Visit Pack,Fixed,LM,N/A,991,148.65,OLD_SYSTEM_REF
2025-01-25,OUT_053,C_7325,PSP,Flexible,LM,N/A,952,142.79999999999998,OLD_SYSTEM_REF
2025-01-25,OUT_066,C_7872,BOS,Flexible,Lapsed,manchurian,1036,155.4,OLD_SYSTEM_REF
2025-01-25,OUT_076,C_8155,PSP,Flexible,Repeat,N/A,1044,156.6,OLD_SYSTEM_REF
2025-01-25,OUT_080,C_4869,PSP,Flexible,Lapsed,N/A,1769,265.34999999999997,OLD_SYSTEM_REF
2025-01-25,OUT_085,C_5566,Visit Pack,Fixed,Lapsed,N/A,690,103.5,OLD_SYSTEM_REF
2025-01-25,OUT_099,C_8904,Visit Pack,Fixed,Lapsed,N/A,1159,173.85,OLD_SYSTEM_REF
2025-01-26,OUT_006,C_3286,PSP,Flexible,UM,N/A,1975,296.25,OLD_SYSTEM_REF
2025-01-26,OUT_017,C_8926,PSP,Flexible,MM,N/A,1922,288.3,OLD_SYSTEM_REF
2025-01-26,OUT_019,C_1079,Visit Pack,Fixed,UM,N/A,1489,223.35,OLD_SYSTEM_REF
2025-01-26,OUT_027,C_3975,PSP,Flexible,LM,N/A,1110,166.5,OLD_SYSTEM_REF
2025-01-26,OUT_030,C_1013,BOS,Flexible,LM,burger,1275,191.25,OLD_SYSTEM_REF
2025-01-26,OUT_035,C_1505,Visit Pack,Fixed,MM,N/A,1260,189.0,OLD_SYSTEM_REF
2025-01-26,OUT_043,C_6294,BOS,Flexible,Repeat,manchurian,721,108.14999999999999,OLD_SYSTEM_REF
2025-01-26,OUT_056,C_7182,PSP,Flexible,UM,N/A,906,135.9,OLD_SYSTEM_REF
2025-01-26,OUT_064,C_8998,BOS,Flexible,LM,manchurian,1120,168.0,OLD_SYSTEM_REF
2025-01-26,OUT_091,C_9012,Visit Pack,Fixed,Lapsed,N/A,1210,181.5,OLD_SYSTEM_REF
2025-01-26,OUT_094,C_9243,Visit Pack,Fixed,Lapsed,N/A,1845,276.75,OLD_SYSTEM_REF
2025-01-26,OUT_099,C_3638,BOS,Flexible,MM,manchurian,734,110.1,OLD_SYSTEM_REF
2025-01-27,OUT_007,C_1390,BOS,Flexible,UM,dal makhani,1709,256.34999999999997,OLD_SYSTEM_REF
2025-01-27,OUT_013,C_5474,BOS,Flexible,Lapsed,dal makhani,1816,272.4,OLD_SYSTEM_REF
2025-01-27,OUT_030,C_7584,Visit Pack,Fixed,LM,N/A,1552,232.79999999999998,OLD_SYSTEM_REF
2025-01-27,OUT_046,C_6603,BOS,Flexible,MM,pizza,1168,175.2,OLD_SYSTEM_REF
2025-01-27,OUT_051,C_2016,PSP,Flexible,LM,N/A,986,147.9,OLD_SYSTEM_REF
2025-01-27,OUT_055,C_9212,BOS,Flexible,Repeat,dosa,1753,262.95,OLD_SYSTEM_REF
2025-01-27,OUT_060,C_2261,PSP,Flexible,Lapsed,N/A,1680,252.0,OLD_SYSTEM_REF
2025-01-27,OUT_062,C_3788,BOS,Flexible,Lapsed,dal makhani,1353,202.95,OLD_SYSTEM_REF
2025-01-27,OUT_069,C_8847,PSP,Flexible,MM,N/A,1240,186.0,OLD_SYSTEM_REF
2025-01-27,OUT_076,C_1911,Visit Pack,Fixed,MM,N/A,719,107.85,OLD_SYSTEM_REF
2025-01-27,OUT_077,C_4111,BOS,Flexible,Lapsed,dosa,1951,292.65,OLD_SYSTEM_REF
2025-01-27,OUT_082,C_9328,Visit Pack,Fixed,LM,N/A,641,96.14999999999999,OLD_SYSTEM_REF
2025-01-27,OUT_093,C_5529,Visit Pack,Fixed,MM,N/A,662,99.3,OLD_SYSTEM_REF
2025-01-27,OUT_100,C_9949,PSP,Flexible,MM,N/A,1678,251.7,OLD_SYSTEM_REF
2025-01-28,OUT_022,C_7341,BOS,Flexible,UM,pizza,894,134.1,OLD_SYSTEM_REF
2025-01-28,OUT_046,C_1796,PSP,Flexible,UM,N/A,1144,171.6,OLD_SYSTEM_REF
2025-01-28,OUT_048,C_9101,BOS,Flexible,UM,burger,768,115.19999999999999,OLD_SYSTEM_REF
2025-01-28,OUT_050,C_6125,BOS,Flexible,MM,pizza,974,146.1,OLD_SYSTEM_REF
2025-01-28,OUT_052,C_8441,BOS,Flexible,MM,pizza,861,129.15,OLD_SYSTEM_REF
2025-01-28,OUT_053,C_3034,Visit Pack,Fixed,LM,N/A,1116,167.4,OLD_SYSTEM_REF
2025-01-28,OUT_064,C_2537,Visit Pack,Fixed,Repeat,N/A,880,132.0,OLD_SYSTEM_REF
2025-01-28,OUT_071,C_5717,Visit Pack,Fixed,MM,N/A,1294,194.1,OLD_SYSTEM_REF
2025-01-28,OUT_076,C_1237,PSP,Flexible,MM,N/A,626,93.89999999999999,OLD_SYSTEM_REF
2025-01-28,OUT_077,C_6142,PSP,Flexible,LM,N/A,1505,225.75,OLD_SYSTEM_REF
2025-01-28,OUT_084,C_9670,PSP,Flexible,LM,N/A,1244,186.6,OLD_SYSTEM_REF
2025-01-28,OUT_085,C_1807,PSP,Flexible,Repeat,N/A,680,102.0,OLD_SYSTEM_REF
2025-01-28,OUT_087,C_4479,BOS,Flexible,MM,manchurian,1124,168.6,OLD_SYSTEM_REF
2025-01-28,OUT_095,C_1064,PSP,Flexible,LM,N/A,1587,238.04999999999998,OLD_SYSTEM_REF
2025-01-28,OUT_098,C_1197,BOS,Flexible,Repeat,dosa,1310,196.5,OLD_SYSTEM_REF
2025-01-29,OUT_001,C_6382,BOS,Flexible,MM,dal makhani,603,90.45,OLD_SYSTEM_REF
2025-01-29,OUT_003,C_8777,PSP,Flexible,MM,N/A,777,116.55,OLD_SYSTEM_REF
2025-01-29,OUT_014,C_2594,PSP,Flexible,MM,N/A,579,86.85,OLD_SYSTEM_REF
2025-01-29,OUT_017,C_5047,BOS,Flexible,Lapsed,pizza,1361,204.15,OLD_SYSTEM_REF
2025-01-29,OUT_021,C_3936,PSP,Flexible,Repeat,N/A,721,108.14999999999999,OLD_SYSTEM_REF
2025-01-29,OUT_027,C_4646,PSP,Flexible,MM,N/A,1613,241.95,OLD_SYSTEM_REF
2025-01-29,OUT_045,C_2833,PSP,Flexible,Lapsed,N/A,1265,189.75,OLD_SYSTEM_REF
2025-01-29,OUT_046,C_6679,PSP,Flexible,Lapsed,N/A,1485,222.75,OLD_SYSTEM_REF
2025-01-29,OUT_054,C_2467,BOS,Flexible,Repeat,pizza,626,93.89999999999999,OLD_SYSTEM_REF
2025-01-29,OUT_056,C_1550,Visit Pack,Fixed,Repeat,N/A,569,85.35,OLD_SYSTEM_REF
2025-01-29,OUT_060,C_5523,Visit Pack,Fixed,LM,N/A,1072,160.79999999999998,OLD_SYSTEM_REF
2025-01-29,OUT_061,C_4532,PSP,Flexible,Repeat,N/A,527,79.05,OLD_SYSTEM_REF
2025-01-29,OUT_070,C_1122,BOS,Flexible,UM,dosa,1874,281.09999999999997,OLD_SYSTEM_REF
2025-01-29,OUT_072,C_7520,PSP,Flexible,Lapsed,N/A,1490,223.5,OLD_SYSTEM_REF
2025-01-29,OUT_074,C_1769,BOS,Flexible,Lapsed,dosa,1107,166.04999999999998,OLD_SYSTEM_REF
2025-01-29,OUT_080,C_4086,Visit Pack,Fixed,Lapsed,N/A,654,98.1,OLD_SYSTEM_REF
2025-01-29,OUT_083,C_1710,BOS,Flexible,UM,manchurian,1467,220.04999999999998,OLD_SYSTEM_REF
2025-01-29,OUT_100,C_5492,PSP,Flexible,Repeat,N/A,1123,168.45,OLD_SYSTEM_REF
2025-01-30,OUT_012,C_7730,PSP,Flexible,MM,N/A,963,144.45,OLD_SYSTEM_REF
2025-01-30,OUT_018,C_7003,BOS,Flexible,UM,pizza,1345,201.75,OLD_SYSTEM_REF
2025-01-30,OUT_029,C_4746,BOS,Flexible,MM,dosa,961,144.15,OLD_SYSTEM_REF
2025-01-30,OUT_032,C_5457,PSP,Flexible,Lapsed,N/A,1879,281.84999999999997,OLD_SYSTEM_REF
2025-01-30,OUT_034,C_3617,Visit Pack,Fixed,MM,N/A,1967,295.05,OLD_SYSTEM_REF
2025-01-30,OUT_036,C_5351,Visit Pack,Fixed,LM,N/A,727,109.05,OLD_SYSTEM_REF
2025-01-30,OUT_041,C_3137,BOS,Flexible,MM,manchurian,1312,196.79999999999998,OLD_SYSTEM_REF
2025-01-30,OUT_048,C_8731,BOS,Flexible,UM,burger,578,86.7,OLD_SYSTEM_REF
2025-01-30,OUT_052,C_3338,BOS,Flexible,UM,pizza,1445,216.75,OLD_SYSTEM_REF
2025-01-30,OUT_053,C_6926,Visit Pack,Fixed,MM,N/A,1808,271.2,OLD_SYSTEM_REF
2025-01-30,OUT_056,C_3722,Visit Pack,Fixed,Lapsed,N/A,1737,260.55,OLD_SYSTEM_REF
2025-01-30,OUT_058,C_6007,BOS,Flexible,Lapsed,dosa,602,90.3,OLD_SYSTEM_REF
2025-01-30,OUT_060,C_1419,PSP,Flexible,Repeat,N/A,1645,246.75,OLD_SYSTEM_REF
2025-01-30,OUT_065,C_9941,Visit Pack,Fixed,Repeat,N/A,905,135.75,OLD_SYSTEM_REF
2025-01-30,OUT_073,C_9286,PSP,Flexible,MM,N/A,1535,230.25,OLD_SYSTEM_REF
2025-01-30,OUT_082,C_6067,BOS,Flexible,MM,dosa,1291,193.65,OLD_SYSTEM_REF
2025-01-30,OUT_088,C_6495,PSP,Flexible,Lapsed,N/A,1784,267.59999999999997,OLD_SYSTEM_REF
2025-01-30,OUT_089,C_7998,BOS,Flexible,MM,manchurian,1510,226.5,OLD_SYSTEM_REF
2025-01-30,OUT_097,C_3602,PSP,Flexible,Repeat,N/A,1221,183.15,OLD_SYSTEM_REF
2025-01-31,OUT_005,C_5431,Visit Pack,Fixed,Repeat,N/A,1769,265.34999999999997,OLD_SYSTEM_REF
2025-01-31,OUT_006,C_4947,BOS,Flexible,LM,dosa,1902,285.3,OLD_SYSTEM_REF
2025-01-31,OUT_011,C_2640,PSP,Flexible,LM,N/A,1100,165.0,OLD_SYSTEM_REF
2025-01-31,OUT_014,C_7200,Visit Pack,Fixed,Lapsed,N/A,808,121.19999999999999,OLD_SYSTEM_REF
2025-01-31,OUT_024,C_5174,PSP,Flexible,UM,N/A,1862,279.3,OLD_SYSTEM_REF
2025-01-31,OUT_035,C_5910,BOS,Flexible,LM,manchurian,645,96.75,OLD_SYSTEM_REF
2025-01-31,OUT_036,C_9851,BOS,Flexible,MM,dal makhani,860,129.0,OLD_SYSTEM_REF
2025-01-31,OUT_039,C_9920,Visit Pack,Fixed,UM,N/A,922,138.29999999999998,OLD_SYSTEM_REF
2025-01-31,OUT_040,C_4123,BOS,Flexible,LM,manchurian,1119,167.85,OLD_SYSTEM_REF
2025-01-31,OUT_053,C_3584,BOS,Flexible,MM,manchurian,1371,205.65,OLD_SYSTEM_REF
2025-01-31,OUT_055,C_4523,PSP,Flexible,UM,N/A,1320,198.0,OLD_SYSTEM_REF
2025-01-31,OUT_058,C_3511,BOS,Flexible,MM,dosa,1351,202.65,OLD_SYSTEM_REF
2025-01-31,OUT_069,C_3907,BOS,Flexible,UM,manchurian,1627,244.04999999999998,OLD_SYSTEM_REF
2025-01-31,OUT_070,C_4007,Visit Pack,Fixed,MM,N/A,1860,279.0,OLD_SYSTEM_REF
2025-01-31,OUT_071,C_7986,BOS,Flexible,Repeat,manchurian,1189,178.35,OLD_SYSTEM_REF
2025-01-31,OUT_072,C_3997,Visit Pack,Fixed,Lapsed,N/A,567,85.05,OLD_SYSTEM_REF
2025-01-31,OUT_074,C_2600,Visit Pack,Fixed,Repeat,N/A,1599,239.85,OLD_SYSTEM_REF
2025-01-31,OUT_079,C_1093,BOS,Flexible,UM,burger,996,149.4,OLD_SYSTEM_REF
2025-01-31,OUT_083,C_7163,PSP,Flexible,LM,N/A,657,98.55,OLD_SYSTEM_REF
2025-01-31,OUT_087,C_6061,PSP,Flexible,Lapsed,N/A,886,132.9,OLD_SYSTEM_REF
2025-01-31,OUT_093,C_6121,Visit Pack,Fixed,LM,N/A,1551,232.64999999999998,OLD_SYSTEM_REF
2025-01-31,OUT_097,C_1959,BOS,Flexible,Lapsed,burger,1104,165.6,OLD_SYSTEM_REF
2025-01-31,OUT_099,C_9733,Visit Pack,Fixed,MM,N/A,944,141.6,OLD_SYSTEM_REF
2025-02-01,OUT_002,C_4889,BOS,Flexible,Lapsed,dal makhani,1783,267.45,OLD_SYSTEM_REF
2025-02-01,OUT_003,C_4311,BOS,Flexible,LM,manchurian,1567,235.04999999999998,OLD_SYSTEM_REF
2025-02-01,OUT_006,C_3748,Visit Pack,Fixed,UM,N/A,1250,187.5,OLD_SYSTEM_REF
2025-02-01,OUT_009,C_4517,BOS,Flexible,MM,dal makhani,1292,193.79999999999998,OLD_SYSTEM_REF
2025-02-01,OUT_011,C_3274,Visit Pack,Fixed,LM,N/A,588,88.2,OLD_SYSTEM_REF
2025-02-01,OUT_012,C_7297,PSP,Flexible,MM,N/A,1606,240.89999999999998,OLD_SYSTEM_REF
2025-02-01,OUT_015,C_2446,Visit Pack,Fixed,MM,N/A,1091,163.65,OLD_SYSTEM_REF
2025-02-01,OUT_016,C_8656,PSP,Flexible,Lapsed,N/A,1508,226.2,OLD_SYSTEM_REF
2025-02-01,OUT_024,C_2367,BOS,Flexible,Repeat,dosa,817,122.55,OLD_SYSTEM_REF
2025-02-01,OUT_026,C_8672,PSP,Flexible,Lapsed,N/A,669,100.35,OLD_SYSTEM_REF
2025-02-01,OUT_028,C_1115,BOS,Flexible,MM,dal makhani,1602,240.29999999999998,OLD_SYSTEM_REF
2025-02-01,OUT_036,C_1668,Visit Pack,Fixed,Lapsed,N/A,1513,226.95,OLD_SYSTEM_REF
2025-02-01,OUT_038,C_6537,BOS,Flexible,MM,burger,1529,229.35,OLD_SYSTEM_REF
2025-02-01,OUT_040,C_1195,BOS,Flexible,LM,manchurian,568,85.2,OLD_SYSTEM_REF
2025-02-01,OUT_042,C_5604,BOS,Flexible,UM,pizza,1875,281.25,OLD_SYSTEM_REF
2025-02-01,OUT_043,C_1450,PSP,Flexible,Repeat,N/A,1852,277.8,OLD_SYSTEM_REF
2025-02-01,OUT_048,C_7764,PSP,Flexible,Repeat,N/A,1364,204.6,OLD_SYSTEM_REF
2025-02-01,OUT_067,C_3677,PSP,Flexible,Repeat,N/A,540,81.0,OLD_SYSTEM_REF
2025-02-01,OUT_068,C_8253,BOS,Flexible,MM,manchurian,1223,183.45,OLD_SYSTEM_REF
2025-02-01,OUT_070,C_1422,Visit Pack,Fixed,UM,N/A,1299,194.85,OLD_SYSTEM_REF
2025-02-01,OUT_074,C_2474,Visit Pack,Fixed,MM,N/A,1761,264.15,OLD_SYSTEM_REF
2025-02-01,OUT_075,C_5188,Visit Pack,Fixed,UM,N/A,1071,160.65,OLD_SYSTEM_REF
2025-02-01,OUT_077,C_9751,PSP,Flexible,UM,N/A,1014,152.1,OLD_SYSTEM_REF
2025-02-01,OUT_078,C_1647,BOS,Flexible,LM,burger,884,132.6,OLD_SYSTEM_REF
2025-02-01,OUT_079,C_1679,PSP,Flexible,Repeat,N/A,1838,275.7,OLD_SYSTEM_REF
2025-02-01,OUT_081,C_5475,PSP,Flexible,Repeat,N/A,1426,213.9,OLD_SYSTEM_REF
2025-02-01,OUT_093,C_2467,BOS,Flexible,MM,manchurian,840,126.0,OLD_SYSTEM_REF
2025-02-01,OUT_097,C_1413,BOS,Flexible,LM,burger,1256,188.4,OLD_SYSTEM_REF
2025-02-01,OUT_100,C_9886,Visit Pack,Fixed,Lapsed,N/A,1680,252.0,OLD_SYSTEM_REF
2025-02-02,OUT_001,C_3036,Visit Pack,Fixed,UM,N/A,1050,157.5,OLD_SYSTEM_REF
2025-02-02,OUT_011,C_3117,PSP,Flexible,LM,N/A,1735,260.25,OLD_SYSTEM_REF
2025-02-02,OUT_014,C_3511,Visit Pack,Fixed,UM,N/A,1558,233.7,OLD_SYSTEM_REF
2025-02-02,OUT_017,C_8646,PSP,Flexible,UM,N/A,1442,216.29999999999998,OLD_SYSTEM_REF
2025-02-02,OUT_018,C_4369,Visit Pack,Fixed,Lapsed,N/A,1798,269.7,OLD_SYSTEM_REF
2025-02-02,OUT_019,C_6734,BOS,Flexible,MM,dal makhani,1385,207.75,OLD_SYSTEM_REF
2025-02-02,OUT_022,C_3227,PSP,Flexible,LM,N/A,787,118.05,OLD_SYSTEM_REF
2025-02-02,OUT_025,C_3991,PSP,Flexible,Lapsed,N/A,781,117.14999999999999,OLD_SYSTEM_REF
2025-02-02,OUT_036,C_6561,BOS,Flexible,Repeat,dal makhani,884,132.6,OLD_SYSTEM_REF
2025-02-02,OUT_039,C_1491,PSP,Flexible,Lapsed,N/A,996,149.4,OLD_SYSTEM_REF
2025-02-02,OUT_043,C_9659,BOS,Flexible,LM,manchurian,761,114.14999999999999,OLD_SYSTEM_REF
2025-02-02,OUT_047,C_5070,PSP,Flexible,Lapsed,N/A,764,114.6,OLD_SYSTEM_REF
2025-02-02,OUT_060,C_6463,Visit Pack,Fixed,MM,N/A,1845,276.75,OLD_SYSTEM_REF
2025-02-02,OUT_066,C_7734,Visit Pack,Fixed,Repeat,N/A,1974,296.09999999999997,OLD_SYSTEM_REF
2025-02-02,OUT_067,C_1968,PSP,Flexible,UM,N/A,1564,234.6,OLD_SYSTEM_REF
2025-02-02,OUT_070,C_4215,PSP,Flexible,LM,N/A,1917,287.55,OLD_SYSTEM_REF
2025-02-02,OUT_073,C_4469,PSP,Flexible,Repeat,N/A,560,84.0,OLD_SYSTEM_REF
2025-02-02,OUT_074,C_7874,BOS,Flexible,MM,dosa,1075,161.25,OLD_SYSTEM_REF
2025-02-02,OUT_076,C_1526,PSP,Flexible,LM,N/A,1500,225.0,OLD_SYSTEM_REF
2025-02-02,OUT_080,C_6021,BOS,Flexible,MM,manchurian,1657,248.54999999999998,OLD_SYSTEM_REF
2025-02-02,OUT_083,C_2724,Visit Pack,Fixed,Repeat,N/A,1882,282.3,OLD_SYSTEM_REF
2025-02-02,OUT_090,C_9707,Visit Pack,Fixed,LM,N/A,1272,190.79999999999998,OLD_SYSTEM_REF
2025-02-02,OUT_091,C_5919,BOS,Flexible,Repeat,dosa,1422,213.29999999999998,OLD_SYSTEM_REF
2025-02-02,OUT_093,C_2222,PSP,Flexible,MM,N/A,1616,242.39999999999998,OLD_SYSTEM_REF
2025-02-02,OUT_095,C_5474,PSP,Flexible,Repeat,N/A,1186,177.9,OLD_SYSTEM_REF
2025-02-02,OUT_097,C_7347,PSP,Flexible,LM,N/A,1581,237.14999999999998,OLD_SYSTEM_REF
2025-02-02,OUT_098,C_9210,BOS,Flexible,Repeat,dosa,1596,239.39999999999998,OLD_SYSTEM_REF
2025-02-02,OUT_099,C_4347,PSP,Flexible,LM,N/A,1505,225.75,OLD_SYSTEM_REF
2025-02-03,OUT_009,C_2953,PSP,Flexible,LM,N/A,1923,288.45,OLD_SYSTEM_REF
2025-02-03,OUT_012,C_4608,BOS,Flexible,LM,dal makhani,745,111.75,OLD_SYSTEM_REF
2025-02-03,OUT_017,C_3810,PSP,Flexible,LM,N/A,1091,163.65,OLD_SYSTEM_REF
2025-02-03,OUT_019,C_1421,Visit Pack,Fixed,Lapsed,N/A,1180,177.0,OLD_SYSTEM_REF
2025-02-03,OUT_020,C_7627,PSP,Flexible,LM,N/A,1396,209.4,OLD_SYSTEM_REF
2025-02-03,OUT_027,C_1777,Visit Pack,Fixed,UM,N/A,1506,225.9,OLD_SYSTEM_REF
2025-02-03,OUT_030,C_7377,PSP,Flexible,UM,N/A,1531,229.65,OLD_SYSTEM_REF
2025-02-03,OUT_038,C_2046,Visit Pack,Fixed,Lapsed,N/A,1280,192.0,OLD_SYSTEM_REF
2025-02-03,OUT_042,C_1146,PSP,Flexible,Repeat,N/A,1747,262.05,OLD_SYSTEM_REF
2025-02-03,OUT_043,C_8172,PSP,Flexible,UM,N/A,721,108.14999999999999,OLD_SYSTEM_REF
2025-02-03,OUT_045,C_3698,Visit Pack,Fixed,LM,N/A,1358,203.7,OLD_SYSTEM_REF
2025-02-03,OUT_046,C_4129,BOS,Flexible,UM,pizza,1643,246.45,OLD_SYSTEM_REF
2025-02-03,OUT_048,C_1863,PSP,Flexible,MM,N/A,1245,186.75,OLD_SYSTEM_REF
2025-02-03,OUT_058,C_1984,Visit Pack,Fixed,Lapsed,N/A,672,100.8,OLD_SYSTEM_REF
2025-02-03,OUT_060,C_9978,BOS,Flexible,LM,dal makhani,641,96.14999999999999,OLD_SYSTEM_REF
2025-02-03,OUT_061,C_8570,Visit Pack,Fixed,Lapsed,N/A,741,111.14999999999999,OLD_SYSTEM_REF
2025-02-03,OUT_069,C_2105,Visit Pack,Fixed,LM,N/A,1187,178.04999999999998,OLD_SYSTEM_REF
2025-02-03,OUT_070,C_3235,PSP,Flexible,LM,N/A,1787,268.05,OLD_SYSTEM_REF
2025-02-03,OUT_078,C_7032,PSP,Flexible,MM,N/A,776,116.39999999999999,OLD_SYSTEM_REF
2025-02-03,OUT_094,C_9174,PSP,Flexible,Repeat,N/A,611,91.64999999999999,OLD_SYSTEM_REF
2025-02-04,OUT_004,C_4578,PSP,Flexible,Lapsed,N/A,1984,297.59999999999997,OLD_SYSTEM_REF
2025-02-04,OUT_007,C_5599,Visit Pack,Fixed,MM,N/A,1214,182.1,OLD_SYSTEM_REF
2025-02-04,OUT_020,C_7867,BOS,Flexible,MM,pizza,1216,182.4,OLD_SYSTEM_REF
2025-02-04,OUT_027,C_2426,Visit Pack,Fixed,UM,N/A,940,141.0,OLD_SYSTEM_REF
2025-02-04,OUT_028,C_3122,PSP,Flexible,Repeat,N/A,1995,299.25,OLD_SYSTEM_REF
2025-02-04,OUT_029,C_7220,Visit Pack,Fixed,LM,N/A,1755,263.25,OLD_SYSTEM_REF
2025-02-04,OUT_032,C_3140,Visit Pack,Fixed,LM,N/A,1620,243.0,OLD_SYSTEM_REF
2025-02-04,OUT_041,C_5000,PSP,Flexible,Repeat,N/A,556,83.39999999999999,OLD_SYSTEM_REF
2025-02-04,OUT_060,C_3792,Visit Pack,Fixed,MM,N/A,778,116.69999999999999,OLD_SYSTEM_REF
2025-02-04,OUT_068,C_9057,BOS,Flexible,LM,manchurian,606,90.89999999999999,OLD_SYSTEM_REF
2025-02-04,OUT_074,C_8014,PSP,Flexible,LM,N/A,1365,204.75,OLD_SYSTEM_REF
2025-02-04,OUT_083,C_9470,Visit Pack,Fixed,LM,N/A,828,124.19999999999999,OLD_SYSTEM_REF
2025-02-04,OUT_086,C_2469,PSP,Flexible,LM,N/A,1033,154.95,OLD_SYSTEM_REF
2025-02-04,OUT_088,C_5634,Visit Pack,Fixed,MM,N/A,1298,194.7,OLD_SYSTEM_REF
2025-02-04,OUT_095,C_8898,Visit Pack,Fixed,Repeat,N/A,1882,282.3,OLD_SYSTEM_REF
2025-02-05,OUT_003,C_9374,Visit Pack,Fixed,LM,N/A,1666,249.89999999999998,OLD_SYSTEM_REF
2025-02-05,OUT_004,C_5031,PSP,Flexible,MM,N/A,538,80.7,OLD_SYSTEM_REF
2025-02-05,OUT_007,C_9162,BOS,Flexible,Lapsed,dal makhani,1429,214.35,OLD_SYSTEM_REF
2025-02-05,OUT_015,C_9316,Visit Pack,Fixed,UM,N/A,1786,267.9,OLD_SYSTEM_REF
2025-02-05,OUT_022,C_4315,Visit Pack,Fixed,MM,N/A,713,106.95,OLD_SYSTEM_REF
2025-02-05,OUT_023,C_5782,PSP,Flexible,LM,N/A,1778,266.7,OLD_SYSTEM_REF
2025-02-05,OUT_024,C_5937,BOS,Flexible,MM,dosa,932,139.79999999999998,OLD_SYSTEM_REF
2025-02-05,OUT_032,C_9852,PSP,Flexible,UM,N/A,886,132.9,OLD_SYSTEM_REF
2025-02-05,OUT_035,C_4936,BOS,Flexible,Repeat,manchurian,1589,238.35,OLD_SYSTEM_REF
2025-02-05,OUT_059,C_3289,Visit Pack,Fixed,Repeat,N/A,1725,258.75,OLD_SYSTEM_REF
2025-02-05,OUT_064,C_3216,BOS,Flexible,MM,manchurian,1237,185.54999999999998,OLD_SYSTEM_REF
2025-02-05,OUT_066,C_4371,Visit Pack,Fixed,LM,N/A,931,139.65,OLD_SYSTEM_REF
2025-02-05,OUT_073,C_3347,Visit Pack,Fixed,Repeat,N/A,1246,186.9,OLD_SYSTEM_REF
2025-02-05,OUT_080,C_3020,BOS,Flexible,LM,manchurian,744,111.6,OLD_SYSTEM_REF
2025-02-05,OUT_084,C_5680,PSP,Flexible,Lapsed,N/A,1043,156.45,OLD_SYSTEM_REF
2025-02-05,OUT_088,C_8431,BOS,Flexible,MM,burger,587,88.05,OLD_SYSTEM_REF
2025-02-05,OUT_089,C_5618,BOS,Flexible,UM,manchurian,729,109.35,OLD_SYSTEM_REF
2025-02-05,OUT_093,C_1550,Visit Pack,Fixed,MM,N/A,1495,224.25,OLD_SYSTEM_REF
2025-02-05,OUT_100,C_9948,PSP,Flexible,MM,N/A,1894,284.09999999999997,OLD_SYSTEM_REF
2025-02-06,OUT_005,C_5917,BOS,Flexible,Lapsed,dosa,1450,217.5,OLD_SYSTEM_REF
2025-02-06,OUT_007,C_6469,BOS,Flexible,Lapsed,dal makhani,579,86.85,OLD_SYSTEM_REF
2025-02-06,OUT_018,C_1096,BOS,Flexible,UM,pizza,1641,246.14999999999998,OLD_SYSTEM_REF
2025-02-06,OUT_021,C_9623,Visit Pack,Fixed,Repeat,N/A,635,95.25,OLD_SYSTEM_REF
2025-02-06,OUT_032,C_5935,BOS,Flexible,Repeat,manchurian,562,84.3,OLD_SYSTEM_REF
2025-02-06,OUT_034,C_4743,BOS,Flexible,Repeat,dosa,717,107.55,OLD_SYSTEM_REF
2025-02-06,OUT_042,C_6072,BOS,Flexible,UM,pizza,1529,229.35,OLD_SYSTEM_REF
2025-02-06,OUT_045,C_9114,BOS,Flexible,MM,burger,1444,216.6,OLD_SYSTEM_REF
2025-02-06,OUT_048,C_2734,Visit Pack,Fixed,Repeat,N/A,1107,166.04999999999998,OLD_SYSTEM_REF
2025-02-06,OUT_049,C_5883,BOS,Flexible,UM,dal makhani,670,100.5,OLD_SYSTEM_REF
2025-02-06,OUT_052,C_2438,BOS,Flexible,Repeat,pizza,1368,205.2,OLD_SYSTEM_REF
2025-02-06,OUT_056,C_5728,PSP,Flexible,MM,N/A,1831,274.65,OLD_SYSTEM_REF
2025-02-06,OUT_061,C_7547,BOS,Flexible,Repeat,dosa,1562,234.29999999999998,OLD_SYSTEM_REF
2025-02-06,OUT_073,C_6976,PSP,Flexible,Repeat,N/A,1929,289.34999999999997,OLD_SYSTEM_REF
2025-02-06,OUT_075,C_7792,PSP,Flexible,Lapsed,N/A,1830,274.5,OLD_SYSTEM_REF
2025-02-06,OUT_084,C_7070,BOS,Flexible,LM,dal makhani,1009,151.35,OLD_SYSTEM_REF
2025-02-06,OUT_085,C_2909,PSP,Flexible,UM,N/A,1021,153.15,OLD_SYSTEM_REF
2025-02-06,OUT_089,C_5272,Visit Pack,Fixed,LM,N/A,1821,273.15,OLD_SYSTEM_REF
2025-02-06,OUT_094,C_2335,Visit Pack,Fixed,MM,N/A,1491,223.65,OLD_SYSTEM_REF
2025-02-07,OUT_011,C_4677,PSP,Flexible,UM,N/A,1507,226.04999999999998,OLD_SYSTEM_REF
2025-02-07,OUT_014,C_4356,BOS,Flexible,Repeat,dal makhani,1439,215.85,OLD_SYSTEM_REF
2025-02-07,OUT_017,C_2287,PSP,Flexible,Repeat,N/A,849,127.35,OLD_SYSTEM_REF
2025-02-07,OUT_021,C_7641,PSP,Flexible,Lapsed,N/A,928,139.2,OLD_SYSTEM_REF
2025-02-07,OUT_024,C_4339,PSP,Flexible,UM,N/A,1101,165.15,OLD_SYSTEM_REF
2025-02-07,OUT_026,C_7967,BOS,Flexible,MM,pizza,1016,152.4,OLD_SYSTEM_REF
2025-02-07,OUT_029,C_6944,BOS,Flexible,LM,dosa,1630,244.5,OLD_SYSTEM_REF
2025-02-07,OUT_033,C_1197,Visit Pack,Fixed,Repeat,N/A,674,101.1,OLD_SYSTEM_REF
2025-02-07,OUT_034,C_8707,PSP,Flexible,MM,N/A,1252,187.79999999999998,OLD_SYSTEM_REF
2025-02-07,OUT_040,C_9533,BOS,Flexible,LM,manchurian,1790,268.5,OLD_SYSTEM_REF
2025-02-07,OUT_042,C_1137,PSP,Flexible,UM,N/A,1586,237.89999999999998,OLD_SYSTEM_REF
2025-02-07,OUT_046,C_6055,Visit Pack,Fixed,Lapsed,N/A,1975,296.25,OLD_SYSTEM_REF
2025-02-07,OUT_047,C_5990,PSP,Flexible,Repeat,N/A,605,90.75,OLD_SYSTEM_REF
2025-02-07,OUT_050,C_4756,BOS,Flexible,LM,pizza,1535,230.25,OLD_SYSTEM_REF
2025-02-07,OUT_052,C_9435,BOS,Flexible,MM,pizza,858,128.7,OLD_SYSTEM_REF
2025-02-07,OUT_053,C_9848,Visit Pack,Fixed,UM,N/A,1835,275.25,OLD_SYSTEM_REF
2025-02-07,OUT_064,C_2049,BOS,Flexible,UM,manchurian,1080,162.0,OLD_SYSTEM_REF
2025-02-07,OUT_065,C_9233,Visit Pack,Fixed,UM,N/A,1876,281.4,OLD_SYSTEM_REF
2025-02-07,OUT_068,C_7411,Visit Pack,Fixed,Repeat,N/A,1485,222.75,OLD_SYSTEM_REF
2025-02-07,OUT_074,C_5034,Visit Pack,Fixed,MM,N/A,581,87.14999999999999,OLD_SYSTEM_REF
2025-02-07,OUT_079,C_9050,Visit Pack,Fixed,Lapsed,N/A,1076,161.4,OLD_SYSTEM_REF
2025-02-07,OUT_080,C_5556,Visit Pack,Fixed,UM,N/A,1090,163.5,OLD_SYSTEM_REF
2025-02-07,OUT_085,C_2763,BOS,Flexible,MM,dosa,1711,256.65,OLD_SYSTEM_REF
2025-02-07,OUT_086,C_6618,PSP,Flexible,MM,N/A,1267,190.04999999999998,OLD_SYSTEM_REF
2025-02-07,OUT_097,C_9213,PSP,Flexible,Repeat,N/A,1011,151.65,OLD_SYSTEM_REF
2025-02-07,OUT_100,C_7521,BOS,Flexible,LM,dosa,1446,216.9,OLD_SYSTEM_REF
2025-02-08,OUT_001,C_5785,BOS,Flexible,Lapsed,dal makhani,815,122.25,OLD_SYSTEM_REF
2025-02-08,OUT_004,C_9279,BOS,Flexible,MM,dosa,705,105.75,OLD_SYSTEM_REF
2025-02-08,OUT_009,C_5530,Visit Pack,Fixed,Lapsed,N/A,1618,242.7,OLD_SYSTEM_REF
2025-02-08,OUT_013,C_2390,PSP,Flexible,Repeat,N/A,1569,235.35,OLD_SYSTEM_REF
2025-02-08,OUT_017,C_3193,Visit Pack,Fixed,Repeat,N/A,1365,204.75,OLD_SYSTEM_REF
2025-02-08,OUT_018,C_6370,BOS,Flexible,LM,pizza,1833,274.95,OLD_SYSTEM_REF
2025-02-08,OUT_028,C_5194,BOS,Flexible,LM,dal makhani,665,99.75,OLD_SYSTEM_REF
2025-02-08,OUT_033,C_9885,Visit Pack,Fixed,Lapsed,N/A,1940,291.0,OLD_SYSTEM_REF
2025-02-08,OUT_042,C_6679,PSP,Flexible,Repeat,N/A,653,97.95,OLD_SYSTEM_REF
2025-02-08,OUT_045,C_6973,Visit Pack,Fixed,Lapsed,N/A,1510,226.5,OLD_SYSTEM_REF
2025-02-08,OUT_048,C_5665,Visit Pack,Fixed,UM,N/A,1556,233.39999999999998,OLD_SYSTEM_REF
2025-02-08,OUT_049,C_1502,PSP,Flexible,Repeat,N/A,1560,234.0,OLD_SYSTEM_REF
2025-02-08,OUT_054,C_9072,BOS,Flexible,Lapsed,pizza,1236,185.4,OLD_SYSTEM_REF
2025-02-08,OUT_055,C_3225,PSP,Flexible,UM,N/A,837,125.55,OLD_SYSTEM_REF
2025-02-08,OUT_057,C_4517,Visit Pack,Fixed,Lapsed,N/A,671,100.64999999999999,OLD_SYSTEM_REF
2025-02-08,OUT_059,C_3587,Visit Pack,Fixed,UM,N/A,1953,292.95,OLD_SYSTEM_REF
2025-02-08,OUT_066,C_4266,Visit Pack,Fixed,Repeat,N/A,1078,161.7,OLD_SYSTEM_REF
2025-02-08,OUT_073,C_2648,BOS,Flexible,Lapsed,pizza,1759,263.84999999999997,OLD_SYSTEM_REF
2025-02-08,OUT_075,C_6340,PSP,Flexible,Repeat,N/A,1647,247.04999999999998,OLD_SYSTEM_REF
2025-02-08,OUT_081,C_7407,PSP,Flexible,Repeat,N/A,1748,262.2,OLD_SYSTEM_REF
2025-02-08,OUT_086,C_6598,BOS,Flexible,LM,dal makhani,530,79.5,OLD_SYSTEM_REF
2025-02-08,OUT_093,C_9478,PSP,Flexible,Lapsed,N/A,960,144.0,OLD_SYSTEM_REF
2025-02-08,OUT_095,C_6415,Visit Pack,Fixed,MM,N/A,1345,201.75,OLD_SYSTEM_REF
2025-02-08,OUT_097,C_3885,BOS,Flexible,Repeat,burger,1535,230.25,OLD_SYSTEM_REF
2025-02-09,OUT_015,C_1910,Visit Pack,Fixed,UM,N/A,1803,270.45,OLD_SYSTEM_REF
2025-02-09,OUT_030,C_5526,BOS,Flexible,UM,burger,577,86.55,OLD_SYSTEM_REF
2025-02-09,OUT_037,C_1217,Visit Pack,Fixed,LM,N/A,744,111.6,OLD_SYSTEM_REF
2025-02-09,OUT_043,C_2110,BOS,Flexible,UM,manchurian,1837,275.55,OLD_SYSTEM_REF
2025-02-09,OUT_044,C_1685,BOS,Flexible,MM,dal makhani,1455,218.25,OLD_SYSTEM_REF
2025-02-09,OUT_048,C_3720,PSP,Flexible,Lapsed,N/A,1516,227.4,OLD_SYSTEM_REF
2025-02-09,OUT_055,C_4739,BOS,Flexible,MM,dosa,1403,210.45,OLD_SYSTEM_REF
2025-02-09,OUT_062,C_7344,BOS,Flexible,MM,dal makhani,1172,175.79999999999998,OLD_SYSTEM_REF
2025-02-09,OUT_071,C_8706,Visit Pack,Fixed,Lapsed,N/A,846,126.89999999999999,OLD_SYSTEM_REF
2025-02-09,OUT_076,C_2637,BOS,Flexible,Lapsed,dosa,1202,180.29999999999998,OLD_SYSTEM_REF
2025-02-09,OUT_077,C_3639,Visit Pack,Fixed,Lapsed,N/A,1331,199.65,OLD_SYSTEM_REF
2025-02-09,OUT_083,C_4970,PSP,Flexible,Lapsed,N/A,1280,192.0,OLD_SYSTEM_REF
2025-02-09,OUT_084,C_8731,Visit Pack,Fixed,UM,N/A,1155,173.25,OLD_SYSTEM_REF
2025-02-09,OUT_087,C_2920,PSP,Flexible,MM,N/A,1231,184.65,OLD_SYSTEM_REF
2025-02-09,OUT_090,C_9345,PSP,Flexible,Repeat,N/A,1378,206.7,OLD_SYSTEM_REF
2025-02-09,OUT_091,C_8357,PSP,Flexible,Repeat,N/A,1130,169.5,OLD_SYSTEM_REF
2025-02-10,OUT_002,C_9694,Visit Pack,Fixed,Repeat,N/A,1373,205.95,OLD_SYSTEM_REF
2025-02-10,OUT_005,C_4042,BOS,Flexible,MM,dosa,823,123.44999999999999,OLD_SYSTEM_REF
2025-02-10,OUT_007,C_1212,PSP,Flexible,Repeat,N/A,1052,157.79999999999998,OLD_SYSTEM_REF
2025-02-10,OUT_010,C_3781,BOS,Flexible,LM,pizza,1283,192.45,OLD_SYSTEM_REF
2025-02-10,OUT_017,C_5617,PSP,Flexible,Lapsed,N/A,794,119.1,OLD_SYSTEM_REF
2025-02-10,OUT_026,C_5922,PSP,Flexible,LM,N/A,1744,261.59999999999997,OLD_SYSTEM_REF
2025-02-10,OUT_030,C_3285,PSP,Flexible,Repeat,N/A,1970,295.5,OLD_SYSTEM_REF
2025-02-10,OUT_034,C_9529,Visit Pack,Fixed,LM,N/A,694,104.1,OLD_SYSTEM_REF
2025-02-10,OUT_037,C_6155,Visit Pack,Fixed,Repeat,N/A,1930,289.5,OLD_SYSTEM_REF
2025-02-10,OUT_042,C_8009,PSP,Flexible,LM,N/A,1322,198.29999999999998,OLD_SYSTEM_REF
2025-02-10,OUT_045,C_1987,PSP,Flexible,Repeat,N/A,1018,152.7,OLD_SYSTEM_REF
2025-02-10,OUT_053,C_4659,BOS,Flexible,LM,manchurian,1714,257.09999999999997,OLD_SYSTEM_REF
2025-02-10,OUT_056,C_6243,PSP,Flexible,Lapsed,N/A,1783,267.45,OLD_SYSTEM_REF
2025-02-10,OUT_058,C_5902,BOS,Flexible,LM,dosa,666,99.89999999999999,OLD_SYSTEM_REF
2025-02-10,OUT_067,C_8406,PSP,Flexible,UM,N/A,1613,241.95,OLD_SYSTEM_REF
2025-02-10,OUT_075,C_9772,Visit Pack,Fixed,Lapsed,N/A,1979,296.84999999999997,OLD_SYSTEM_REF
2025-02-10,OUT_076,C_4318,BOS,Flexible,MM,dosa,1982,297.3,OLD_SYSTEM_REF
2025-02-10,OUT_086,C_9376,BOS,Flexible,Repeat,dal makhani,1337,200.54999999999998,OLD_SYSTEM_REF
2025-02-10,OUT_092,C_8690,Visit Pack,Fixed,UM,N/A,1879,281.84999999999997,OLD_SYSTEM_REF
2025-02-10,OUT_100,C_2572,BOS,Flexible,Lapsed,dosa,744,111.6,OLD_SYSTEM_REF
2025-02-11,OUT_002,C_3539,Visit Pack,Fixed,MM,N/A,739,110.85,OLD_SYSTEM_REF
2025-02-11,OUT_005,C_3878,BOS,Flexible,MM,dosa,1187,178.04999999999998,OLD_SYSTEM_REF
2025-02-11,OUT_006,C_1015,BOS,Flexible,Repeat,dosa,1754,263.09999999999997,OLD_SYSTEM_REF
2025-02-11,OUT_007,C_5107,Visit Pack,Fixed,UM,N/A,1387,208.04999999999998,OLD_SYSTEM_REF
2025-02-11,OUT_018,C_1838,Visit Pack,Fixed,MM,N/A,824,123.6,OLD_SYSTEM_REF
2025-02-11,OUT_025,C_5960,BOS,Flexible,Lapsed,burger,1974,296.09999999999997,OLD_SYSTEM_REF
2025-02-11,OUT_026,C_9956,PSP,Flexible,Repeat,N/A,1481,222.15,OLD_SYSTEM_REF
2025-02-11,OUT_028,C_8154,BOS,Flexible,MM,dal makhani,1902,285.3,OLD_SYSTEM_REF
2025-02-11,OUT_029,C_7007,Visit Pack,Fixed,UM,N/A,1963,294.45,OLD_SYSTEM_REF
2025-02-11,OUT_031,C_7681,BOS,Flexible,Lapsed,manchurian,1017,152.54999999999998,OLD_SYSTEM_REF
2025-02-11,OUT_045,C_5742,BOS,Flexible,Repeat,burger,1101,165.15,OLD_SYSTEM_REF
2025-02-11,OUT_054,C_3583,PSP,Flexible,Repeat,N/A,1297,194.54999999999998,OLD_SYSTEM_REF
2025-02-11,OUT_056,C_4860,Visit Pack,Fixed,MM,N/A,1021,153.15,OLD_SYSTEM_REF
2025-02-11,OUT_065,C_8096,Visit Pack,Fixed,MM,N/A,1040,156.0,OLD_SYSTEM_REF
2025-02-11,OUT_070,C_2000,Visit Pack,Fixed,UM,N/A,967,145.04999999999998,OLD_SYSTEM_REF
2025-02-11,OUT_074,C_9587,Visit Pack,Fixed,LM,N/A,1719,257.84999999999997,OLD_SYSTEM_REF
2025-02-11,OUT_077,C_9739,Visit Pack,Fixed,LM,N/A,1758,263.7,OLD_SYSTEM_REF
2025-02-11,OUT_082,C_6767,BOS,Flexible,UM,dosa,1730,259.5,OLD_SYSTEM_REF
2025-02-11,OUT_084,C_9379,Visit Pack,Fixed,LM,N/A,1654,248.1,OLD_SYSTEM_REF
2025-02-11,OUT_086,C_7792,PSP,Flexible,UM,N/A,1511,226.65,OLD_SYSTEM_REF
2025-02-11,OUT_089,C_1100,PSP,Flexible,LM,N/A,1663,249.45,OLD_SYSTEM_REF
2025-02-11,OUT_091,C_8244,Visit Pack,Fixed,LM,N/A,1668,250.2,OLD_SYSTEM_REF
2025-02-11,OUT_096,C_7221,BOS,Flexible,MM,burger,863,129.45,OLD_SYSTEM_REF
2025-02-12,OUT_010,C_5486,Visit Pack,Fixed,MM,N/A,1396,209.4,OLD_SYSTEM_REF
2025-02-12,OUT_017,C_2108,Visit Pack,Fixed,UM,N/A,1253,187.95,OLD_SYSTEM_REF
2025-02-12,OUT_022,C_1418,BOS,Flexible,LM,pizza,1545,231.75,OLD_SYSTEM_REF
2025-02-12,OUT_027,C_6567,BOS,Flexible,MM,manchurian,824,123.6,OLD_SYSTEM_REF
2025-02-12,OUT_032,C_6190,PSP,Flexible,LM,N/A,1487,223.04999999999998,OLD_SYSTEM_REF
2025-02-12,OUT_035,C_3717,BOS,Flexible,LM,manchurian,1969,295.34999999999997,OLD_SYSTEM_REF
2025-02-12,OUT_038,C_9317,Visit Pack,Fixed,Lapsed,N/A,1165,174.75,OLD_SYSTEM_REF
2025-02-12,OUT_039,C_3965,BOS,Flexible,UM,dal makhani,1847,277.05,OLD_SYSTEM_REF
2025-02-12,OUT_043,C_7430,PSP,Flexible,Lapsed,N/A,1570,235.5,OLD_SYSTEM_REF
2025-02-12,OUT_044,C_7833,Visit Pack,Fixed,Lapsed,N/A,1181,177.15,OLD_SYSTEM_REF
2025-02-12,OUT_047,C_1934,PSP,Flexible,Repeat,N/A,1764,264.59999999999997,OLD_SYSTEM_REF
2025-02-12,OUT_050,C_2038,BOS,Flexible,MM,pizza,1428,214.2,OLD_SYSTEM_REF
2025-02-12,OUT_053,C_3765,BOS,Flexible,LM,manchurian,1768,265.2,OLD_SYSTEM_REF
2025-02-12,OUT_054,C_8968,Visit Pack,Fixed,LM,N/A,1633,244.95,OLD_SYSTEM_REF
2025-02-12,OUT_076,C_9564,Visit Pack,Fixed,Repeat,N/A,1629,244.35,OLD_SYSTEM_REF
2025-02-12,OUT_082,C_1766,BOS,Flexible,Lapsed,dosa,1129,169.35,OLD_SYSTEM_REF
2025-02-12,OUT_084,C_5462,Visit Pack,Fixed,Lapsed,N/A,1631,244.64999999999998,OLD_SYSTEM_REF
2025-02-12,OUT_088,C_2931,PSP,Flexible,Lapsed,N/A,764,114.6,OLD_SYSTEM_REF
2025-02-12,OUT_089,C_8645,Visit Pack,Fixed,Repeat,N/A,1531,229.65,OLD_SYSTEM_REF
2025-02-12,OUT_090,C_1851,Visit Pack,Fixed,Repeat,N/A,1345,201.75,OLD_SYSTEM_REF
2025-02-12,OUT_095,C_8727,Visit Pack,Fixed,UM,N/A,1412,211.79999999999998,OLD_SYSTEM_REF
2025-02-12,OUT_099,C_5197,BOS,Flexible,LM,manchurian,1535,230.25,OLD_SYSTEM_REF
2025-02-13,OUT_013,C_4590,Visit Pack,Fixed,Repeat,N/A,1513,226.95,OLD_SYSTEM_REF
2025-02-13,OUT_015,C_8699,PSP,Flexible,LM,N/A,1599,239.85,OLD_SYSTEM_REF
2025-02-13,OUT_016,C_2730,Visit Pack,Fixed,Lapsed,N/A,628,94.2,OLD_SYSTEM_REF
2025-02-13,OUT_017,C_9466,PSP,Flexible,Lapsed,N/A,1017,152.54999999999998,OLD_SYSTEM_REF
2025-02-13,OUT_029,C_3240,Visit Pack,Fixed,Repeat,N/A,1315,197.25,OLD_SYSTEM_REF
2025-02-13,OUT_034,C_7860,PSP,Flexible,Lapsed,N/A,859,128.85,OLD_SYSTEM_REF
2025-02-13,OUT_037,C_2616,BOS,Flexible,Repeat,dal makhani,550,82.5,OLD_SYSTEM_REF
2025-02-13,OUT_038,C_9572,PSP,Flexible,UM,N/A,836,125.39999999999999,OLD_SYSTEM_REF
2025-02-13,OUT_040,C_2098,BOS,Flexible,MM,manchurian,1941,291.15,OLD_SYSTEM_REF
2025-02-13,OUT_044,C_4768,BOS,Flexible,Lapsed,dal makhani,1814,272.09999999999997,OLD_SYSTEM_REF
2025-02-13,OUT_057,C_8667,BOS,Flexible,MM,dal makhani,1689,253.35,OLD_SYSTEM_REF
2025-02-13,OUT_060,C_9009,PSP,Flexible,LM,N/A,1084,162.6,OLD_SYSTEM_REF
2025-02-13,OUT_082,C_4286,Visit Pack,Fixed,LM,N/A,779,116.85,OLD_SYSTEM_REF
2025-02-13,OUT_083,C_4368,PSP,Flexible,Repeat,N/A,895,134.25,OLD_SYSTEM_REF
2025-02-13,OUT_091,C_9141,BOS,Flexible,LM,dosa,670,100.5,OLD_SYSTEM_REF
2025-02-13,OUT_095,C_3646,BOS,Flexible,UM,burger,899,134.85,OLD_SYSTEM_REF
2025-02-14,OUT_001,C_7952,BOS,Flexible,Lapsed,dal makhani,1993,298.95,OLD_SYSTEM_REF
2025-02-14,OUT_005,C_5050,PSP,Flexible,LM,N/A,1265,189.75,OLD_SYSTEM_REF
2025-02-14,OUT_007,C_9815,PSP,Flexible,LM,N/A,727,109.05,OLD_SYSTEM_REF
2025-02-14,OUT_018,C_2927,Visit Pack,Fixed,MM,N/A,1354,203.1,OLD_SYSTEM_REF
2025-02-14,OUT_025,C_2048,BOS,Flexible,Lapsed,burger,999,149.85,OLD_SYSTEM_REF
2025-02-14,OUT_027,C_5787,BOS,Flexible,UM,manchurian,1336,200.4,OLD_SYSTEM_REF
2025-02-14,OUT_033,C_4717,BOS,Flexible,UM,dosa,1502,225.29999999999998,OLD_SYSTEM_REF
2025-02-14,OUT_038,C_7036,PSP,Flexible,Lapsed,N/A,676,101.39999999999999,OLD_SYSTEM_REF
2025-02-14,OUT_042,C_5185,BOS,Flexible,LM,pizza,1750,262.5,OLD_SYSTEM_REF
2025-02-14,OUT_045,C_6004,BOS,Flexible,UM,burger,868,130.2,OLD_SYSTEM_REF
2025-02-14,OUT_046,C_5452,BOS,Flexible,UM,pizza,1765,264.75,OLD_SYSTEM_REF
2025-02-14,OUT_049,C_3015,Visit Pack,Fixed,UM,N/A,1237,185.54999999999998,OLD_SYSTEM_REF
2025-02-14,OUT_058,C_9246,BOS,Flexible,LM,dosa,675,101.25,OLD_SYSTEM_REF
2025-02-14,OUT_068,C_2882,PSP,Flexible,Lapsed,N/A,1061,159.15,OLD_SYSTEM_REF
2025-02-14,OUT_070,C_7682,PSP,Flexible,LM,N/A,1645,246.75,OLD_SYSTEM_REF
2025-02-14,OUT_088,C_1903,BOS,Flexible,Repeat,burger,1183,177.45,OLD_SYSTEM_REF
2025-02-14,OUT_091,C_4195,PSP,Flexible,Repeat,N/A,1471,220.65,OLD_SYSTEM_REF
2025-02-14,OUT_092,C_2750,BOS,Flexible,Repeat,pizza,1569,235.35,OLD_SYSTEM_REF
2025-02-14,OUT_095,C_3585,Visit Pack,Fixed,LM,N/A,619,92.85,OLD_SYSTEM_REF
2025-02-14,OUT_098,C_4292,Visit Pack,Fixed,UM,N/A,1950,292.5,OLD_SYSTEM_REF
2025-02-15,OUT_011,C_4489,PSP,Flexible,LM,N/A,627,94.05,OLD_SYSTEM_REF
2025-02-15,OUT_012,C_3923,PSP,Flexible,Repeat,N/A,996,149.4,OLD_SYSTEM_REF
2025-02-15,OUT_013,C_1385,BOS,Flexible,LM,dal makhani,1975,296.25,OLD_SYSTEM_REF
2025-02-15,OUT_016,C_7671,BOS,Flexible,Repeat,dosa,1621,243.14999999999998,OLD_SYSTEM_REF
2025-02-15,OUT_019,C_1567,PSP,Flexible,MM,N/A,1593,238.95,OLD_SYSTEM_REF
2025-02-15,OUT_026,C_6062,BOS,Flexible,Repeat,pizza,1592,238.79999999999998,OLD_SYSTEM_REF
2025-02-15,OUT_030,C_7290,PSP,Flexible,Repeat,N/A,1592,238.79999999999998,OLD_SYSTEM_REF
2025-02-15,OUT_034,C_8140,Visit Pack,Fixed,Lapsed,N/A,574,86.1,OLD_SYSTEM_REF
2025-02-15,OUT_035,C_2761,BOS,Flexible,LM,manchurian,642,96.3,OLD_SYSTEM_REF
2025-02-15,OUT_038,C_7436,Visit Pack,Fixed,UM,N/A,1950,292.5,OLD_SYSTEM_REF
2025-02-15,OUT_040,C_8721,BOS,Flexible,MM,manchurian,1858,278.7,OLD_SYSTEM_REF
2025-02-15,OUT_041,C_3535,Visit Pack,Fixed,UM,N/A,1758,263.7,OLD_SYSTEM_REF
2025-02-15,OUT_048,C_3928,Visit Pack,Fixed,LM,N/A,854,128.1,OLD_SYSTEM_REF
2025-02-15,OUT_049,C_2866,BOS,Flexible,Repeat,dal makhani,1062,159.29999999999998,OLD_SYSTEM_REF
2025-02-15,OUT_057,C_1197,BOS,Flexible,LM,dal makhani,1794,269.09999999999997,OLD_SYSTEM_REF
2025-02-15,OUT_059,C_1524,BOS,Flexible,LM,manchurian,1740,261.0,OLD_SYSTEM_REF
2025-02-15,OUT_061,C_7195,Visit Pack,Fixed,Repeat,N/A,755,113.25,OLD_SYSTEM_REF
2025-02-15,OUT_071,C_6698,Visit Pack,Fixed,LM,N/A,1517,227.54999999999998,OLD_SYSTEM_REF
2025-02-15,OUT_073,C_7119,Visit Pack,Fixed,UM,N/A,685,102.75,OLD_SYSTEM_REF
2025-02-15,OUT_078,C_6630,Visit Pack,Fixed,Lapsed,N/A,1404,210.6,OLD_SYSTEM_REF
2025-02-15,OUT_087,C_5038,PSP,Flexible,LM,N/A,1522,228.29999999999998,OLD_SYSTEM_REF
2025-02-15,OUT_089,C_4065,BOS,Flexible,LM,manchurian,1433,214.95,OLD_SYSTEM_REF
2025-02-15,OUT_091,C_8906,Visit Pack,Fixed,Lapsed,N/A,1874,281.09999999999997,OLD_SYSTEM_REF
2025-02-15,OUT_095,C_4289,BOS,Flexible,Repeat,burger,1894,284.09999999999997,OLD_SYSTEM_REF
2025-02-15,OUT_099,C_8443,Visit Pack,Fixed,MM,N/A,916,137.4,OLD_SYSTEM_REF
2025-02-16,OUT_009,C_7830,PSP,Flexible,UM,N/A,624,93.6,OLD_SYSTEM_REF
2025-02-16,OUT_012,C_8070,Visit Pack,Fixed,LM,N/A,1386,207.9,OLD_SYSTEM_REF
2025-02-16,OUT_015,C_5287,BOS,Flexible,Repeat,dosa,1945,291.75,OLD_SYSTEM_REF
2025-02-16,OUT_016,C_9356,BOS,Flexible,UM,dosa,1908,286.2,OLD_SYSTEM_REF
2025-02-16,OUT_018,C_9651,PSP,Flexible,UM,N/A,741,111.14999999999999,OLD_SYSTEM_REF
2025-02-16,OUT_019,C_8253,BOS,Flexible,UM,dal makhani,978,146.7,OLD_SYSTEM_REF
2025-02-16,OUT_022,C_5113,BOS,Flexible,MM,pizza,1681,252.14999999999998,OLD_SYSTEM_REF
2025-02-16,OUT_039,C_9877,BOS,Flexible,Lapsed,dal makhani,1617,242.54999999999998,OLD_SYSTEM_REF
2025-02-16,OUT_041,C_9320,BOS,Flexible,UM,manchurian,678,101.7,OLD_SYSTEM_REF
2025-02-16,OUT_044,C_1412,PSP,Flexible,LM,N/A,906,135.9,OLD_SYSTEM_REF
2025-02-16,OUT_059,C_2731,Visit Pack,Fixed,MM,N/A,900,135.0,OLD_SYSTEM_REF
2025-02-16,OUT_061,C_7796,BOS,Flexible,Lapsed,dosa,1672,250.79999999999998,OLD_SYSTEM_REF
2025-02-16,OUT_063,C_2230,Visit Pack,Fixed,MM,N/A,1180,177.0,OLD_SYSTEM_REF
2025-02-16,OUT_070,C_3441,Visit Pack,Fixed,LM,N/A,742,111.3,OLD_SYSTEM_REF
2025-02-16,OUT_074,C_5382,PSP,Flexible,Lapsed,N/A,1658,248.7,OLD_SYSTEM_REF
2025-02-16,OUT_081,C_7369,Visit Pack,Fixed,UM,N/A,1377,206.54999999999998,OLD_SYSTEM_REF
2025-02-16,OUT_083,C_4671,Visit Pack,Fixed,UM,N/A,836,125.39999999999999,OLD_SYSTEM_REF
2025-02-16,OUT_091,C_7401,PSP,Flexible,LM,N/A,918,137.7,OLD_SYSTEM_REF
2025-02-16,OUT_095,C_5676,Visit Pack,Fixed,Lapsed,N/A,595,89.25,OLD_SYSTEM_REF
2025-02-17,OUT_003,C_6762,PSP,Flexible,UM,N/A,1933,289.95,OLD_SYSTEM_REF
2025-02-17,OUT_005,C_6291,BOS,Flexible,MM,dosa,1526,228.9,OLD_SYSTEM_REF
2025-02-17,OUT_007,C_4704,Visit Pack,Fixed,UM,N/A,1262,189.29999999999998,OLD_SYSTEM_REF
2025-02-17,OUT_009,C_9015,PSP,Flexible,Repeat,N/A,1148,172.2,OLD_SYSTEM_REF
2025-02-17,OUT_021,C_1218,BOS,Flexible,LM,dosa,1472,220.79999999999998,OLD_SYSTEM_REF
2025-02-17,OUT_026,C_7045,Visit Pack,Fixed,LM,N/A,1674,251.1,OLD_SYSTEM_REF
2025-02-17,OUT_035,C_1248,Visit Pack,Fixed,Repeat,N/A,1622,243.29999999999998,OLD_SYSTEM_REF
2025-02-17,OUT_039,C_7795,BOS,Flexible,MM,dal makhani,708,106.2,OLD_SYSTEM_REF
2025-02-17,OUT_042,C_7788,Visit Pack,Fixed,Lapsed,N/A,955,143.25,OLD_SYSTEM_REF
2025-02-17,OUT_058,C_9420,Visit Pack,Fixed,UM,N/A,563,84.45,OLD_SYSTEM_REF
2025-02-17,OUT_059,C_9145,PSP,Flexible,UM,N/A,1318,197.7,OLD_SYSTEM_REF
2025-02-17,OUT_061,C_5852,Visit Pack,Fixed,LM,N/A,1395,209.25,OLD_SYSTEM_REF
2025-02-17,OUT_063,C_7333,BOS,Flexible,Lapsed,burger,909,136.35,OLD_SYSTEM_REF
2025-02-17,OUT_073,C_4554,BOS,Flexible,MM,pizza,1764,264.59999999999997,OLD_SYSTEM_REF
2025-02-17,OUT_076,C_8064,BOS,Flexible,Repeat,dosa,652,97.8,OLD_SYSTEM_REF
2025-02-17,OUT_086,C_2598,Visit Pack,Fixed,UM,N/A,1023,153.45,OLD_SYSTEM_REF
2025-02-17,OUT_088,C_4775,Visit Pack,Fixed,Lapsed,N/A,1010,151.5,OLD_SYSTEM_REF
2025-02-17,OUT_092,C_2391,Visit Pack,Fixed,Lapsed,N/A,1513,226.95,OLD_SYSTEM_REF
2025-02-17,OUT_098,C_5628,BOS,Flexible,MM,dosa,1643,246.45,OLD_SYSTEM_REF
2025-02-17,OUT_099,C_4702,Visit Pack,Fixed,Lapsed,N/A,1102,165.29999999999998,OLD_SYSTEM_REF
2025-02-17,OUT_100,C_3099,PSP,Flexible,LM,N/A,601,90.14999999999999,OLD_SYSTEM_REF
2025-02-18,OUT_004,C_5132,PSP,Flexible,LM,N/A,1841,276.15,OLD_SYSTEM_REF
2025-02-18,OUT_007,C_9538,Visit Pack,Fixed,Lapsed,N/A,1855,278.25,OLD_SYSTEM_REF
2025-02-18,OUT_009,C_5619,Visit Pack,Fixed,Lapsed,N/A,1692,253.79999999999998,OLD_SYSTEM_REF
2025-02-18,OUT_021,C_5675,Visit Pack,Fixed,Repeat,N/A,922,138.29999999999998,OLD_SYSTEM_REF
2025-02-18,OUT_037,C_4954,PSP,Flexible,MM,N/A,1598,239.7,OLD_SYSTEM_REF
2025-02-18,OUT_039,C_6087,PSP,Flexible,Repeat,N/A,1868,280.2,OLD_SYSTEM_REF
2025-02-18,OUT_040,C_8769,PSP,Flexible,Lapsed,N/A,715,107.25,OLD_SYSTEM_REF
2025-02-18,OUT_053,C_6334,Visit Pack,Fixed,Lapsed,N/A,568,85.2,OLD_SYSTEM_REF
2025-02-18,OUT_058,C_2880,Visit Pack,Fixed,Lapsed,N/A,1000,150.0,OLD_SYSTEM_REF
2025-02-18,OUT_064,C_5600,BOS,Flexible,Repeat,manchurian,1132,169.79999999999998,OLD_SYSTEM_REF
2025-02-18,OUT_069,C_7210,BOS,Flexible,LM,manchurian,1616,242.39999999999998,OLD_SYSTEM_REF
2025-02-18,OUT_081,C_3020,BOS,Flexible,UM,pizza,1423,213.45,OLD_SYSTEM_REF
2025-02-18,OUT_083,C_3914,PSP,Flexible,Lapsed,N/A,615,92.25,OLD_SYSTEM_REF
2025-02-18,OUT_095,C_7513,BOS,Flexible,Repeat,burger,1000,150.0,OLD_SYSTEM_REF
2025-02-18,OUT_096,C_1229,BOS,Flexible,Lapsed,burger,1611,241.64999999999998,OLD_SYSTEM_REF
2025-02-18,OUT_097,C_5344,BOS,Flexible,LM,burger,678,101.7,OLD_SYSTEM_REF
2025-02-18,OUT_100,C_3858,Visit Pack,Fixed,Repeat,N/A,1249,187.35,OLD_SYSTEM_REF
2025-02-19,OUT_009,C_9458,PSP,Flexible,MM,N/A,1213,181.95,OLD_SYSTEM_REF
2025-02-19,OUT_015,C_2047,PSP,Flexible,MM,N/A,1162,174.29999999999998,OLD_SYSTEM_REF
2025-02-19,OUT_036,C_8169,PSP,Flexible,Lapsed,N/A,709,106.35,OLD_SYSTEM_REF
2025-02-19,OUT_037,C_8705,Visit Pack,Fixed,Repeat,N/A,1464,219.6,OLD_SYSTEM_REF
2025-02-19,OUT_038,C_3987,BOS,Flexible,Lapsed,burger,764,114.6,OLD_SYSTEM_REF
2025-02-19,OUT_039,C_2398,PSP,Flexible,Lapsed,N/A,1446,216.9,OLD_SYSTEM_REF
2025-02-19,OUT_055,C_7033,Visit Pack,Fixed,Repeat,N/A,664,99.6,OLD_SYSTEM_REF
2025-02-19,OUT_060,C_6705,Visit Pack,Fixed,MM,N/A,1599,239.85,OLD_SYSTEM_REF
2025-02-19,OUT_065,C_6339,PSP,Flexible,Lapsed,N/A,705,105.75,OLD_SYSTEM_REF
2025-02-19,OUT_073,C_9179,Visit Pack,Fixed,MM,N/A,1787,268.05,OLD_SYSTEM_REF
2025-02-19,OUT_083,C_7207,BOS,Flexible,UM,manchurian,1548,232.2,OLD_SYSTEM_REF
2025-02-19,OUT_090,C_7469,BOS,Flexible,MM,dal makhani,928,139.2,OLD_SYSTEM_REF
2025-02-19,OUT_099,C_6519,BOS,Flexible,Repeat,manchurian,1835,275.25,OLD_SYSTEM_REF
2025-02-20,OUT_003,C_4290,PSP,Flexible,Repeat,N/A,1050,157.5,OLD_SYSTEM_REF
2025-02-20,OUT_004,C_1881,Visit Pack,Fixed,LM,N/A,1004,150.6,OLD_SYSTEM_REF
2025-02-20,OUT_007,C_8574,BOS,Flexible,UM,dal makhani,1853,277.95,OLD_SYSTEM_REF
2025-02-20,OUT_011,C_6962,BOS,Flexible,MM,burger,1283,192.45,OLD_SYSTEM_REF
2025-02-20,OUT_022,C_6192,BOS,Flexible,Lapsed,pizza,915,137.25,OLD_SYSTEM_REF
2025-02-20,OUT_031,C_3984,Visit Pack,Fixed,Lapsed,N/A,1979,296.84999999999997,OLD_SYSTEM_REF
2025-02-20,OUT_038,C_1155,PSP,Flexible,UM,N/A,1652,247.79999999999998,OLD_SYSTEM_REF
2025-02-20,OUT_043,C_7407,Visit Pack,Fixed,Lapsed,N/A,593,88.95,OLD_SYSTEM_REF
2025-02-20,OUT_047,C_5091,Visit Pack,Fixed,Repeat,N/A,966,144.9,OLD_SYSTEM_REF
2025-02-20,OUT_057,C_7134,BOS,Flexible,UM,dal makhani,1904,285.59999999999997,OLD_SYSTEM_REF
2025-02-20,OUT_061,C_6973,PSP,Flexible,LM,N/A,716,107.39999999999999,OLD_SYSTEM_REF
2025-02-20,OUT_063,C_7039,Visit Pack,Fixed,LM,N/A,1936,290.4,OLD_SYSTEM_REF
2025-02-20,OUT_068,C_4194,PSP,Flexible,UM,N/A,1465,219.75,OLD_SYSTEM_REF
2025-02-20,OUT_070,C_9961,Visit Pack,Fixed,MM,N/A,1089,163.35,OLD_SYSTEM_REF
2025-02-20,OUT_078,C_4176,BOS,Flexible,LM,burger,1057,158.54999999999998,OLD_SYSTEM_REF
2025-02-20,OUT_083,C_6075,BOS,Flexible,Repeat,manchurian,1422,213.29999999999998,OLD_SYSTEM_REF
2025-02-20,OUT_087,C_3472,BOS,Flexible,Lapsed,manchurian,720,108.0,OLD_SYSTEM_REF
2025-02-20,OUT_091,C_6790,BOS,Flexible,UM,dosa,1435,215.25,OLD_SYSTEM_REF
2025-02-20,OUT_093,C_8867,BOS,Flexible,LM,manchurian,1265,189.75,OLD_SYSTEM_REF
2025-02-20,OUT_098,C_6544,BOS,Flexible,Lapsed,dosa,1579,236.85,OLD_SYSTEM_REF
2025-02-20,OUT_099,C_6243,Visit Pack,Fixed,Lapsed,N/A,687,103.05,OLD_SYSTEM_REF
2025-02-20,OUT_100,C_7888,Visit Pack,Fixed,Repeat,N/A,1530,229.5,OLD_SYSTEM_REF
2025-02-21,OUT_005,C_8316,Visit Pack,Fixed,Lapsed,N/A,1772,265.8,OLD_SYSTEM_REF
2025-02-21,OUT_021,C_3423,PSP,Flexible,MM,N/A,1392,208.79999999999998,OLD_SYSTEM_REF
2025-02-21,OUT_028,C_3970,Visit Pack,Fixed,MM,N/A,1853,277.95,OLD_SYSTEM_REF
2025-02-21,OUT_036,C_5747,BOS,Flexible,UM,dal makhani,850,127.5,OLD_SYSTEM_REF
2025-02-21,OUT_040,C_1432,PSP,Flexible,Lapsed,N/A,1891,283.65,OLD_SYSTEM_REF
2025-02-21,OUT_044,C_5418,Visit Pack,Fixed,LM,N/A,1970,295.5,OLD_SYSTEM_REF
2025-02-21,OUT_055,C_8941,PSP,Flexible,MM,N/A,1739,260.84999999999997,OLD_SYSTEM_REF
2025-02-21,OUT_077,C_4983,PSP,Flexible,Lapsed,N/A,1992,298.8,OLD_SYSTEM_REF
2025-02-21,OUT_084,C_4641,Visit Pack,Fixed,Lapsed,N/A,1542,231.29999999999998,OLD_SYSTEM_REF
2025-02-21,OUT_089,C_2333,BOS,Flexible,Lapsed,manchurian,1685,252.75,OLD_SYSTEM_REF
2025-02-21,OUT_100,C_1978,Visit Pack,Fixed,LM,N/A,539,80.85,OLD_SYSTEM_REF
2025-02-22,OUT_004,C_7222,Visit Pack,Fixed,LM,N/A,717,107.55,OLD_SYSTEM_REF
2025-02-22,OUT_013,C_8689,BOS,Flexible,UM,dal makhani,871,130.65,OLD_SYSTEM_REF
2025-02-22,OUT_015,C_5046,Visit Pack,Fixed,UM,N/A,644,96.6,OLD_SYSTEM_REF
2025-02-22,OUT_021,C_7036,BOS,Flexible,Lapsed,dosa,1407,211.04999999999998,OLD_SYSTEM_REF
2025-02-22,OUT_029,C_2966,Visit Pack,Fixed,Lapsed,N/A,1195,179.25,OLD_SYSTEM_REF
2025-02-22,OUT_031,C_9008,PSP,Flexible,LM,N/A,736,110.39999999999999,OLD_SYSTEM_REF
2025-02-22,OUT_035,C_8800,BOS,Flexible,MM,manchurian,1424,213.6,OLD_SYSTEM_REF
2025-02-22,OUT_047,C_9168,PSP,Flexible,Lapsed,N/A,848,127.19999999999999,OLD_SYSTEM_REF
2025-02-22,OUT_058,C_3573,PSP,Flexible,Lapsed,N/A,760,114.0,OLD_SYSTEM_REF
2025-02-22,OUT_064,C_4789,PSP,Flexible,MM,N/A,1332,199.79999999999998,OLD_SYSTEM_REF
2025-02-22,OUT_066,C_3420,PSP,Flexible,Repeat,N/A,939,140.85,OLD_SYSTEM_REF
2025-02-22,OUT_070,C_5985,BOS,Flexible,UM,dosa,547,82.05,OLD_SYSTEM_REF
2025-02-22,OUT_073,C_8242,PSP,Flexible,LM,N/A,1728,259.2,OLD_SYSTEM_REF
2025-02-22,OUT_079,C_6172,BOS,Flexible,Lapsed,burger,1595,239.25,OLD_SYSTEM_REF
2025-02-22,OUT_080,C_8542,BOS,Flexible,UM,manchurian,615,92.25,OLD_SYSTEM_REF
2025-02-22,OUT_093,C_4554,BOS,Flexible,Lapsed,manchurian,924,138.6,OLD_SYSTEM_REF
2025-02-22,OUT_095,C_1393,PSP,Flexible,LM,N/A,1025,153.75,OLD_SYSTEM_REF
2025-02-22,OUT_096,C_1744,Visit Pack,Fixed,Repeat,N/A,1020,153.0,OLD_SYSTEM_REF
2025-02-22,OUT_099,C_9761,Visit Pack,Fixed,UM,N/A,720,108.0,OLD_SYSTEM_REF
2025-02-23,OUT_005,C_6465,BOS,Flexible,MM,dosa,1232,184.79999999999998,OLD_SYSTEM_REF
2025-02-23,OUT_009,C_3795,PSP,Flexible,LM,N/A,624,93.6,OLD_SYSTEM_REF
2025-02-23,OUT_010,C_2694,PSP,Flexible,Repeat,N/A,982,147.29999999999998,OLD_SYSTEM_REF
2025-02-23,OUT_014,C_9670,Visit Pack,Fixed,LM,N/A,967,145.04999999999998,OLD_SYSTEM_REF
2025-02-23,OUT_016,C_5273,BOS,Flexible,Lapsed,dosa,654,98.1,OLD_SYSTEM_REF
2025-02-23,OUT_023,C_7466,BOS,Flexible,Repeat,burger,586,87.89999999999999,OLD_SYSTEM_REF
2025-02-23,OUT_044,C_3930,Visit Pack,Fixed,LM,N/A,1992,298.8,OLD_SYSTEM_REF
2025-02-23,OUT_050,C_9856,BOS,Flexible,LM,pizza,532,79.8,OLD_SYSTEM_REF
2025-02-23,OUT_053,C_8936,PSP,Flexible,Lapsed,N/A,1542,231.29999999999998,OLD_SYSTEM_REF
2025-02-23,OUT_057,C_1348,BOS,Flexible,MM,dal makhani,1735,260.25,OLD_SYSTEM_REF
2025-02-23,OUT_059,C_2403,PSP,Flexible,LM,N/A,1097,164.54999999999998,OLD_SYSTEM_REF
2025-02-23,OUT_060,C_5963,PSP,Flexible,Lapsed,N/A,1317,197.54999999999998,OLD_SYSTEM_REF
2025-02-23,OUT_063,C_2947,BOS,Flexible,Repeat,burger,1705,255.75,OLD_SYSTEM_REF
2025-02-23,OUT_066,C_7008,BOS,Flexible,Repeat,manchurian,592,88.8,OLD_SYSTEM_REF
2025-02-23,OUT_068,C_5661,BOS,Flexible,UM,manchurian,1004,150.6,OLD_SYSTEM_REF
2025-02-23,OUT_072,C_6109,Visit Pack,Fixed,LM,N/A,1506,225.9,OLD_SYSTEM_REF
2025-02-23,OUT_074,C_3257,BOS,Flexible,MM,dosa,1403,210.45,OLD_SYSTEM_REF
2025-02-23,OUT_076,C_1608,BOS,Flexible,Repeat,dosa,1995,299.25,OLD_SYSTEM_REF
2025-02-23,OUT_086,C_4690,BOS,Flexible,Repeat,dal makhani,1015,152.25,OLD_SYSTEM_REF
2025-02-23,OUT_090,C_5987,Visit Pack,Fixed,LM,N/A,761,114.14999999999999,OLD_SYSTEM_REF
2025-02-24,OUT_010,C_1571,Visit Pack,Fixed,LM,N/A,1050,157.5,OLD_SYSTEM_REF
2025-02-24,OUT_024,C_7168,Visit Pack,Fixed,UM,N/A,1487,223.04999999999998,OLD_SYSTEM_REF
2025-02-24,OUT_026,C_9224,BOS,Flexible,Repeat,pizza,706,105.89999999999999,OLD_SYSTEM_REF
2025-02-24,OUT_029,C_9209,BOS,Flexible,UM,dosa,1540,231.0,OLD_SYSTEM_REF
2025-02-24,OUT_034,C_4765,Visit Pack,Fixed,Lapsed,N/A,1959,293.84999999999997,OLD_SYSTEM_REF
2025-02-24,OUT_040,C_6333,PSP,Flexible,LM,N/A,1776,266.4,OLD_SYSTEM_REF
2025-02-24,OUT_043,C_4795,PSP,Flexible,UM,N/A,1093,163.95,OLD_SYSTEM_REF
2025-02-24,OUT_044,C_4588,PSP,Flexible,Repeat,N/A,876,131.4,OLD_SYSTEM_REF
2025-02-24,OUT_045,C_7593,PSP,Flexible,Lapsed,N/A,1121,168.15,OLD_SYSTEM_REF
2025-02-24,OUT_049,C_6810,BOS,Flexible,Repeat,dal makhani,1739,260.84999999999997,OLD_SYSTEM_REF
2025-02-24,OUT_065,C_1603,PSP,Flexible,LM,N/A,1146,171.9,OLD_SYSTEM_REF
2025-02-24,OUT_066,C_5342,Visit Pack,Fixed,LM,N/A,647,97.05,OLD_SYSTEM_REF
2025-02-24,OUT_072,C_8047,Visit Pack,Fixed,LM,N/A,535,80.25,OLD_SYSTEM_REF
2025-02-24,OUT_077,C_5682,PSP,Flexible,LM,N/A,764,114.6,OLD_SYSTEM_REF
2025-02-24,OUT_082,C_8584,Visit Pack,Fixed,Lapsed,N/A,1575,236.25,OLD_SYSTEM_REF
2025-02-24,OUT_083,C_9290,BOS,Flexible,Repeat,manchurian,939,140.85,OLD_SYSTEM_REF
2025-02-24,OUT_085,C_4102,BOS,Flexible,Lapsed,dosa,525,78.75,OLD_SYSTEM_REF
2025-02-24,OUT_092,C_7830,PSP,Flexible,UM,N/A,1487,223.04999999999998,OLD_SYSTEM_REF
2025-02-24,OUT_096,C_5284,PSP,Flexible,LM,N/A,636,95.39999999999999,OLD_SYSTEM_REF
2025-02-24,OUT_097,C_8132,Visit Pack,Fixed,UM,N/A,661,99.14999999999999,OLD_SYSTEM_REF
2025-02-24,OUT_098,C_5627,Visit Pack,Fixed,MM,N/A,1934,290.09999999999997,OLD_SYSTEM_REF
2025-02-25,OUT_001,C_3349,Visit Pack,Fixed,Repeat,N/A,1223,183.45,OLD_SYSTEM_REF
2025-02-25,OUT_006,C_6899,BOS,Flexible,LM,dosa,1187,178.04999999999998,OLD_SYSTEM_REF
2025-02-25,OUT_007,C_6760,Visit Pack,Fixed,LM,N/A,1097,164.54999999999998,OLD_SYSTEM_REF
2025-02-25,OUT_017,C_9611,PSP,Flexible,MM,N/A,871,130.65,OLD_SYSTEM_REF
2025-02-25,OUT_021,C_4367,Visit Pack,Fixed,LM,N/A,1576,236.39999999999998,OLD_SYSTEM_REF
2025-02-25,OUT_022,C_4020,BOS,Flexible,Lapsed,pizza,1876,281.4,OLD_SYSTEM_REF
2025-02-25,OUT_025,C_3481,Visit Pack,Fixed,Repeat,N/A,691,103.64999999999999,OLD_SYSTEM_REF
2025-02-25,OUT_030,C_8037,PSP,Flexible,Repeat,N/A,1611,241.64999999999998,OLD_SYSTEM_REF
2025-02-25,OUT_036,C_5798,BOS,Flexible,Repeat,dal makhani,1211,181.65,OLD_SYSTEM_REF
2025-02-25,OUT_042,C_5743,BOS,Flexible,LM,pizza,534,80.1,OLD_SYSTEM_REF
2025-02-25,OUT_044,C_4297,Visit Pack,Fixed,Repeat,N/A,1434,215.1,OLD_SYSTEM_REF
2025-02-25,OUT_063,C_7501,Visit Pack,Fixed,UM,N/A,1454,218.1,OLD_SYSTEM_REF
2025-02-25,OUT_067,C_1242,PSP,Flexible,LM,N/A,1574,236.1,OLD_SYSTEM_REF
2025-02-25,OUT_069,C_9749,Visit Pack,Fixed,MM,N/A,1323,198.45,OLD_SYSTEM_REF
2025-02-25,OUT_070,C_6224,Visit Pack,Fixed,UM,N/A,1053,157.95,OLD_SYSTEM_REF
2025-02-25,OUT_072,C_5580,PSP,Flexible,Lapsed,N/A,1140,171.0,OLD_SYSTEM_REF
2025-02-25,OUT_074,C_3214,PSP,Flexible,Lapsed,N/A,841,126.14999999999999,OLD_SYSTEM_REF
2025-02-25,OUT_075,C_4638,Visit Pack,Fixed,Lapsed,N/A,1783,267.45,OLD_SYSTEM_REF
2025-02-25,OUT_081,C_6793,Visit Pack,Fixed,LM,N/A,1663,249.45,OLD_SYSTEM_REF
2025-02-25,OUT_092,C_7186,BOS,Flexible,Repeat,pizza,805,120.75,OLD_SYSTEM_REF
2025-02-25,OUT_093,C_4004,PSP,Flexible,MM,N/A,808,121.19999999999999,OLD_SYSTEM_REF
2025-02-25,OUT_097,C_7723,Visit Pack,Fixed,MM,N/A,1075,161.25,OLD_SYSTEM_REF
2025-02-26,OUT_003,C_2716,PSP,Flexible,Lapsed,N/A,509,76.35,OLD_SYSTEM_REF
2025-02-26,OUT_005,C_2626,PSP,Flexible,MM,N/A,1694,254.1,OLD_SYSTEM_REF
2025-02-26,OUT_008,C_9673,Visit Pack,Fixed,LM,N/A,773,115.94999999999999,OLD_SYSTEM_REF
2025-02-26,OUT_009,C_8865,PSP,Flexible,Lapsed,N/A,1950,292.5,OLD_SYSTEM_REF
2025-02-26,OUT_016,C_8825,BOS,Flexible,LM,dosa,1628,244.2,OLD_SYSTEM_REF
2025-02-26,OUT_017,C_9699,PSP,Flexible,Repeat,N/A,1182,177.29999999999998,OLD_SYSTEM_REF
2025-02-26,OUT_027,C_8250,Visit Pack,Fixed,MM,N/A,773,115.94999999999999,OLD_SYSTEM_REF
2025-02-26,OUT_029,C_8428,BOS,Flexible,UM,dosa,1576,236.39999999999998,OLD_SYSTEM_REF
2025-02-26,OUT_033,C_3540,Visit Pack,Fixed,UM,N/A,1482,222.29999999999998,OLD_SYSTEM_REF
2025-02-26,OUT_038,C_8903,Visit Pack,Fixed,UM,N/A,754,113.1,OLD_SYSTEM_REF
2025-02-26,OUT_050,C_8566,Visit Pack,Fixed,MM,N/A,1840,276.0,OLD_SYSTEM_REF
2025-02-26,OUT_054,C_3833,Visit Pack,Fixed,MM,N/A,1375,206.25,OLD_SYSTEM_REF
2025-02-26,OUT_057,C_5193,PSP,Flexible,UM,N/A,1304,195.6,OLD_SYSTEM_REF
2025-02-26,OUT_058,C_5076,BOS,Flexible,Lapsed,dosa,795,119.25,OLD_SYSTEM_REF
2025-02-26,OUT_065,C_7583,BOS,Flexible,LM,burger,634,95.1,OLD_SYSTEM_REF
2025-02-26,OUT_069,C_3845,BOS,Flexible,LM,manchurian,1750,262.5,OLD_SYSTEM_REF
2025-02-26,OUT_085,C_9188,BOS,Flexible,Repeat,dosa,958,143.7,OLD_SYSTEM_REF
2025-02-26,OUT_088,C_2893,Visit Pack,Fixed,Repeat,N/A,1334,200.1,OLD_SYSTEM_REF
2025-02-26,OUT_090,C_4719,Visit Pack,Fixed,LM,N/A,1256,188.4,OLD_SYSTEM_REF
2025-02-26,OUT_093,C_4432,Visit Pack,Fixed,MM,N/A,1474,221.1,OLD_SYSTEM_REF
2025-02-26,OUT_094,C_7891,PSP,Flexible,Lapsed,N/A,1727,259.05,OLD_SYSTEM_REF
2025-02-26,OUT_096,C_2366,Visit Pack,Fixed,LM,N/A,742,111.3,OLD_SYSTEM_REF
2025-02-26,OUT_098,C_4275,BOS,Flexible,MM,dosa,1175,176.25,OLD_SYSTEM_REF
2025-02-26,OUT_100,C_3725,PSP,Flexible,MM,N/A,908,136.2,OLD_SYSTEM_REF
2025-02-27,OUT_007,C_7530,PSP,Flexible,MM,N/A,1627,244.04999999999998,OLD_SYSTEM_REF
2025-02-27,OUT_013,C_2045,Visit Pack,Fixed,Repeat,N/A,1648,247.2,OLD_SYSTEM_REF
2025-02-27,OUT_014,C_2983,PSP,Flexible,Lapsed,N/A,993,148.95,OLD_SYSTEM_REF
2025-02-27,OUT_019,C_6930,Visit Pack,Fixed,UM,N/A,1812,271.8,OLD_SYSTEM_REF
2025-02-27,OUT_023,C_7767,PSP,Flexible,Repeat,N/A,547,82.05,OLD_SYSTEM_REF
2025-02-27,OUT_037,C_9638,Visit Pack,Fixed,Repeat,N/A,1432,214.79999999999998,OLD_SYSTEM_REF
2025-02-27,OUT_039,C_7786,PSP,Flexible,LM,N/A,1610,241.5,OLD_SYSTEM_REF
2025-02-27,OUT_041,C_3746,PSP,Flexible,MM,N/A,1684,252.6,OLD_SYSTEM_REF
2025-02-27,OUT_045,C_1718,PSP,Flexible,LM,N/A,1856,278.4,OLD_SYSTEM_REF
2025-02-27,OUT_048,C_9126,Visit Pack,Fixed,Lapsed,N/A,1705,255.75,OLD_SYSTEM_REF
2025-02-27,OUT_054,C_6175,Visit Pack,Fixed,Lapsed,N/A,1227,184.04999999999998,OLD_SYSTEM_REF
2025-02-27,OUT_065,C_6197,Visit Pack,Fixed,UM,N/A,1367,205.04999999999998,OLD_SYSTEM_REF
2025-02-27,OUT_066,C_3662,PSP,Flexible,LM,N/A,512,76.8,OLD_SYSTEM_REF
2025-02-27,OUT_067,C_9204,PSP,Flexible,LM,N/A,628,94.2,OLD_SYSTEM_REF
2025-02-27,OUT_072,C_4340,BOS,Flexible,Repeat,dal makhani,1063,159.45,OLD_SYSTEM_REF
2025-02-27,OUT_073,C_8699,BOS,Flexible,LM,pizza,512,76.8,OLD_SYSTEM_REF
2025-02-27,OUT_074,C_7715,Visit Pack,Fixed,Repeat,N/A,616,92.39999999999999,OLD_SYSTEM_REF
2025-02-27,OUT_082,C_3002,Visit Pack,Fixed,UM,N/A,623,93.45,OLD_SYSTEM_REF
2025-02-27,OUT_090,C_3059,BOS,Flexible,Repeat,dal makhani,1704,255.6,OLD_SYSTEM_REF
2025-02-27,OUT_093,C_2439,BOS,Flexible,Repeat,manchurian,1026,153.9,OLD_SYSTEM_REF
2025-02-27,OUT_094,C_6208,Visit Pack,Fixed,Repeat,N/A,1450,217.5,OLD_SYSTEM_REF
2025-02-27,OUT_099,C_2045,BOS,Flexible,LM,manchurian,1490,223.5,OLD_SYSTEM_REF
2025-02-28,OUT_001,C_1937,PSP,Flexible,Repeat,N/A,766,114.89999999999999,OLD_SYSTEM_REF
2025-02-28,OUT_005,C_5590,PSP,Flexible,MM,N/A,1440,216.0,OLD_SYSTEM_REF
2025-02-28,OUT_011,C_5152,Visit Pack,Fixed,Repeat,N/A,1098,164.7,OLD_SYSTEM_REF
2025-02-28,OUT_018,C_2023,Visit Pack,Fixed,Repeat,N/A,1861,279.15,OLD_SYSTEM_REF
2025-02-28,OUT_021,C_2298,Visit Pack,Fixed,Repeat,N/A,814,122.1,OLD_SYSTEM_REF
2025-02-28,OUT_024,C_6696,BOS,Flexible,UM,dosa,799,119.85,OLD_SYSTEM_REF
2025-02-28,OUT_027,C_7923,PSP,Flexible,Repeat,N/A,1033,154.95,OLD_SYSTEM_REF
2025-02-28,OUT_029,C_5696,PSP,Flexible,Repeat,N/A,1207,181.04999999999998,OLD_SYSTEM_REF
2025-02-28,OUT_031,C_2614,Visit Pack,Fixed,Repeat,N/A,1372,205.79999999999998,OLD_SYSTEM_REF
2025-02-28,OUT_035,C_6301,Visit Pack,Fixed,LM,N/A,771,115.64999999999999,OLD_SYSTEM_REF
2025-02-28,OUT_036,C_4492,BOS,Flexible,Repeat,dal makhani,1200,180.0,OLD_SYSTEM_REF
2025-02-28,OUT_039,C_5761,Visit Pack,Fixed,Repeat,N/A,1049,157.35,OLD_SYSTEM_REF
2025-02-28,OUT_044,C_9901,PSP,Flexible,Lapsed,N/A,1030,154.5,OLD_SYSTEM_REF
2025-02-28,OUT_046,C_9774,PSP,Flexible,Repeat,N/A,1534,230.1,OLD_SYSTEM_REF
2025-02-28,OUT_051,C_9632,BOS,Flexible,MM,manchurian,1137,170.54999999999998,OLD_SYSTEM_REF
2025-02-28,OUT_070,C_9224,PSP,Flexible,LM,N/A,1114,167.1,OLD_SYSTEM_REF
2025-02-28,OUT_071,C_4955,PSP,Flexible,UM,N/A,1162,174.29999999999998,OLD_SYSTEM_REF
2025-02-28,OUT_076,C_4510,Visit Pack,Fixed,Repeat,N/A,1524,228.6,OLD_SYSTEM_REF
2025-02-28,OUT_077,C_2893,BOS,Flexible,Lapsed,dosa,556,83.39999999999999,OLD_SYSTEM_REF
2025-02-28,OUT_089,C_8914,PSP,Flexible,Lapsed,N/A,1778,266.7,OLD_SYSTEM_REF
2025-02-28,OUT_090,C_9693,Visit Pack,Fixed,LM,N/A,1588,238.2,OLD_SYSTEM_REF
2025-02-28,OUT_092,C_9279,PSP,Flexible,UM,N/A,650,97.5,OLD_SYSTEM_REF
2025-03-01,OUT_001,C_5413,PSP,Flexible,UM,N/A,1498,224.7,OLD_SYSTEM_REF
2025-03-01,OUT_018,C_3459,Visit Pack,Fixed,UM,N/A,1119,167.85,OLD_SYSTEM_REF
2025-03-01,OUT_023,C_4435,Visit Pack,Fixed,MM,N/A,1222,183.29999999999998,OLD_SYSTEM_REF
2025-03-01,OUT_025,C_8963,PSP,Flexible,Repeat,N/A,1729,259.34999999999997,OLD_SYSTEM_REF
2025-03-01,OUT_026,C_4509,Visit Pack,Fixed,Lapsed,N/A,1003,150.45,OLD_SYSTEM_REF
2025-03-01,OUT_030,C_8544,Visit Pack,Fixed,UM,N/A,1144,171.6,OLD_SYSTEM_REF
2025-03-01,OUT_033,C_9139,Visit Pack,Fixed,Repeat,N/A,1285,192.75,OLD_SYSTEM_REF
2025-03-01,OUT_034,C_6169,Visit Pack,Fixed,Repeat,N/A,1634,245.1,OLD_SYSTEM_REF
2025-03-01,OUT_039,C_3474,PSP,Flexible,UM,N/A,1368,205.2,OLD_SYSTEM_REF
2025-03-01,OUT_041,C_4906,PSP,Flexible,Repeat,N/A,1592,238.79999999999998,OLD_SYSTEM_REF
2025-03-01,OUT_045,C_5710,BOS,Flexible,MM,burger,1301,195.15,OLD_SYSTEM_REF
2025-03-01,OUT_050,C_4706,PSP,Flexible,UM,N/A,1182,177.29999999999998,OLD_SYSTEM_REF
2025-03-01,OUT_062,C_8542,Visit Pack,Fixed,Lapsed,N/A,1485,222.75,OLD_SYSTEM_REF
2025-03-01,OUT_064,C_2630,BOS,Flexible,Repeat,manchurian,605,90.75,OLD_SYSTEM_REF
2025-03-01,OUT_067,C_3434,BOS,Flexible,UM,dosa,679,101.85,OLD_SYSTEM_REF
2025-03-01,OUT_069,C_2206,BOS,Flexible,MM,manchurian,1948,292.2,OLD_SYSTEM_REF
2025-03-01,OUT_071,C_8789,Visit Pack,Fixed,LM,N/A,1916,287.4,OLD_SYSTEM_REF
2025-03-01,OUT_072,C_1726,BOS,Flexible,MM,dal makhani,1706,255.89999999999998,OLD_SYSTEM_REF
2025-03-01,OUT_081,C_3066,Visit Pack,Fixed,MM,N/A,1896,284.4,OLD_SYSTEM_REF
2025-03-01,OUT_083,C_8931,Visit Pack,Fixed,MM,N/A,1489,223.35,OLD_SYSTEM_REF
2025-03-01,OUT_088,C_5987,BOS,Flexible,MM,burger,1032,154.79999999999998,OLD_SYSTEM_REF
2025-03-01,OUT_092,C_6787,BOS,Flexible,Lapsed,pizza,1901,285.15,OLD_SYSTEM_REF
2025-03-01,OUT_097,C_7950,Visit Pack,Fixed,Lapsed,N/A,630,94.5,OLD_SYSTEM_REF
2025-03-01,OUT_098,C_1886,PSP,Flexible,Lapsed,N/A,1736,260.4,OLD_SYSTEM_REF
2025-03-01,OUT_099,C_4426,BOS,Flexible,Repeat,manchurian,513,76.95,OLD_SYSTEM_REF
2025-03-01,OUT_100,C_4799,Visit Pack,Fixed,UM,N/A,708,106.2,OLD_SYSTEM_REF
2025-03-02,OUT_009,C_5559,BOS,Flexible,Repeat,dal makhani,1603,240.45,OLD_SYSTEM_REF
2025-03-02,OUT_013,C_8297,Visit Pack,Fixed,UM,N/A,1420,213.0,OLD_SYSTEM_REF
2025-03-02,OUT_023,C_6833,Visit Pack,Fixed,LM,N/A,614,92.1,OLD_SYSTEM_REF
2025-03-02,OUT_026,C_5322,Visit Pack,Fixed,Lapsed,N/A,1024,153.6,OLD_SYSTEM_REF
2025-03-02,OUT_030,C_3935,BOS,Flexible,Lapsed,burger,1944,291.59999999999997,OLD_SYSTEM_REF
2025-03-02,OUT_034,C_9764,Visit Pack,Fixed,LM,N/A,1671,250.64999999999998,OLD_SYSTEM_REF
2025-03-02,OUT_038,C_9445,PSP,Flexible,Repeat,N/A,1181,177.15,OLD_SYSTEM_REF
2025-03-02,OUT_041,C_7982,PSP,Flexible,LM,N/A,1450,217.5,OLD_SYSTEM_REF
2025-03-02,OUT_042,C_4544,Visit Pack,Fixed,UM,N/A,716,107.39999999999999,OLD_SYSTEM_REF
2025-03-02,OUT_044,C_7817,PSP,Flexible,Repeat,N/A,1139,170.85,OLD_SYSTEM_REF
2025-03-02,OUT_045,C_7579,BOS,Flexible,MM,burger,1579,236.85,OLD_SYSTEM_REF
2025-03-02,OUT_048,C_8057,Visit Pack,Fixed,UM,N/A,1283,192.45,OLD_SYSTEM_REF
2025-03-02,OUT_059,C_9075,PSP,Flexible,Lapsed,N/A,1250,187.5,OLD_SYSTEM_REF
2025-03-02,OUT_060,C_1137,PSP,Flexible,MM,N/A,1135,170.25,OLD_SYSTEM_REF
2025-03-02,OUT_072,C_2581,Visit Pack,Fixed,Repeat,N/A,1094,164.1,OLD_SYSTEM_REF
2025-03-02,OUT_073,C_8352,PSP,Flexible,LM,N/A,1202,180.29999999999998,OLD_SYSTEM_REF
2025-03-02,OUT_074,C_5423,PSP,Flexible,Repeat,N/A,1113,166.95,OLD_SYSTEM_REF
2025-03-02,OUT_090,C_3603,PSP,Flexible,UM,N/A,981,147.15,OLD_SYSTEM_REF
2025-03-02,OUT_095,C_6140,Visit Pack,Fixed,LM,N/A,1891,283.65,OLD_SYSTEM_REF
2025-03-02,OUT_096,C_2617,BOS,Flexible,Lapsed,burger,1149,172.35,OLD_SYSTEM_REF
2025-03-03,OUT_011,C_8327,BOS,Flexible,LM,burger,1655,248.25,OLD_SYSTEM_REF
2025-03-03,OUT_013,C_5264,PSP,Flexible,UM,N/A,1582,237.29999999999998,OLD_SYSTEM_REF
2025-03-03,OUT_025,C_7448,Visit Pack,Fixed,Repeat,N/A,551,82.64999999999999,OLD_SYSTEM_REF
2025-03-03,OUT_031,C_5218,Visit Pack,Fixed,UM,N/A,883,132.45,OLD_SYSTEM_REF
2025-03-03,OUT_033,C_9828,BOS,Flexible,UM,dosa,503,75.45,OLD_SYSTEM_REF
2025-03-03,OUT_044,C_1612,PSP,Flexible,UM,N/A,1502,225.29999999999998,OLD_SYSTEM_REF
2025-03-03,OUT_055,C_1310,PSP,Flexible,LM,N/A,781,117.14999999999999,OLD_SYSTEM_REF
2025-03-03,OUT_061,C_7914,PSP,Flexible,UM,N/A,1600,240.0,OLD_SYSTEM_REF
2025-03-03,OUT_062,C_9689,Visit Pack,Fixed,UM,N/A,1471,220.65,OLD_SYSTEM_REF
2025-03-03,OUT_066,C_2836,BOS,Flexible,MM,manchurian,1507,226.04999999999998,OLD_SYSTEM_REF
2025-03-03,OUT_068,C_6781,PSP,Flexible,MM,N/A,763,114.45,OLD_SYSTEM_REF
2025-03-03,OUT_072,C_6405,BOS,Flexible,Lapsed,dal makhani,794,119.1,OLD_SYSTEM_REF
2025-03-03,OUT_073,C_2783,Visit Pack,Fixed,LM,N/A,1232,184.79999999999998,OLD_SYSTEM_REF
2025-03-03,OUT_090,C_4747,Visit Pack,Fixed,MM,N/A,1341,201.15,OLD_SYSTEM_REF
2025-03-03,OUT_092,C_7586,PSP,Flexible,Repeat,N/A,1402,210.29999999999998,OLD_SYSTEM_REF
2025-03-03,OUT_093,C_6034,PSP,Flexible,Repeat,N/A,1655,248.25,OLD_SYSTEM_REF
2025-03-03,OUT_094,C_5161,BOS,Flexible,LM,dosa,1237,185.54999999999998,OLD_SYSTEM_REF
2025-03-04,OUT_006,C_2442,Visit Pack,Fixed,MM,N/A,1483,222.45,OLD_SYSTEM_REF
2025-03-04,OUT_020,C_5904,PSP,Flexible,Lapsed,N/A,772,115.8,OLD_SYSTEM_REF
2025-03-04,OUT_039,C_4996,PSP,Flexible,Repeat,N/A,1516,227.4,OLD_SYSTEM_REF
2025-03-04,OUT_048,C_5492,Visit Pack,Fixed,MM,N/A,725,108.75,OLD_SYSTEM_REF
2025-03-04,OUT_063,C_4108,Visit Pack,Fixed,LM,N/A,1488,223.2,OLD_SYSTEM_REF
2025-03-04,OUT_064,C_3067,PSP,Flexible,LM,N/A,610,91.5,OLD_SYSTEM_REF
2025-03-04,OUT_072,C_7888,PSP,Flexible,Repeat,N/A,1575,236.25,OLD_SYSTEM_REF
2025-03-04,OUT_074,C_7140,BOS,Flexible,Repeat,dosa,930,139.5,OLD_SYSTEM_REF
2025-03-04,OUT_088,C_6823,Visit Pack,Fixed,Repeat,N/A,615,92.25,OLD_SYSTEM_REF
2025-03-04,OUT_092,C_1299,PSP,Flexible,UM,N/A,861,129.15,OLD_SYSTEM_REF
2025-03-05,OUT_003,C_4546,PSP,Flexible,Repeat,N/A,1024,153.6,OLD_SYSTEM_REF
2025-03-05,OUT_019,C_6471,BOS,Flexible,UM,dal makhani,1707,256.05,OLD_SYSTEM_REF
2025-03-05,OUT_025,C_8702,BOS,Flexible,MM,burger,1409,211.35,OLD_SYSTEM_REF
2025-03-05,OUT_048,C_8129,PSP,Flexible,LM,N/A,1265,189.75,OLD_SYSTEM_REF
2025-03-05,OUT_050,C_5677,BOS,Flexible,MM,pizza,721,108.14999999999999,OLD_SYSTEM_REF
2025-03-05,OUT_052,C_7522,PSP,Flexible,UM,N/A,891,133.65,OLD_SYSTEM_REF
2025-03-05,OUT_060,C_2058,PSP,Flexible,Lapsed,N/A,1222,183.29999999999998,OLD_SYSTEM_REF
2025-03-05,OUT_061,C_8017,Visit Pack,Fixed,Lapsed,N/A,1883,282.45,OLD_SYSTEM_REF
2025-03-05,OUT_067,C_2623,Visit Pack,Fixed,Repeat,N/A,1137,170.54999999999998,OLD_SYSTEM_REF
2025-03-05,OUT_076,C_2037,BOS,Flexible,MM,dosa,1440,216.0,OLD_SYSTEM_REF
2025-03-05,OUT_081,C_8869,Visit Pack,Fixed,LM,N/A,1208,181.2,OLD_SYSTEM_REF
2025-03-05,OUT_086,C_5610,PSP,Flexible,UM,N/A,1465,219.75,OLD_SYSTEM_REF
2025-03-05,OUT_088,C_6774,PSP,Flexible,Lapsed,N/A,1035,155.25,OLD_SYSTEM_REF
2025-03-05,OUT_090,C_3859,BOS,Flexible,Lapsed,dal makhani,1328,199.2,OLD_SYSTEM_REF
2025-03-06,OUT_003,C_3377,Visit Pack,Fixed,UM,N/A,907,136.04999999999998,OLD_SYSTEM_REF
2025-03-06,OUT_015,C_5752,BOS,Flexible,MM,dosa,1017,152.54999999999998,OLD_SYSTEM_REF
2025-03-06,OUT_023,C_5913,BOS,Flexible,Repeat,burger,740,111.0,OLD_SYSTEM_REF
2025-03-06,OUT_031,C_3937,BOS,Flexible,Repeat,manchurian,1508,226.2,OLD_SYSTEM_REF
2025-03-06,OUT_033,C_8437,Visit Pack,Fixed,Lapsed,N/A,1209,181.35,OLD_SYSTEM_REF
2025-03-06,OUT_035,C_6861,Visit Pack,Fixed,UM,N/A,836,125.39999999999999,OLD_SYSTEM_REF
2025-03-06,OUT_038,C_8266,PSP,Flexible,Lapsed,N/A,1532,229.79999999999998,OLD_SYSTEM_REF
2025-03-06,OUT_067,C_1295,PSP,Flexible,Repeat,N/A,1496,224.4,OLD_SYSTEM_REF
2025-03-06,OUT_075,C_5615,BOS,Flexible,UM,pizza,1054,158.1,OLD_SYSTEM_REF
2025-03-06,OUT_078,C_1822,BOS,Flexible,MM,burger,1561,234.14999999999998,OLD_SYSTEM_REF
2025-03-06,OUT_079,C_5323,Visit Pack,Fixed,UM,N/A,1852,277.8,OLD_SYSTEM_REF
2025-03-06,OUT_081,C_2131,Visit Pack,Fixed,MM,N/A,1756,263.4,OLD_SYSTEM_REF
2025-03-06,OUT_088,C_8172,PSP,Flexible,Lapsed,N/A,843,126.44999999999999,OLD_SYSTEM_REF
2025-03-06,OUT_094,C_7062,Visit Pack,Fixed,MM,N/A,1078,161.7,OLD_SYSTEM_REF
2025-03-06,OUT_097,C_6296,Visit Pack,Fixed,Lapsed,N/A,939,140.85,OLD_SYSTEM_REF
2025-03-07,OUT_002,C_8817,Visit Pack,Fixed,UM,N/A,1059,158.85,OLD_SYSTEM_REF
2025-03-07,OUT_009,C_6889,PSP,Flexible,Repeat,N/A,1302,195.29999999999998,OLD_SYSTEM_REF
2025-03-07,OUT_013,C_8295,Visit Pack,Fixed,MM,N/A,1342,201.29999999999998,OLD_SYSTEM_REF
2025-03-07,OUT_019,C_2600,Visit Pack,Fixed,LM,N/A,1730,259.5,OLD_SYSTEM_REF
2025-03-07,OUT_022,C_3589,BOS,Flexible,MM,pizza,847,127.05,OLD_SYSTEM_REF
2025-03-07,OUT_034,C_6129,BOS,Flexible,UM,dosa,1868,280.2,OLD_SYSTEM_REF
2025-03-07,OUT_041,C_1506,BOS,Flexible,UM,manchurian,605,90.75,OLD_SYSTEM_REF
2025-03-07,OUT_044,C_4971,PSP,Flexible,UM,N/A,724,108.6,OLD_SYSTEM_REF
2025-03-07,OUT_052,C_8895,Visit Pack,Fixed,Repeat,N/A,1117,167.54999999999998,OLD_SYSTEM_REF
2025-03-07,OUT_054,C_5489,BOS,Flexible,Repeat,pizza,721,108.14999999999999,OLD_SYSTEM_REF
2025-03-07,OUT_066,C_7565,PSP,Flexible,LM,N/A,1713,256.95,OLD_SYSTEM_REF
2025-03-07,OUT_073,C_9061,BOS,Flexible,LM,pizza,1378,206.7,OLD_SYSTEM_REF
2025-03-07,OUT_077,C_2791,PSP,Flexible,UM,N/A,535,80.25,OLD_SYSTEM_REF
2025-03-07,OUT_098,C_5571,PSP,Flexible,MM,N/A,520,78.0,OLD_SYSTEM_REF
2025-03-08,OUT_006,C_1714,PSP,Flexible,UM,N/A,1049,157.35,OLD_SYSTEM_REF
2025-03-08,OUT_008,C_9385,PSP,Flexible,Repeat,N/A,1745,261.75,OLD_SYSTEM_REF
2025-03-08,OUT_015,C_5174,Visit Pack,Fixed,UM,N/A,1479,221.85,OLD_SYSTEM_REF
2025-03-08,OUT_026,C_9763,PSP,Flexible,UM,N/A,729,109.35,OLD_SYSTEM_REF
2025-03-08,OUT_039,C_2368,PSP,Flexible,LM,N/A,1868,280.2,OLD_SYSTEM_REF
2025-03-08,OUT_040,C_8084,PSP,Flexible,UM,N/A,1095,164.25,OLD_SYSTEM_REF
2025-03-08,OUT_041,C_6699,PSP,Flexible,UM,N/A,1216,182.4,OLD_SYSTEM_REF
2025-03-08,OUT_044,C_8753,PSP,Flexible,Lapsed,N/A,1322,198.29999999999998,OLD_SYSTEM_REF
2025-03-08,OUT_058,C_4810,Visit Pack,Fixed,LM,N/A,1717,257.55,OLD_SYSTEM_REF
2025-03-08,OUT_060,C_1174,Visit Pack,Fixed,Lapsed,N/A,1781,267.15,OLD_SYSTEM_REF
2025-03-08,OUT_062,C_8413,Visit Pack,Fixed,MM,N/A,1266,189.9,OLD_SYSTEM_REF
2025-03-08,OUT_066,C_5593,PSP,Flexible,UM,N/A,811,121.64999999999999,OLD_SYSTEM_REF
2025-03-08,OUT_069,C_1736,BOS,Flexible,LM,manchurian,786,117.89999999999999,OLD_SYSTEM_REF
2025-03-08,OUT_080,C_3706,BOS,Flexible,LM,manchurian,1272,190.79999999999998,OLD_SYSTEM_REF
2025-03-08,OUT_083,C_7798,Visit Pack,Fixed,UM,N/A,1399,209.85,OLD_SYSTEM_REF
2025-03-08,OUT_087,C_1630,PSP,Flexible,UM,N/A,1677,251.54999999999998,OLD_SYSTEM_REF
2025-03-08,OUT_090,C_7524,Visit Pack,Fixed,MM,N/A,648,97.2,OLD_SYSTEM_REF
2025-03-08,OUT_097,C_7413,Visit Pack,Fixed,Repeat,N/A,1651,247.64999999999998,OLD_SYSTEM_REF
2025-03-09,OUT_011,C_4989,PSP,Flexible,Repeat,N/A,951,142.65,OLD_SYSTEM_REF
2025-03-09,OUT_013,C_1993,Visit Pack,Fixed,Lapsed,N/A,926,138.9,OLD_SYSTEM_REF
2025-03-09,OUT_014,C_5520,PSP,Flexible,LM,N/A,1100,165.0,OLD_SYSTEM_REF
2025-03-09,OUT_015,C_1321,BOS,Flexible,Repeat,dosa,1349,202.35,OLD_SYSTEM_REF
2025-03-09,OUT_017,C_8587,PSP,Flexible,MM,N/A,577,86.55,OLD_SYSTEM_REF
2025-03-09,OUT_022,C_4278,BOS,Flexible,LM,pizza,1361,204.15,OLD_SYSTEM_REF
2025-03-09,OUT_037,C_5532,Visit Pack,Fixed,Repeat,N/A,1618,242.7,OLD_SYSTEM_REF
2025-03-09,OUT_038,C_6131,BOS,Flexible,Repeat,burger,900,135.0,OLD_SYSTEM_REF
2025-03-09,OUT_039,C_9134,BOS,Flexible,UM,dal makhani,798,119.69999999999999,OLD_SYSTEM_REF
2025-03-09,OUT_049,C_4974,PSP,Flexible,UM,N/A,1185,177.75,OLD_SYSTEM_REF
2025-03-09,OUT_051,C_9679,PSP,Flexible,Lapsed,N/A,581,87.14999999999999,OLD_SYSTEM_REF
2025-03-09,OUT_052,C_7970,PSP,Flexible,LM,N/A,1072,160.79999999999998,OLD_SYSTEM_REF
2025-03-09,OUT_055,C_6253,Visit Pack,Fixed,UM,N/A,1832,274.8,OLD_SYSTEM_REF
2025-03-09,OUT_057,C_9936,BOS,Flexible,LM,dal makhani,1206,180.9,OLD_SYSTEM_REF
2025-03-09,OUT_063,C_3948,PSP,Flexible,Repeat,N/A,757,113.55,OLD_SYSTEM_REF
2025-03-09,OUT_072,C_3294,BOS,Flexible,Lapsed,dal makhani,1408,211.2,OLD_SYSTEM_REF
2025-03-09,OUT_076,C_6398,Visit Pack,Fixed,MM,N/A,664,99.6,OLD_SYSTEM_REF
2025-03-09,OUT_078,C_9358,PSP,Flexible,Repeat,N/A,1566,234.89999999999998,OLD_SYSTEM_REF
2025-03-09,OUT_083,C_2972,BOS,Flexible,Lapsed,manchurian,1975,296.25,OLD_SYSTEM_REF
2025-03-09,OUT_085,C_6879,Visit Pack,Fixed,UM,N/A,1181,177.15,OLD_SYSTEM_REF
2025-03-09,OUT_087,C_1053,Visit Pack,Fixed,Repeat,N/A,657,98.55,OLD_SYSTEM_REF
2025-03-09,OUT_098,C_3382,PSP,Flexible,Repeat,N/A,1026,153.9,OLD_SYSTEM_REF
2025-03-10,OUT_007,C_3919,PSP,Flexible,MM,N/A,573,85.95,OLD_SYSTEM_REF
2025-03-10,OUT_010,C_4255,PSP,Flexible,Repeat,N/A,1337,200.54999999999998,OLD_SYSTEM_REF
2025-03-10,OUT_013,C_4335,Visit Pack,Fixed,Repeat,N/A,1874,281.09999999999997,OLD_SYSTEM_REF
2025-03-10,OUT_017,C_9768,PSP,Flexible,UM,N/A,1363,204.45,OLD_SYSTEM_REF
2025-03-10,OUT_022,C_4400,PSP,Flexible,Repeat,N/A,861,129.15,OLD_SYSTEM_REF
2025-03-10,OUT_025,C_6162,PSP,Flexible,Lapsed,N/A,548,82.2,OLD_SYSTEM_REF
2025-03-10,OUT_030,C_9897,Visit Pack,Fixed,Lapsed,N/A,1925,288.75,OLD_SYSTEM_REF
2025-03-10,OUT_032,C_7250,PSP,Flexible,MM,N/A,1841,276.15,OLD_SYSTEM_REF
2025-03-10,OUT_035,C_8846,PSP,Flexible,Repeat,N/A,1065,159.75,OLD_SYSTEM_REF
2025-03-10,OUT_039,C_1128,Visit Pack,Fixed,LM,N/A,704,105.6,OLD_SYSTEM_REF
2025-03-10,OUT_040,C_4943,Visit Pack,Fixed,MM,N/A,956,143.4,OLD_SYSTEM_REF
2025-03-10,OUT_044,C_7333,BOS,Flexible,UM,dal makhani,913,136.95,OLD_SYSTEM_REF
2025-03-10,OUT_049,C_5235,Visit Pack,Fixed,UM,N/A,716,107.39999999999999,OLD_SYSTEM_REF
2025-03-10,OUT_050,C_5016,PSP,Flexible,Lapsed,N/A,1446,216.9,OLD_SYSTEM_REF
2025-03-10,OUT_055,C_3503,PSP,Flexible,Repeat,N/A,726,108.89999999999999,OLD_SYSTEM_REF
2025-03-10,OUT_056,C_8603,Visit Pack,Fixed,LM,N/A,1517,227.54999999999998,OLD_SYSTEM_REF
2025-03-10,OUT_062,C_8954,Visit Pack,Fixed,MM,N/A,1539,230.85,OLD_SYSTEM_REF
2025-03-10,OUT_067,C_1707,Visit Pack,Fixed,Lapsed,N/A,1091,163.65,OLD_SYSTEM_REF
2025-03-10,OUT_069,C_9880,BOS,Flexible,MM,manchurian,1423,213.45,OLD_SYSTEM_REF
2025-03-10,OUT_074,C_7490,BOS,Flexible,MM,dosa,782,117.3,OLD_SYSTEM_REF
2025-03-10,OUT_075,C_9306,BOS,Flexible,Repeat,pizza,1367,205.04999999999998,OLD_SYSTEM_REF
2025-03-10,OUT_080,C_2114,BOS,Flexible,Repeat,manchurian,1250,187.5,OLD_SYSTEM_REF
2025-03-10,OUT_083,C_7536,PSP,Flexible,Lapsed,N/A,1541,231.14999999999998,OLD_SYSTEM_REF
2025-03-10,OUT_087,C_1769,BOS,Flexible,LM,manchurian,1425,213.75,OLD_SYSTEM_REF
2025-03-10,OUT_089,C_9917,Visit Pack,Fixed,LM,N/A,1576,236.39999999999998,OLD_SYSTEM_REF
2025-03-10,OUT_092,C_2230,BOS,Flexible,Repeat,pizza,1908,286.2,OLD_SYSTEM_REF
2025-03-10,OUT_094,C_2652,PSP,Flexible,Lapsed,N/A,1240,186.0,OLD_SYSTEM_REF
2025-03-10,OUT_098,C_1676,Visit Pack,Fixed,Lapsed,N/A,1003,150.45,OLD_SYSTEM_REF
2025-03-10,OUT_099,C_5331,Visit Pack,Fixed,Lapsed,N/A,1594,239.1,OLD_SYSTEM_REF
2025-03-11,OUT_022,C_2150,Visit Pack,Fixed,Lapsed,N/A,776,116.39999999999999,OLD_SYSTEM_REF
2025-03-11,OUT_034,C_1141,PSP,Flexible,MM,N/A,1483,222.45,OLD_SYSTEM_REF
2025-03-11,OUT_036,C_6479,BOS,Flexible,MM,dal makhani,793,118.94999999999999,OLD_SYSTEM_REF
2025-03-11,OUT_038,C_9616,BOS,Flexible,Lapsed,burger,1228,184.2,OLD_SYSTEM_REF
2025-03-11,OUT_046,C_8202,BOS,Flexible,MM,pizza,1613,241.95,OLD_SYSTEM_REF
2025-03-11,OUT_049,C_8831,Visit Pack,Fixed,LM,N/A,1527,229.04999999999998,OLD_SYSTEM_REF
2025-03-11,OUT_051,C_5514,PSP,Flexible,LM,N/A,641,96.14999999999999,OLD_SYSTEM_REF
2025-03-11,OUT_058,C_8824,BOS,Flexible,Repeat,dosa,1696,254.39999999999998,OLD_SYSTEM_REF
2025-03-11,OUT_060,C_1229,PSP,Flexible,Repeat,N/A,1746,261.9,OLD_SYSTEM_REF
2025-03-11,OUT_070,C_8959,BOS,Flexible,Lapsed,dosa,1027,154.04999999999998,OLD_SYSTEM_REF
2025-03-11,OUT_074,C_5926,PSP,Flexible,MM,N/A,1054,158.1,OLD_SYSTEM_REF
2025-03-11,OUT_081,C_3654,PSP,Flexible,MM,N/A,1829,274.34999999999997,OLD_SYSTEM_REF
2025-03-11,OUT_085,C_1384,BOS,Flexible,UM,dosa,1307,196.04999999999998,OLD_SYSTEM_REF
2025-03-11,OUT_088,C_3681,BOS,Flexible,Repeat,burger,895,134.25,OLD_SYSTEM_REF
2025-03-12,OUT_001,C_5143,BOS,Flexible,Repeat,dal makhani,582,87.3,OLD_SYSTEM_REF
2025-03-12,OUT_004,C_8057,PSP,Flexible,UM,N/A,1807,271.05,OLD_SYSTEM_REF
2025-03-12,OUT_005,C_7577,PSP,Flexible,LM,N/A,1461,219.15,OLD_SYSTEM_REF
2025-03-12,OUT_008,C_4289,PSP,Flexible,Repeat,N/A,1915,287.25,OLD_SYSTEM_REF
2025-03-12,OUT_010,C_3636,PSP,Flexible,Repeat,N/A,1640,246.0,OLD_SYSTEM_REF
2025-03-12,OUT_011,C_6990,Visit Pack,Fixed,UM,N/A,1578,236.7,OLD_SYSTEM_REF
2025-03-12,OUT_013,C_2264,BOS,Flexible,MM,dal makhani,1247,187.04999999999998,OLD_SYSTEM_REF
2025-03-12,OUT_025,C_2742,BOS,Flexible,Repeat,burger,1636,245.39999999999998,OLD_SYSTEM_REF
2025-03-12,OUT_033,C_8775,Visit Pack,Fixed,Lapsed,N/A,665,99.75,OLD_SYSTEM_REF
2025-03-12,OUT_036,C_9043,BOS,Flexible,LM,dal makhani,1496,224.4,OLD_SYSTEM_REF
2025-03-12,OUT_039,C_6157,Visit Pack,Fixed,MM,N/A,1771,265.65,OLD_SYSTEM_REF
2025-03-12,OUT_041,C_9297,BOS,Flexible,Repeat,manchurian,1414,212.1,OLD_SYSTEM_REF
2025-03-12,OUT_044,C_3586,Visit Pack,Fixed,UM,N/A,1073,160.95,OLD_SYSTEM_REF
2025-03-12,OUT_050,C_8330,BOS,Flexible,UM,pizza,1410,211.5,OLD_SYSTEM_REF
2025-03-12,OUT_057,C_5142,BOS,Flexible,UM,dal makhani,1561,234.14999999999998,OLD_SYSTEM_REF
2025-03-12,OUT_062,C_7889,PSP,Flexible,LM,N/A,1172,175.79999999999998,OLD_SYSTEM_REF
2025-03-12,OUT_068,C_6834,PSP,Flexible,UM,N/A,1024,153.6,OLD_SYSTEM_REF
2025-03-12,OUT_075,C_1243,PSP,Flexible,MM,N/A,1608,241.2,OLD_SYSTEM_REF
2025-03-12,OUT_079,C_9806,BOS,Flexible,Repeat,burger,609,91.35,OLD_SYSTEM_REF
2025-03-12,OUT_086,C_2142,PSP,Flexible,LM,N/A,1012,151.79999999999998,OLD_SYSTEM_REF
2025-03-12,OUT_088,C_3698,BOS,Flexible,MM,burger,1204,180.6,OLD_SYSTEM_REF
2025-03-12,OUT_089,C_7543,Visit Pack,Fixed,LM,N/A,1032,154.79999999999998,OLD_SYSTEM_REF
2025-03-12,OUT_091,C_5032,BOS,Flexible,MM,dosa,1426,213.9,OLD_SYSTEM_REF
2025-03-13,OUT_009,C_8445,PSP,Flexible,MM,N/A,1691,253.64999999999998,OLD_SYSTEM_REF
2025-03-13,OUT_015,C_9354,BOS,Flexible,MM,dosa,1613,241.95,OLD_SYSTEM_REF
2025-03-13,OUT_019,C_2220,PSP,Flexible,UM,N/A,1963,294.45,OLD_SYSTEM_REF
2025-03-13,OUT_020,C_8246,BOS,Flexible,Lapsed,pizza,640,96.0,OLD_SYSTEM_REF
2025-03-13,OUT_024,C_5057,BOS,Flexible,UM,dosa,1612,241.79999999999998,OLD_SYSTEM_REF
2025-03-13,OUT_027,C_3074,BOS,Flexible,Repeat,manchurian,751,112.64999999999999,OLD_SYSTEM_REF
2025-03-13,OUT_032,C_5656,Visit Pack,Fixed,Lapsed,N/A,605,90.75,OLD_SYSTEM_REF
2025-03-13,OUT_034,C_6959,BOS,Flexible,Repeat,dosa,1581,237.14999999999998,OLD_SYSTEM_REF
2025-03-13,OUT_045,C_4652,Visit Pack,Fixed,LM,N/A,1936,290.4,OLD_SYSTEM_REF
2025-03-13,OUT_048,C_1439,PSP,Flexible,Lapsed,N/A,1681,252.14999999999998,OLD_SYSTEM_REF
2025-03-13,OUT_052,C_4921,BOS,Flexible,Lapsed,pizza,1523,228.45,OLD_SYSTEM_REF
2025-03-13,OUT_066,C_2201,Visit Pack,Fixed,UM,N/A,633,94.95,OLD_SYSTEM_REF
2025-03-13,OUT_068,C_3493,PSP,Flexible,UM,N/A,1123,168.45,OLD_SYSTEM_REF
2025-03-13,OUT_081,C_7078,Visit Pack,Fixed,UM,N/A,1319,197.85,OLD_SYSTEM_REF
2025-03-13,OUT_087,C_4312,PSP,Flexible,MM,N/A,1164,174.6,OLD_SYSTEM_REF
2025-03-13,OUT_090,C_9606,PSP,Flexible,UM,N/A,694,104.1,OLD_SYSTEM_REF
2025-03-14,OUT_007,C_2783,BOS,Flexible,Lapsed,dal makhani,1600,240.0,OLD_SYSTEM_REF
2025-03-14,OUT_010,C_9934,BOS,Flexible,MM,pizza,772,115.8,OLD_SYSTEM_REF
2025-03-14,OUT_018,C_1292,BOS,Flexible,UM,pizza,705,105.75,OLD_SYSTEM_REF
2025-03-14,OUT_021,C_6138,BOS,Flexible,MM,dosa,1561,234.14999999999998,OLD_SYSTEM_REF
2025-03-14,OUT_028,C_6431,BOS,Flexible,MM,dal makhani,1681,252.14999999999998,OLD_SYSTEM_REF
2025-03-14,OUT_029,C_2157,Visit Pack,Fixed,Repeat,N/A,1810,271.5,OLD_SYSTEM_REF
2025-03-14,OUT_032,C_4492,BOS,Flexible,LM,manchurian,509,76.35,OLD_SYSTEM_REF
2025-03-14,OUT_036,C_2552,PSP,Flexible,Repeat,N/A,1211,181.65,OLD_SYSTEM_REF
2025-03-14,OUT_039,C_1334,Visit Pack,Fixed,UM,N/A,731,109.64999999999999,OLD_SYSTEM_REF
2025-03-14,OUT_040,C_7949,BOS,Flexible,LM,manchurian,1135,170.25,OLD_SYSTEM_REF
2025-03-14,OUT_055,C_7910,BOS,Flexible,MM,dosa,1977,296.55,OLD_SYSTEM_REF
2025-03-14,OUT_056,C_1045,BOS,Flexible,LM,dal makhani,790,118.5,OLD_SYSTEM_REF
2025-03-14,OUT_062,C_8662,BOS,Flexible,Lapsed,dal makhani,1222,183.29999999999998,OLD_SYSTEM_REF
2025-03-14,OUT_071,C_8794,BOS,Flexible,LM,manchurian,666,99.89999999999999,OLD_SYSTEM_REF
2025-03-14,OUT_072,C_6700,Visit Pack,Fixed,MM,N/A,800,120.0,OLD_SYSTEM_REF
2025-03-14,OUT_078,C_8308,PSP,Flexible,Lapsed,N/A,1040,156.0,OLD_SYSTEM_REF
2025-03-14,OUT_079,C_6086,Visit Pack,Fixed,LM,N/A,1526,228.9,OLD_SYSTEM_REF
2025-03-14,OUT_092,C_4317,PSP,Flexible,Lapsed,N/A,1617,242.54999999999998,OLD_SYSTEM_REF
2025-03-14,OUT_097,C_8319,PSP,Flexible,UM,N/A,805,120.75,OLD_SYSTEM_REF
2025-03-15,OUT_005,C_2799,BOS,Flexible,Lapsed,dosa,1761,264.15,OLD_SYSTEM_REF
2025-03-15,OUT_006,C_2942,Visit Pack,Fixed,UM,N/A,802,120.3,OLD_SYSTEM_REF
2025-03-15,OUT_008,C_8119,BOS,Flexible,Repeat,pizza,1650,247.5,OLD_SYSTEM_REF
2025-03-15,OUT_009,C_8812,Visit Pack,Fixed,LM,N/A,552,82.8,OLD_SYSTEM_REF
2025-03-15,OUT_023,C_4843,PSP,Flexible,LM,N/A,1376,206.4,OLD_SYSTEM_REF
2025-03-15,OUT_026,C_7425,Visit Pack,Fixed,LM,N/A,823,123.44999999999999,OLD_SYSTEM_REF
2025-03-15,OUT_041,C_6530,Visit Pack,Fixed,UM,N/A,1730,259.5,OLD_SYSTEM_REF
2025-03-15,OUT_044,C_3488,BOS,Flexible,MM,dal makhani,1731,259.65,OLD_SYSTEM_REF
2025-03-15,OUT_050,C_8950,PSP,Flexible,UM,N/A,1364,204.6,OLD_SYSTEM_REF
2025-03-15,OUT_060,C_5855,Visit Pack,Fixed,MM,N/A,636,95.39999999999999,OLD_SYSTEM_REF
2025-03-15,OUT_062,C_9653,PSP,Flexible,UM,N/A,1333,199.95,OLD_SYSTEM_REF
2025-03-15,OUT_065,C_2022,Visit Pack,Fixed,Lapsed,N/A,1528,229.2,OLD_SYSTEM_REF
2025-03-15,OUT_069,C_1827,Visit Pack,Fixed,Repeat,N/A,1370,205.5,OLD_SYSTEM_REF
2025-03-15,OUT_072,C_8530,PSP,Flexible,UM,N/A,1079,161.85,OLD_SYSTEM_REF
2025-03-15,OUT_074,C_2959,Visit Pack,Fixed,Repeat,N/A,1562,234.29999999999998,OLD_SYSTEM_REF
2025-03-15,OUT_081,C_5670,BOS,Flexible,Repeat,pizza,515,77.25,OLD_SYSTEM_REF
2025-03-15,OUT_089,C_3450,Visit Pack,Fixed,Lapsed,N/A,1499,224.85,OLD_SYSTEM_REF
2025-03-15,OUT_092,C_9029,BOS,Flexible,Lapsed,pizza,1554,233.1,OLD_SYSTEM_REF
2025-03-16,OUT_021,C_4540,Visit Pack,Fixed,Repeat,N/A,680,102.0,OLD_SYSTEM_REF
2025-03-16,OUT_023,C_2439,BOS,Flexible,UM,burger,730,109.5,OLD_SYSTEM_REF
2025-03-16,OUT_028,C_9776,Visit Pack,Fixed,MM,N/A,1846,276.9,OLD_SYSTEM_REF
2025-03-16,OUT_030,C_7647,PSP,Flexible,LM,N/A,872,130.79999999999998,OLD_SYSTEM_REF
2025-03-16,OUT_035,C_8362,Visit Pack,Fixed,UM,N/A,1777,266.55,OLD_SYSTEM_REF
2025-03-16,OUT_040,C_2733,Visit Pack,Fixed,LM,N/A,1162,174.29999999999998,OLD_SYSTEM_REF
2025-03-16,OUT_045,C_2935,Visit Pack,Fixed,Lapsed,N/A,1613,241.95,OLD_SYSTEM_REF
2025-03-16,OUT_046,C_9399,Visit Pack,Fixed,UM,N/A,1433,214.95,OLD_SYSTEM_REF
2025-03-16,OUT_050,C_8210,PSP,Flexible,Lapsed,N/A,1555,233.25,OLD_SYSTEM_REF
2025-03-16,OUT_051,C_6001,PSP,Flexible,LM,N/A,1398,209.7,OLD_SYSTEM_REF
2025-03-16,OUT_053,C_9951,PSP,Flexible,UM,N/A,793,118.94999999999999,OLD_SYSTEM_REF
2025-03-16,OUT_058,C_2525,BOS,Flexible,UM,dosa,641,96.14999999999999,OLD_SYSTEM_REF
2025-03-16,OUT_064,C_7978,BOS,Flexible,UM,manchurian,835,125.25,OLD_SYSTEM_REF
2025-03-16,OUT_071,C_7990,BOS,Flexible,Repeat,manchurian,1168,175.2,OLD_SYSTEM_REF
2025-03-16,OUT_072,C_8644,PSP,Flexible,MM,N/A,881,132.15,OLD_SYSTEM_REF
2025-03-16,OUT_078,C_6608,Visit Pack,Fixed,Lapsed,N/A,874,131.1,OLD_SYSTEM_REF
2025-03-16,OUT_081,C_1190,BOS,Flexible,LM,pizza,1692,253.79999999999998,OLD_SYSTEM_REF
2025-03-16,OUT_088,C_1548,Visit Pack,Fixed,MM,N/A,957,143.54999999999998,OLD_SYSTEM_REF
2025-03-16,OUT_089,C_6988,Visit Pack,Fixed,UM,N/A,1529,229.35,OLD_SYSTEM_REF
2025-03-16,OUT_096,C_6080,Visit Pack,Fixed,Lapsed,N/A,979,146.85,OLD_SYSTEM_REF
2025-03-17,OUT_001,C_6672,PSP,Flexible,Lapsed,N/A,1115,167.25,OLD_SYSTEM_REF
2025-03-17,OUT_003,C_2233,PSP,Flexible,Lapsed,N/A,1468,220.2,OLD_SYSTEM_REF
2025-03-17,OUT_005,C_7611,Visit Pack,Fixed,MM,N/A,1950,292.5,OLD_SYSTEM_REF
2025-03-17,OUT_017,C_3823,BOS,Flexible,MM,pizza,1213,181.95,OLD_SYSTEM_REF
2025-03-17,OUT_025,C_1068,BOS,Flexible,UM,burger,1309,196.35,OLD_SYSTEM_REF
2025-03-17,OUT_026,C_6552,BOS,Flexible,Repeat,pizza,626,93.89999999999999,OLD_SYSTEM_REF
2025-03-17,OUT_029,C_2681,PSP,Flexible,MM,N/A,1526,228.9,OLD_SYSTEM_REF
2025-03-17,OUT_035,C_8709,Visit Pack,Fixed,LM,N/A,712,106.8,OLD_SYSTEM_REF
2025-03-17,OUT_036,C_9109,Visit Pack,Fixed,MM,N/A,1195,179.25,OLD_SYSTEM_REF
2025-03-17,OUT_037,C_3733,PSP,Flexible,LM,N/A,1771,265.65,OLD_SYSTEM_REF
2025-03-17,OUT_038,C_4610,BOS,Flexible,MM,burger,1443,216.45,OLD_SYSTEM_REF
2025-03-17,OUT_041,C_4350,BOS,Flexible,Lapsed,manchurian,586,87.89999999999999,OLD_SYSTEM_REF
2025-03-17,OUT_052,C_5243,BOS,Flexible,LM,pizza,1063,159.45,OLD_SYSTEM_REF
2025-03-17,OUT_055,C_9495,PSP,Flexible,MM,N/A,813,121.94999999999999,OLD_SYSTEM_REF
2025-03-17,OUT_060,C_4066,PSP,Flexible,LM,N/A,1881,282.15,OLD_SYSTEM_REF
2025-03-17,OUT_067,C_3576,PSP,Flexible,LM,N/A,941,141.15,OLD_SYSTEM_REF
2025-03-17,OUT_076,C_4323,Visit Pack,Fixed,UM,N/A,565,84.75,OLD_SYSTEM_REF
2025-03-17,OUT_080,C_7063,Visit Pack,Fixed,MM,N/A,767,115.05,OLD_SYSTEM_REF
2025-03-17,OUT_084,C_5927,Visit Pack,Fixed,UM,N/A,913,136.95,OLD_SYSTEM_REF
2025-03-17,OUT_096,C_9800,PSP,Flexible,Repeat,N/A,1021,153.15,OLD_SYSTEM_REF
2025-03-17,OUT_097,C_6452,Visit Pack,Fixed,MM,N/A,1783,267.45,OLD_SYSTEM_REF
2025-03-18,OUT_002,C_3458,Visit Pack,Fixed,MM,N/A,1873,280.95,OLD_SYSTEM_REF
2025-03-18,OUT_015,C_6368,BOS,Flexible,Repeat,dosa,1461,219.15,OLD_SYSTEM_REF
2025-03-18,OUT_016,C_3509,Visit Pack,Fixed,UM,N/A,1356,203.4,OLD_SYSTEM_REF
2025-03-18,OUT_029,C_7161,Visit Pack,Fixed,UM,N/A,1122,168.29999999999998,OLD_SYSTEM_REF
2025-03-18,OUT_036,C_9671,PSP,Flexible,MM,N/A,647,97.05,OLD_SYSTEM_REF
2025-03-18,OUT_038,C_2156,Visit Pack,Fixed,Repeat,N/A,1534,230.1,OLD_SYSTEM_REF
2025-03-18,OUT_039,C_9459,BOS,Flexible,Repeat,dal makhani,1710,256.5,OLD_SYSTEM_REF
2025-03-18,OUT_040,C_4039,BOS,Flexible,Repeat,manchurian,1872,280.8,OLD_SYSTEM_REF
2025-03-18,OUT_044,C_5021,Visit Pack,Fixed,Repeat,N/A,1491,223.65,OLD_SYSTEM_REF
2025-03-18,OUT_052,C_1566,BOS,Flexible,Lapsed,pizza,1370,205.5,OLD_SYSTEM_REF
2025-03-18,OUT_055,C_3754,PSP,Flexible,Lapsed,N/A,1618,242.7,OLD_SYSTEM_REF
2025-03-18,OUT_066,C_2503,Visit Pack,Fixed,UM,N/A,529,79.35,OLD_SYSTEM_REF
2025-03-18,OUT_084,C_4250,Visit Pack,Fixed,MM,N/A,1056,158.4,OLD_SYSTEM_REF
2025-03-18,OUT_094,C_2243,BOS,Flexible,Lapsed,dosa,1030,154.5,OLD_SYSTEM_REF
2025-03-18,OUT_095,C_4816,PSP,Flexible,Lapsed,N/A,545,81.75,OLD_SYSTEM_REF
2025-03-18,OUT_098,C_8683,BOS,Flexible,Lapsed,dosa,1700,255.0,OLD_SYSTEM_REF
2025-03-19,OUT_004,C_2991,BOS,Flexible,Lapsed,dosa,1677,251.54999999999998,OLD_SYSTEM_REF
2025-03-19,OUT_006,C_8741,BOS,Flexible,LM,dosa,919,137.85,OLD_SYSTEM_REF
2025-03-19,OUT_012,C_6845,PSP,Flexible,Lapsed,N/A,898,134.7,OLD_SYSTEM_REF
2025-03-19,OUT_015,C_3148,Visit Pack,Fixed,MM,N/A,1203,180.45,OLD_SYSTEM_REF
2025-03-19,OUT_016,C_9017,Visit Pack,Fixed,Lapsed,N/A,1498,224.7,OLD_SYSTEM_REF
2025-03-19,OUT_017,C_6053,Visit Pack,Fixed,MM,N/A,553,82.95,OLD_SYSTEM_REF
2025-03-19,OUT_023,C_9733,Visit Pack,Fixed,LM,N/A,848,127.19999999999999,OLD_SYSTEM_REF
2025-03-19,OUT_025,C_4582,PSP,Flexible,UM,N/A,1346,201.9,OLD_SYSTEM_REF
2025-03-19,OUT_027,C_3134,PSP,Flexible,Repeat,N/A,851,127.64999999999999,OLD_SYSTEM_REF
2025-03-19,OUT_028,C_2465,PSP,Flexible,Lapsed,N/A,775,116.25,OLD_SYSTEM_REF
2025-03-19,OUT_030,C_6638,BOS,Flexible,MM,burger,1737,260.55,OLD_SYSTEM_REF
2025-03-19,OUT_031,C_1304,Visit Pack,Fixed,UM,N/A,1190,178.5,OLD_SYSTEM_REF
2025-03-19,OUT_034,C_2055,PSP,Flexible,MM,N/A,1015,152.25,OLD_SYSTEM_REF
2025-03-19,OUT_037,C_1294,BOS,Flexible,UM,dal makhani,1559,233.85,OLD_SYSTEM_REF
2025-03-19,OUT_040,C_2490,Visit Pack,Fixed,Lapsed,N/A,763,114.45,OLD_SYSTEM_REF
2025-03-19,OUT_042,C_7359,PSP,Flexible,Lapsed,N/A,1270,190.5,OLD_SYSTEM_REF
2025-03-19,OUT_050,C_5625,BOS,Flexible,LM,pizza,899,134.85,OLD_SYSTEM_REF
2025-03-19,OUT_051,C_1117,BOS,Flexible,Repeat,manchurian,872,130.79999999999998,OLD_SYSTEM_REF
2025-03-19,OUT_059,C_4071,PSP,Flexible,Repeat,N/A,1204,180.6,OLD_SYSTEM_REF
2025-03-19,OUT_060,C_1584,Visit Pack,Fixed,LM,N/A,905,135.75,OLD_SYSTEM_REF
2025-03-19,OUT_064,C_1581,Visit Pack,Fixed,LM,N/A,1434,215.1,OLD_SYSTEM_REF
2025-03-19,OUT_068,C_3057,Visit Pack,Fixed,UM,N/A,1836,275.4,OLD_SYSTEM_REF
2025-03-19,OUT_071,C_3454,BOS,Flexible,LM,manchurian,1818,272.7,OLD_SYSTEM_REF
2025-03-19,OUT_074,C_6537,Visit Pack,Fixed,Lapsed,N/A,859,128.85,OLD_SYSTEM_REF
2025-03-19,OUT_079,C_4691,PSP,Flexible,Lapsed,N/A,1354,203.1,OLD_SYSTEM_REF
2025-03-19,OUT_084,C_9263,PSP,Flexible,UM,N/A,1161,174.15,OLD_SYSTEM_REF
2025-03-19,OUT_086,C_5889,BOS,Flexible,UM,dal makhani,573,85.95,OLD_SYSTEM_REF
2025-03-19,OUT_090,C_6080,BOS,Flexible,Repeat,dal makhani,520,78.0,OLD_SYSTEM_REF
2025-03-20,OUT_009,C_2729,BOS,Flexible,Lapsed,dal makhani,878,131.7,OLD_SYSTEM_REF
2025-03-20,OUT_010,C_3771,Visit Pack,Fixed,UM,N/A,1010,151.5,OLD_SYSTEM_REF
2025-03-20,OUT_011,C_2722,PSP,Flexible,Lapsed,N/A,1173,175.95,OLD_SYSTEM_REF
2025-03-20,OUT_014,C_1259,BOS,Flexible,Lapsed,dal makhani,532,79.8,OLD_SYSTEM_REF
2025-03-20,OUT_015,C_6718,PSP,Flexible,UM,N/A,1225,183.75,OLD_SYSTEM_REF
2025-03-20,OUT_025,C_2542,PSP,Flexible,Repeat,N/A,830,124.5,OLD_SYSTEM_REF
2025-03-20,OUT_032,C_8066,BOS,Flexible,LM,manchurian,1814,272.09999999999997,OLD_SYSTEM_REF
2025-03-20,OUT_040,C_5212,Visit Pack,Fixed,Lapsed,N/A,1080,162.0,OLD_SYSTEM_REF
2025-03-20,OUT_042,C_4725,Visit Pack,Fixed,Repeat,N/A,936,140.4,OLD_SYSTEM_REF
2025-03-20,OUT_053,C_8173,BOS,Flexible,LM,manchurian,567,85.05,OLD_SYSTEM_REF
2025-03-20,OUT_055,C_6952,PSP,Flexible,Lapsed,N/A,1557,233.54999999999998,OLD_SYSTEM_REF
2025-03-20,OUT_057,C_1834,BOS,Flexible,UM,dal makhani,1043,156.45,OLD_SYSTEM_REF
2025-03-20,OUT_058,C_1302,BOS,Flexible,Repeat,dosa,1562,234.29999999999998,OLD_SYSTEM_REF
2025-03-20,OUT_065,C_3277,PSP,Flexible,Lapsed,N/A,636,95.39999999999999,OLD_SYSTEM_REF
2025-03-20,OUT_068,C_1406,BOS,Flexible,Lapsed,manchurian,819,122.85,OLD_SYSTEM_REF
2025-03-20,OUT_070,C_1928,PSP,Flexible,Lapsed,N/A,1593,238.95,OLD_SYSTEM_REF
2025-03-20,OUT_071,C_8055,BOS,Flexible,LM,manchurian,1646,246.89999999999998,OLD_SYSTEM_REF
2025-03-20,OUT_073,C_7854,Visit Pack,Fixed,UM,N/A,913,136.95,OLD_SYSTEM_REF
2025-03-20,OUT_075,C_8010,Visit Pack,Fixed,UM,N/A,1180,177.0,OLD_SYSTEM_REF
2025-03-20,OUT_076,C_3781,PSP,Flexible,LM,N/A,1928,289.2,OLD_SYSTEM_REF
2025-03-20,OUT_080,C_2528,PSP,Flexible,Repeat,N/A,1743,261.45,OLD_SYSTEM_REF
2025-03-20,OUT_089,C_5052,PSP,Flexible,Repeat,N/A,911,136.65,OLD_SYSTEM_REF
2025-03-21,OUT_002,C_3680,BOS,Flexible,Lapsed,dal makhani,1079,161.85,OLD_SYSTEM_REF
2025-03-21,OUT_007,C_7271,Visit Pack,Fixed,LM,N/A,1568,235.2,OLD_SYSTEM_REF
2025-03-21,OUT_017,C_6783,PSP,Flexible,UM,N/A,907,136.04999999999998,OLD_SYSTEM_REF
2025-03-21,OUT_019,C_5060,PSP,Flexible,Lapsed,N/A,1312,196.79999999999998,OLD_SYSTEM_REF
2025-03-21,OUT_021,C_1255,PSP,Flexible,Lapsed,N/A,836,125.39999999999999,OLD_SYSTEM_REF
2025-03-21,OUT_023,C_2962,PSP,Flexible,UM,N/A,552,82.8,OLD_SYSTEM_REF
2025-03-21,OUT_024,C_6487,PSP,Flexible,UM,N/A,854,128.1,OLD_SYSTEM_REF
2025-03-21,OUT_030,C_9872,Visit Pack,Fixed,Repeat,N/A,774,116.1,OLD_SYSTEM_REF
2025-03-21,OUT_038,C_4042,PSP,Flexible,Lapsed,N/A,796,119.39999999999999,OLD_SYSTEM_REF
2025-03-21,OUT_045,C_9011,PSP,Flexible,MM,N/A,1400,210.0,OLD_SYSTEM_REF
2025-03-21,OUT_053,C_8778,PSP,Flexible,Repeat,N/A,950,142.5,OLD_SYSTEM_REF
2025-03-21,OUT_065,C_8946,PSP,Flexible,LM,N/A,1332,199.79999999999998,OLD_SYSTEM_REF
2025-03-21,OUT_070,C_2906,PSP,Flexible,LM,N/A,1007,151.04999999999998,OLD_SYSTEM_REF
2025-03-21,OUT_087,C_4712,PSP,Flexible,MM,N/A,1032,154.79999999999998,OLD_SYSTEM_REF
2025-03-21,OUT_093,C_2291,BOS,Flexible,Lapsed,manchurian,1201,180.15,OLD_SYSTEM_REF
2025-03-21,OUT_095,C_7643,PSP,Flexible,LM,N/A,1137,170.54999999999998,OLD_SYSTEM_REF
2025-03-22,OUT_002,C_7507,PSP,Flexible,Lapsed,N/A,1120,168.0,OLD_SYSTEM_REF
2025-03-22,OUT_012,C_2421,PSP,Flexible,Lapsed,N/A,618,92.7,OLD_SYSTEM_REF
2025-03-22,OUT_013,C_3623,Visit Pack,Fixed,LM,N/A,500,75.0,OLD_SYSTEM_REF
2025-03-22,OUT_014,C_8008,Visit Pack,Fixed,MM,N/A,1327,199.04999999999998,OLD_SYSTEM_REF
2025-03-22,OUT_019,C_2232,Visit Pack,Fixed,Lapsed,N/A,504,75.6,OLD_SYSTEM_REF
2025-03-22,OUT_021,C_4087,Visit Pack,Fixed,LM,N/A,584,87.6,OLD_SYSTEM_REF
2025-03-22,OUT_024,C_3341,PSP,Flexible,Repeat,N/A,1990,298.5,OLD_SYSTEM_REF
2025-03-22,OUT_025,C_5701,Visit Pack,Fixed,Repeat,N/A,1757,263.55,OLD_SYSTEM_REF
2025-03-22,OUT_028,C_5183,Visit Pack,Fixed,Repeat,N/A,1040,156.0,OLD_SYSTEM_REF
2025-03-22,OUT_042,C_7495,Visit Pack,Fixed,Lapsed,N/A,1531,229.65,OLD_SYSTEM_REF
2025-03-22,OUT_048,C_9563,BOS,Flexible,Lapsed,burger,1307,196.04999999999998,OLD_SYSTEM_REF
2025-03-22,OUT_051,C_9962,PSP,Flexible,LM,N/A,1748,262.2,OLD_SYSTEM_REF
2025-03-22,OUT_057,C_1773,BOS,Flexible,LM,dal makhani,1669,250.35,OLD_SYSTEM_REF
2025-03-22,OUT_066,C_3793,BOS,Flexible,Repeat,manchurian,1151,172.65,OLD_SYSTEM_REF
2025-03-22,OUT_067,C_5297,Visit Pack,Fixed,Repeat,N/A,1639,245.85,OLD_SYSTEM_REF
2025-03-22,OUT_068,C_8495,BOS,Flexible,MM,manchurian,1616,242.39999999999998,OLD_SYSTEM_REF
2025-03-22,OUT_073,C_9458,Visit Pack,Fixed,UM,N/A,1216,182.4,OLD_SYSTEM_REF
2025-03-22,OUT_074,C_3485,Visit Pack,Fixed,Lapsed,N/A,852,127.8,OLD_SYSTEM_REF
2025-03-22,OUT_079,C_1053,Visit Pack,Fixed,Lapsed,N/A,1246,186.9,OLD_SYSTEM_REF
2025-03-22,OUT_087,C_4237,PSP,Flexible,Lapsed,N/A,1027,154.04999999999998,OLD_SYSTEM_REF
2025-03-22,OUT_096,C_2691,PSP,Flexible,Lapsed,N/A,1714,257.09999999999997,OLD_SYSTEM_REF
2025-03-22,OUT_097,C_4400,PSP,Flexible,Lapsed,N/A,1173,175.95,OLD_SYSTEM_REF
2025-03-22,OUT_098,C_9255,BOS,Flexible,Lapsed,dosa,1555,233.25,OLD_SYSTEM_REF
2025-03-23,OUT_001,C_8973,PSP,Flexible,UM,N/A,1885,282.75,OLD_SYSTEM_REF
2025-03-23,OUT_010,C_6075,PSP,Flexible,Lapsed,N/A,1997,299.55,OLD_SYSTEM_REF
2025-03-23,OUT_017,C_1496,BOS,Flexible,MM,pizza,972,145.79999999999998,OLD_SYSTEM_REF
2025-03-23,OUT_021,C_4986,BOS,Flexible,Repeat,dosa,1820,273.0,OLD_SYSTEM_REF
2025-03-23,OUT_029,C_3543,BOS,Flexible,MM,dosa,1693,253.95,OLD_SYSTEM_REF
2025-03-23,OUT_040,C_1700,Visit Pack,Fixed,Repeat,N/A,1788,268.2,OLD_SYSTEM_REF
2025-03-23,OUT_041,C_9383,PSP,Flexible,Repeat,N/A,666,99.89999999999999,OLD_SYSTEM_REF
2025-03-23,OUT_042,C_2400,BOS,Flexible,LM,pizza,1319,197.85,OLD_SYSTEM_REF
2025-03-23,OUT_047,C_7370,Visit Pack,Fixed,Repeat,N/A,1274,191.1,OLD_SYSTEM_REF
2025-03-23,OUT_049,C_5578,BOS,Flexible,Repeat,dal makhani,504,75.6,OLD_SYSTEM_REF
2025-03-23,OUT_061,C_4302,BOS,Flexible,Repeat,dosa,1570,235.5,OLD_SYSTEM_REF
2025-03-23,OUT_062,C_8314,BOS,Flexible,LM,dal makhani,582,87.3,OLD_SYSTEM_REF
2025-03-23,OUT_078,C_6436,BOS,Flexible,UM,burger,1720,258.0,OLD_SYSTEM_REF
2025-03-24,OUT_006,C_5531,BOS,Flexible,LM,dosa,720,108.0,OLD_SYSTEM_REF
2025-03-24,OUT_013,C_6112,PSP,Flexible,Lapsed,N/A,1067,160.04999999999998,OLD_SYSTEM_REF
2025-03-24,OUT_016,C_7182,BOS,Flexible,UM,dosa,1450,217.5,OLD_SYSTEM_REF
2025-03-24,OUT_020,C_9135,PSP,Flexible,UM,N/A,974,146.1,OLD_SYSTEM_REF
2025-03-24,OUT_021,C_9471,PSP,Flexible,MM,N/A,725,108.75,OLD_SYSTEM_REF
2025-03-24,OUT_026,C_2776,PSP,Flexible,UM,N/A,790,118.5,OLD_SYSTEM_REF
2025-03-24,OUT_032,C_1507,BOS,Flexible,LM,manchurian,1420,213.0,OLD_SYSTEM_REF
2025-03-24,OUT_039,C_7149,BOS,Flexible,LM,dal makhani,1552,232.79999999999998,OLD_SYSTEM_REF
2025-03-24,OUT_041,C_7769,BOS,Flexible,UM,manchurian,1262,189.29999999999998,OLD_SYSTEM_REF
2025-03-24,OUT_045,C_9231,PSP,Flexible,MM,N/A,1295,194.25,OLD_SYSTEM_REF
2025-03-24,OUT_048,C_5980,Visit Pack,Fixed,UM,N/A,1016,152.4,OLD_SYSTEM_REF
2025-03-24,OUT_049,C_7015,PSP,Flexible,Lapsed,N/A,1898,284.7,OLD_SYSTEM_REF
2025-03-24,OUT_052,C_7119,PSP,Flexible,Repeat,N/A,1358,203.7,OLD_SYSTEM_REF
2025-03-24,OUT_073,C_7631,BOS,Flexible,UM,pizza,661,99.14999999999999,OLD_SYSTEM_REF
2025-03-24,OUT_081,C_4173,PSP,Flexible,UM,N/A,1341,201.15,OLD_SYSTEM_REF
2025-03-24,OUT_085,C_7136,PSP,Flexible,Repeat,N/A,1190,178.5,OLD_SYSTEM_REF
2025-03-24,OUT_088,C_5806,Visit Pack,Fixed,MM,N/A,1363,204.45,OLD_SYSTEM_REF
2025-03-24,OUT_099,C_4121,BOS,Flexible,LM,manchurian,1774,266.09999999999997,OLD_SYSTEM_REF
2025-03-25,OUT_001,C_7106,Visit Pack,Fixed,MM,N/A,600,90.0,OLD_SYSTEM_REF
2025-03-25,OUT_004,C_6083,BOS,Flexible,Lapsed,dosa,1930,289.5,OLD_SYSTEM_REF
2025-03-25,OUT_009,C_2889,BOS,Flexible,Lapsed,dal makhani,1272,190.79999999999998,OLD_SYSTEM_REF
2025-03-25,OUT_015,C_4654,PSP,Flexible,LM,N/A,1162,174.29999999999998,OLD_SYSTEM_REF
2025-03-25,OUT_018,C_7395,BOS,Flexible,UM,pizza,673,100.95,OLD_SYSTEM_REF
2025-03-25,OUT_024,C_4412,BOS,Flexible,UM,dosa,1550,232.5,OLD_SYSTEM_REF
2025-03-25,OUT_029,C_2388,Visit Pack,Fixed,MM,N/A,749,112.35,OLD_SYSTEM_REF
2025-03-25,OUT_044,C_4436,BOS,Flexible,Repeat,dal makhani,1697,254.54999999999998,OLD_SYSTEM_REF
2025-03-25,OUT_049,C_7066,BOS,Flexible,UM,dal makhani,760,114.0,OLD_SYSTEM_REF
2025-03-25,OUT_051,C_4868,Visit Pack,Fixed,Repeat,N/A,1877,281.55,OLD_SYSTEM_REF
2025-03-25,OUT_060,C_5445,Visit Pack,Fixed,Lapsed,N/A,1149,172.35,OLD_SYSTEM_REF
2025-03-25,OUT_063,C_8727,PSP,Flexible,LM,N/A,1769,265.34999999999997,OLD_SYSTEM_REF
2025-03-25,OUT_068,C_6009,BOS,Flexible,LM,manchurian,1292,193.79999999999998,OLD_SYSTEM_REF
2025-03-25,OUT_070,C_9816,Visit Pack,Fixed,Lapsed,N/A,773,115.94999999999999,OLD_SYSTEM_REF
2025-03-25,OUT_076,C_8321,BOS,Flexible,Repeat,dosa,716,107.39999999999999,OLD_SYSTEM_REF
2025-03-25,OUT_088,C_9490,PSP,Flexible,Repeat,N/A,748,112.2,OLD_SYSTEM_REF
2025-03-25,OUT_099,C_5768,PSP,Flexible,LM,N/A,1404,210.6,OLD_SYSTEM_REF
2025-03-26,OUT_001,C_8417,Visit Pack,Fixed,MM,N/A,1843,276.45,OLD_SYSTEM_REF
2025-03-26,OUT_007,C_5137,PSP,Flexible,Repeat,N/A,1537,230.54999999999998,OLD_SYSTEM_REF
2025-03-26,OUT_009,C_5542,PSP,Flexible,UM,N/A,965,144.75,OLD_SYSTEM_REF
2025-03-26,OUT_014,C_7255,PSP,Flexible,UM,N/A,900,135.0,OLD_SYSTEM_REF
2025-03-26,OUT_019,C_7781,PSP,Flexible,Lapsed,N/A,1100,165.0,OLD_SYSTEM_REF
2025-03-26,OUT_022,C_7096,Visit Pack,Fixed,Lapsed,N/A,1955,293.25,OLD_SYSTEM_REF
2025-03-26,OUT_027,C_4530,Visit Pack,Fixed,Lapsed,N/A,1006,150.9,OLD_SYSTEM_REF
2025-03-26,OUT_040,C_8903,PSP,Flexible,UM,N/A,1354,203.1,OLD_SYSTEM_REF
2025-03-26,OUT_042,C_8203,PSP,Flexible,Lapsed,N/A,1374,206.1,OLD_SYSTEM_REF
2025-03-26,OUT_052,C_3127,PSP,Flexible,LM,N/A,1357,203.54999999999998,OLD_SYSTEM_REF
2025-03-26,OUT_056,C_7592,PSP,Flexible,Repeat,N/A,1864,279.59999999999997,OLD_SYSTEM_REF
2025-03-26,OUT_070,C_8619,BOS,Flexible,Repeat,dosa,1574,236.1,OLD_SYSTEM_REF
2025-03-26,OUT_071,C_1514,BOS,Flexible,UM,manchurian,629,94.35,OLD_SYSTEM_REF
2025-03-26,OUT_077,C_1386,Visit Pack,Fixed,Lapsed,N/A,1026,153.9,OLD_SYSTEM_REF
2025-03-26,OUT_078,C_6822,Visit Pack,Fixed,MM,N/A,960,144.0,OLD_SYSTEM_REF
2025-03-26,OUT_086,C_3775,Visit Pack,Fixed,MM,N/A,1043,156.45,OLD_SYSTEM_REF
2025-03-26,OUT_087,C_3179,PSP,Flexible,LM,N/A,1719,257.84999999999997,OLD_SYSTEM_REF
2025-03-26,OUT_088,C_3012,PSP,Flexible,LM,N/A,591,88.64999999999999,OLD_SYSTEM_REF
2025-03-26,OUT_093,C_9474,PSP,Flexible,Repeat,N/A,676,101.39999999999999,OLD_SYSTEM_REF
2025-03-26,OUT_095,C_8870,Visit Pack,Fixed,Repeat,N/A,1458,218.7,OLD_SYSTEM_REF
2025-03-26,OUT_100,C_4706,Visit Pack,Fixed,MM,N/A,1786,267.9,OLD_SYSTEM_REF
2025-03-27,OUT_005,C_5386,Visit Pack,Fixed,LM,N/A,1680,252.0,OLD_SYSTEM_REF
2025-03-27,OUT_009,C_3871,BOS,Flexible,Lapsed,dal makhani,719,107.85,OLD_SYSTEM_REF
2025-03-27,OUT_013,C_5609,PSP,Flexible,UM,N/A,1007,151.04999999999998,OLD_SYSTEM_REF
2025-03-27,OUT_014,C_9759,Visit Pack,Fixed,LM,N/A,1574,236.1,OLD_SYSTEM_REF
2025-03-27,OUT_015,C_8976,BOS,Flexible,MM,dosa,1744,261.59999999999997,OLD_SYSTEM_REF
2025-03-27,OUT_019,C_8012,PSP,Flexible,LM,N/A,1116,167.4,OLD_SYSTEM_REF
2025-03-27,OUT_024,C_2008,BOS,Flexible,MM,dosa,938,140.7,OLD_SYSTEM_REF
2025-03-27,OUT_032,C_9405,BOS,Flexible,Lapsed,manchurian,1391,208.65,OLD_SYSTEM_REF
2025-03-27,OUT_033,C_2876,BOS,Flexible,LM,dosa,1696,254.39999999999998,OLD_SYSTEM_REF
2025-03-27,OUT_040,C_8041,BOS,Flexible,MM,manchurian,1696,254.39999999999998,OLD_SYSTEM_REF
2025-03-27,OUT_048,C_9303,Visit Pack,Fixed,LM,N/A,1305,195.75,OLD_SYSTEM_REF
2025-03-27,OUT_052,C_5215,BOS,Flexible,UM,pizza,1274,191.1,OLD_SYSTEM_REF
2025-03-27,OUT_055,C_6198,BOS,Flexible,UM,dosa,1072,160.79999999999998,OLD_SYSTEM_REF
2025-03-27,OUT_059,C_1848,PSP,Flexible,LM,N/A,1314,197.1,OLD_SYSTEM_REF
2025-03-27,OUT_064,C_7578,Visit Pack,Fixed,Lapsed,N/A,940,141.0,OLD_SYSTEM_REF
2025-03-27,OUT_065,C_8057,BOS,Flexible,UM,burger,1710,256.5,OLD_SYSTEM_REF
2025-03-27,OUT_066,C_6714,BOS,Flexible,Lapsed,manchurian,1553,232.95,OLD_SYSTEM_REF
2025-03-27,OUT_069,C_1017,Visit Pack,Fixed,MM,N/A,878,131.7,OLD_SYSTEM_REF
2025-03-27,OUT_070,C_5470,BOS,Flexible,Repeat,dosa,1177,176.54999999999998,OLD_SYSTEM_REF
2025-03-27,OUT_080,C_3701,BOS,Flexible,MM,manchurian,1171,175.65,OLD_SYSTEM_REF
2025-03-27,OUT_081,C_1783,PSP,Flexible,Repeat,N/A,832,124.8,OLD_SYSTEM_REF
2025-03-27,OUT_086,C_1621,Visit Pack,Fixed,MM,N/A,739,110.85,OLD_SYSTEM_REF
2025-03-27,OUT_091,C_3606,BOS,Flexible,Repeat,dosa,979,146.85,OLD_SYSTEM_REF
2025-03-27,OUT_092,C_6968,PSP,Flexible,LM,N/A,1028,154.2,OLD_SYSTEM_REF
2025-03-27,OUT_097,C_5940,BOS,Flexible,Lapsed,burger,1629,244.35,OLD_SYSTEM_REF
2025-03-28,OUT_009,C_6752,BOS,Flexible,UM,dal makhani,512,76.8,OLD_SYSTEM_REF
2025-03-28,OUT_026,C_2166,BOS,Flexible,Lapsed,pizza,1438,215.7,OLD_SYSTEM_REF
2025-03-28,OUT_056,C_1566,Visit Pack,Fixed,Repeat,N/A,1899,284.84999999999997,OLD_SYSTEM_REF
2025-03-28,OUT_060,C_1769,PSP,Flexible,Repeat,N/A,1201,180.15,OLD_SYSTEM_REF
2025-03-28,OUT_063,C_5254,PSP,Flexible,Lapsed,N/A,971,145.65,OLD_SYSTEM_REF
2025-03-28,OUT_066,C_1678,Visit Pack,Fixed,MM,N/A,1541,231.14999999999998,OLD_SYSTEM_REF
2025-03-28,OUT_071,C_4858,PSP,Flexible,UM,N/A,1514,227.1,OLD_SYSTEM_REF
2025-03-28,OUT_073,C_1006,BOS,Flexible,UM,pizza,1161,174.15,OLD_SYSTEM_REF
2025-03-28,OUT_074,C_4208,Visit Pack,Fixed,Repeat,N/A,1984,297.59999999999997,OLD_SYSTEM_REF
2025-03-28,OUT_076,C_2179,BOS,Flexible,Repeat,dosa,894,134.1,OLD_SYSTEM_REF
2025-03-28,OUT_081,C_7427,BOS,Flexible,Repeat,pizza,1352,202.79999999999998,OLD_SYSTEM_REF
2025-03-28,OUT_084,C_9007,Visit Pack,Fixed,Lapsed,N/A,626,93.89999999999999,OLD_SYSTEM_REF
2025-03-28,OUT_086,C_7886,PSP,Flexible,LM,N/A,679,101.85,OLD_SYSTEM_REF
2025-03-28,OUT_087,C_1408,BOS,Flexible,Lapsed,manchurian,1514,227.1,OLD_SYSTEM_REF
2025-03-28,OUT_092,C_1084,BOS,Flexible,UM,pizza,1332,199.79999999999998,OLD_SYSTEM_REF
2025-03-28,OUT_094,C_4624,BOS,Flexible,MM,dosa,1756,263.4,OLD_SYSTEM_REF
2025-03-28,OUT_095,C_1765,Visit Pack,Fixed,UM,N/A,1121,168.15,OLD_SYSTEM_REF
2025-03-28,OUT_098,C_7278,BOS,Flexible,Repeat,dosa,1815,272.25,OLD_SYSTEM_REF
2025-03-29,OUT_003,C_3430,PSP,Flexible,Lapsed,N/A,504,75.6,OLD_SYSTEM_REF
2025-03-29,OUT_007,C_5926,Visit Pack,Fixed,Repeat,N/A,1788,268.2,OLD_SYSTEM_REF
2025-03-29,OUT_011,C_1790,PSP,Flexible,Repeat,N/A,618,92.7,OLD_SYSTEM_REF
2025-03-29,OUT_012,C_4881,PSP,Flexible,Repeat,N/A,1395,209.25,OLD_SYSTEM_REF
2025-03-29,OUT_016,C_3002,PSP,Flexible,Lapsed,N/A,1135,170.25,OLD_SYSTEM_REF
2025-03-29,OUT_017,C_8522,Visit Pack,Fixed,MM,N/A,1322,198.29999999999998,OLD_SYSTEM_REF
2025-03-29,OUT_019,C_5214,BOS,Flexible,Repeat,dal makhani,1658,248.7,OLD_SYSTEM_REF
2025-03-29,OUT_023,C_2556,Visit Pack,Fixed,Repeat,N/A,1017,152.54999999999998,OLD_SYSTEM_REF
2025-03-29,OUT_024,C_7401,PSP,Flexible,LM,N/A,1036,155.4,OLD_SYSTEM_REF
2025-03-29,OUT_044,C_4562,Visit Pack,Fixed,Repeat,N/A,772,115.8,OLD_SYSTEM_REF
2025-03-29,OUT_050,C_5735,Visit Pack,Fixed,LM,N/A,1574,236.1,OLD_SYSTEM_REF
2025-03-29,OUT_052,C_1406,Visit Pack,Fixed,LM,N/A,1177,176.54999999999998,OLD_SYSTEM_REF
2025-03-29,OUT_055,C_1528,PSP,Flexible,UM,N/A,695,104.25,OLD_SYSTEM_REF
2025-03-29,OUT_056,C_8677,PSP,Flexible,LM,N/A,1428,214.2,OLD_SYSTEM_REF
2025-03-29,OUT_064,C_4454,PSP,Flexible,Lapsed,N/A,1131,169.65,OLD_SYSTEM_REF
2025-03-29,OUT_065,C_2705,Visit Pack,Fixed,Repeat,N/A,1773,265.95,OLD_SYSTEM_REF
2025-03-29,OUT_067,C_4314,BOS,Flexible,UM,dosa,889,133.35,OLD_SYSTEM_REF
2025-03-29,OUT_068,C_9305,PSP,Flexible,MM,N/A,1681,252.14999999999998,OLD_SYSTEM_REF
2025-03-29,OUT_069,C_7361,Visit Pack,Fixed,MM,N/A,728,109.2,OLD_SYSTEM_REF
2025-03-29,OUT_085,C_7018,Visit Pack,Fixed,Lapsed,N/A,1110,166.5,OLD_SYSTEM_REF
2025-03-29,OUT_086,C_4795,PSP,Flexible,UM,N/A,558,83.7,OLD_SYSTEM_REF
2025-03-29,OUT_092,C_8294,Visit Pack,Fixed,UM,N/A,1911,286.65,OLD_SYSTEM_REF
2025-03-29,OUT_095,C_2552,BOS,Flexible,Repeat,burger,876,131.4,OLD_SYSTEM_REF
2025-03-29,OUT_100,C_3494,PSP,Flexible,Repeat,N/A,1764,264.59999999999997,OLD_SYSTEM_REF
2025-03-30,OUT_004,C_1107,PSP,Flexible,Repeat,N/A,679,101.85,OLD_SYSTEM_REF
2025-03-30,OUT_020,C_6202,Visit Pack,Fixed,Repeat,N/A,1969,295.34999999999997,OLD_SYSTEM_REF
2025-03-30,OUT_033,C_3639,BOS,Flexible,MM,dosa,1560,234.0,OLD_SYSTEM_REF
2025-03-30,OUT_036,C_1278,PSP,Flexible,Lapsed,N/A,1103,165.45,OLD_SYSTEM_REF
2025-03-30,OUT_039,C_2256,PSP,Flexible,LM,N/A,1599,239.85,OLD_SYSTEM_REF
2025-03-30,OUT_053,C_6921,Visit Pack,Fixed,Lapsed,N/A,1715,257.25,OLD_SYSTEM_REF
2025-03-30,OUT_061,C_1283,Visit Pack,Fixed,Repeat,N/A,1160,174.0,OLD_SYSTEM_REF
2025-03-30,OUT_062,C_9337,BOS,Flexible,UM,dal makhani,866,129.9,OLD_SYSTEM_REF
2025-03-30,OUT_066,C_1437,Visit Pack,Fixed,Lapsed,N/A,1421,213.15,OLD_SYSTEM_REF
2025-03-30,OUT_069,C_4530,BOS,Flexible,LM,manchurian,1301,195.15,OLD_SYSTEM_REF
2025-03-30,OUT_086,C_8598,PSP,Flexible,Repeat,N/A,855,128.25,OLD_SYSTEM_REF
2025-03-30,OUT_087,C_9040,BOS,Flexible,LM,manchurian,1724,258.59999999999997,OLD_SYSTEM_REF
2025-03-30,OUT_100,C_2707,PSP,Flexible,Repeat,N/A,1328,199.2,OLD_SYSTEM_REF
2025-03-31,OUT_007,C_8177,Visit Pack,Fixed,Repeat,N/A,1822,273.3,OLD_SYSTEM_REF
2025-03-31,OUT_011,C_2575,BOS,Flexible,MM,burger,894,134.1,OLD_SYSTEM_REF
2025-03-31,OUT_018,C_8247,Visit Pack,Fixed,LM,N/A,1898,284.7,OLD_SYSTEM_REF
2025-03-31,OUT_024,C_7571,PSP,Flexible,Lapsed,N/A,1778,266.7,OLD_SYSTEM_REF
2025-03-31,OUT_027,C_3916,BOS,Flexible,UM,manchurian,709,106.35,OLD_SYSTEM_REF
2025-03-31,OUT_029,C_5055,Visit Pack,Fixed,LM,N/A,847,127.05,OLD_SYSTEM_REF
2025-03-31,OUT_031,C_5867,BOS,Flexible,LM,manchurian,525,78.75,OLD_SYSTEM_REF
2025-03-31,OUT_036,C_6807,Visit Pack,Fixed,Repeat,N/A,937,140.54999999999998,OLD_SYSTEM_REF
2025-03-31,OUT_040,C_7873,PSP,Flexible,LM,N/A,1082,162.29999999999998,OLD_SYSTEM_REF
2025-03-31,OUT_043,C_5091,BOS,Flexible,UM,manchurian,902,135.29999999999998,OLD_SYSTEM_REF
2025-03-31,OUT_044,C_1761,PSP,Flexible,Repeat,N/A,724,108.6,OLD_SYSTEM_REF
2025-03-31,OUT_049,C_5196,Visit Pack,Fixed,LM,N/A,800,120.0,OLD_SYSTEM_REF
2025-03-31,OUT_050,C_9794,BOS,Flexible,UM,pizza,1869,280.34999999999997,OLD_SYSTEM_REF
2025-03-31,OUT_052,C_6973,Visit Pack,Fixed,MM,N/A,1579,236.85,OLD_SYSTEM_REF
2025-03-31,OUT_059,C_2789,BOS,Flexible,UM,manchurian,783,117.44999999999999,OLD_SYSTEM_REF
2025-03-31,OUT_076,C_3206,Visit Pack,Fixed,Repeat,N/A,1963,294.45,OLD_SYSTEM_REF
2025-03-31,OUT_078,C_9025,PSP,Flexible,UM,N/A,645,96.75,OLD_SYSTEM_REF
2025-03-31,OUT_086,C_5616,PSP,Flexible,LM,N/A,1292,193.79999999999998,OLD_SYSTEM_REF
2025-03-31,OUT_091,C_1471,Visit Pack,Fixed,Lapsed,N/A,894,134.1,OLD_SYSTEM_REF
2025-03-31,OUT_093,C_1732,BOS,Flexible,Repeat,manchurian,1973,295.95,OLD_SYSTEM_REF
2025-03-31,OUT_095,C_7374,BOS,Flexible,LM,burger,582,87.3,OLD_SYSTEM_REF
2025-03-31,OUT_098,C_5015,BOS,Flexible,Repeat,dosa,985,147.75,OLD_SYSTEM_REF
2025-04-01,OUT_010,C_1716,PSP,Flexible,UM,N/A,856,128.4,OLD_SYSTEM_REF
2025-04-01,OUT_015,C_9379,BOS,Flexible,UM,dosa,1141,171.15,OLD_SYSTEM_REF
2025-04-01,OUT_016,C_1000,Visit Pack,Fixed,UM,N/A,531,79.64999999999999,OLD_SYSTEM_REF
2025-04-01,OUT_018,C_3519,BOS,Flexible,Lapsed,pizza,1251,187.65,OLD_SYSTEM_REF
2025-04-01,OUT_026,C_1165,Visit Pack,Fixed,Repeat,N/A,1880,282.0,OLD_SYSTEM_REF
2025-04-01,OUT_027,C_2024,BOS,Flexible,Repeat,manchurian,1647,247.04999999999998,OLD_SYSTEM_REF
2025-04-01,OUT_029,C_4359,Visit Pack,Fixed,Lapsed,N/A,1873,280.95,OLD_SYSTEM_REF
2025-04-01,OUT_033,C_2132,PSP,Flexible,LM,N/A,798,119.69999999999999,OLD_SYSTEM_REF
2025-04-01,OUT_038,C_3078,Visit Pack,Fixed,Repeat,N/A,776,116.39999999999999,OLD_SYSTEM_REF
2025-04-01,OUT_041,C_6050,BOS,Flexible,MM,manchurian,1377,206.54999999999998,OLD_SYSTEM_REF
2025-04-01,OUT_058,C_4763,Visit Pack,Fixed,MM,N/A,1464,219.6,OLD_SYSTEM_REF
2025-04-01,OUT_070,C_2337,PSP,Flexible,Lapsed,N/A,1272,190.79999999999998,OLD_SYSTEM_REF
2025-04-01,OUT_071,C_8999,PSP,Flexible,LM,N/A,1126,168.9,OLD_SYSTEM_REF
2025-04-01,OUT_074,C_2413,PSP,Flexible,LM,N/A,595,89.25,OLD_SYSTEM_REF
2025-04-01,OUT_086,C_4065,Visit Pack,Fixed,Repeat,N/A,1431,214.65,OLD_SYSTEM_REF
2025-04-01,OUT_091,C_5313,PSP,Flexible,Lapsed,N/A,1982,297.3,OLD_SYSTEM_REF
2025-04-01,OUT_092,C_2982,Visit Pack,Fixed,Repeat,N/A,1937,290.55,OLD_SYSTEM_REF
2025-04-01,OUT_100,C_3855,Visit Pack,Fixed,Repeat,N/A,1120,168.0,OLD_SYSTEM_REF
2025-04-02,OUT_001,C_7518,BOS,Flexible,LM,dal makhani,750,112.5,OLD_SYSTEM_REF
2025-04-02,OUT_006,C_1914,Visit Pack,Fixed,Lapsed,N/A,1832,274.8,OLD_SYSTEM_REF
2025-04-02,OUT_008,C_1338,PSP,Flexible,UM,N/A,1433,214.95,OLD_SYSTEM_REF
2025-04-02,OUT_025,C_9965,BOS,Flexible,LM,burger,1714,257.09999999999997,OLD_SYSTEM_REF
2025-04-02,OUT_028,C_6561,Visit Pack,Fixed,Lapsed,N/A,712,106.8,OLD_SYSTEM_REF
2025-04-02,OUT_029,C_7228,Visit Pack,Fixed,MM,N/A,1924,288.59999999999997,OLD_SYSTEM_REF
2025-04-02,OUT_031,C_5676,BOS,Flexible,Repeat,manchurian,1204,180.6,OLD_SYSTEM_REF
2025-04-02,OUT_033,C_2902,PSP,Flexible,Lapsed,N/A,1409,211.35,OLD_SYSTEM_REF
2025-04-02,OUT_052,C_9706,BOS,Flexible,MM,pizza,1275,191.25,OLD_SYSTEM_REF
2025-04-02,OUT_054,C_1485,BOS,Flexible,Lapsed,pizza,759,113.85,OLD_SYSTEM_REF
2025-04-02,OUT_055,C_1930,BOS,Flexible,UM,dosa,1182,177.29999999999998,OLD_SYSTEM_REF
2025-04-02,OUT_062,C_5327,Visit Pack,Fixed,MM,N/A,631,94.64999999999999,OLD_SYSTEM_REF
2025-04-02,OUT_063,C_3570,Visit Pack,Fixed,MM,N/A,1930,289.5,OLD_SYSTEM_REF
2025-04-02,OUT_064,C_8810,BOS,Flexible,LM,manchurian,1598,239.7,OLD_SYSTEM_REF
2025-04-02,OUT_071,C_8867,BOS,Flexible,Repeat,manchurian,1446,216.9,OLD_SYSTEM_REF
2025-04-02,OUT_081,C_7299,PSP,Flexible,LM,N/A,1751,262.65,OLD_SYSTEM_REF
2025-04-02,OUT_090,C_6626,Visit Pack,Fixed,LM,N/A,912,136.79999999999998,OLD_SYSTEM_REF
2025-04-03,OUT_004,C_6101,BOS,Flexible,LM,dosa,941,141.15,OLD_SYSTEM_REF
2025-04-03,OUT_005,C_7318,BOS,Flexible,MM,dosa,1861,279.15,OLD_SYSTEM_REF
2025-04-03,OUT_015,C_8223,BOS,Flexible,LM,dosa,733,109.95,OLD_SYSTEM_REF
2025-04-03,OUT_019,C_9593,BOS,Flexible,UM,dal makhani,1972,295.8,OLD_SYSTEM_REF
2025-04-03,OUT_023,C_8540,Visit Pack,Fixed,Repeat,N/A,527,79.05,OLD_SYSTEM_REF
2025-04-03,OUT_025,C_2768,Visit Pack,Fixed,Repeat,N/A,1325,198.75,OLD_SYSTEM_REF
2025-04-03,OUT_052,C_2485,BOS,Flexible,Lapsed,pizza,868,130.2,OLD_SYSTEM_REF
2025-04-03,OUT_060,C_7787,BOS,Flexible,LM,dal makhani,750,112.5,OLD_SYSTEM_REF
2025-04-03,OUT_061,C_8324,Visit Pack,Fixed,Lapsed,N/A,1532,229.79999999999998,OLD_SYSTEM_REF
2025-04-03,OUT_064,C_4173,PSP,Flexible,UM,N/A,1291,193.65,OLD_SYSTEM_REF
2025-04-03,OUT_065,C_1325,PSP,Flexible,LM,N/A,1148,172.2,OLD_SYSTEM_REF
2025-04-03,OUT_069,C_9708,BOS,Flexible,LM,manchurian,810,121.5,OLD_SYSTEM_REF
2025-04-03,OUT_078,C_7811,Visit Pack,Fixed,Lapsed,N/A,965,144.75,OLD_SYSTEM_REF
2025-04-03,OUT_079,C_9126,Visit Pack,Fixed,Lapsed,N/A,797,119.55,OLD_SYSTEM_REF
2025-04-03,OUT_082,C_4961,BOS,Flexible,LM,dosa,1990,298.5,OLD_SYSTEM_REF
2025-04-03,OUT_085,C_5287,Visit Pack,Fixed,LM,N/A,513,76.95,OLD_SYSTEM_REF
2025-04-03,OUT_087,C_7058,Visit Pack,Fixed,Lapsed,N/A,1825,273.75,OLD_SYSTEM_REF
2025-04-03,OUT_088,C_3967,BOS,Flexible,LM,burger,1297,194.54999999999998,OLD_SYSTEM_REF
2025-04-03,OUT_091,C_7278,Visit Pack,Fixed,MM,N/A,1292,193.79999999999998,OLD_SYSTEM_REF
2025-04-03,OUT_098,C_4295,PSP,Flexible,MM,N/A,1303,195.45,OLD_SYSTEM_REF
2025-04-03,OUT_100,C_2632,Visit Pack,Fixed,Repeat,N/A,977,146.54999999999998,OLD_SYSTEM_REF
2025-04-04,OUT_003,C_2216,BOS,Flexible,UM,manchurian,1465,219.75,OLD_SYSTEM_REF
2025-04-04,OUT_005,C_8939,BOS,Flexible,Repeat,dosa,579,86.85,OLD_SYSTEM_REF
2025-04-04,OUT_011,C_7149,BOS,Flexible,MM,burger,1340,201.0,OLD_SYSTEM_REF
2025-04-04,OUT_020,C_6419,Visit Pack,Fixed,MM,N/A,1520,228.0,OLD_SYSTEM_REF
2025-04-04,OUT_021,C_2444,BOS,Flexible,LM,dosa,525,78.75,OLD_SYSTEM_REF
2025-04-04,OUT_036,C_3321,Visit Pack,Fixed,MM,N/A,1124,168.6,OLD_SYSTEM_REF
2025-04-04,OUT_039,C_5202,Visit Pack,Fixed,UM,N/A,1279,191.85,OLD_SYSTEM_REF
2025-04-04,OUT_045,C_2259,PSP,Flexible,UM,N/A,973,145.95,OLD_SYSTEM_REF
2025-04-04,OUT_048,C_9697,PSP,Flexible,Lapsed,N/A,1776,266.4,OLD_SYSTEM_REF
2025-04-04,OUT_049,C_3705,PSP,Flexible,MM,N/A,1879,281.84999999999997,OLD_SYSTEM_REF
2025-04-04,OUT_052,C_7862,PSP,Flexible,Lapsed,N/A,1770,265.5,OLD_SYSTEM_REF
2025-04-04,OUT_063,C_4438,PSP,Flexible,Lapsed,N/A,1775,266.25,OLD_SYSTEM_REF
2025-04-04,OUT_069,C_6891,PSP,Flexible,Repeat,N/A,1622,243.29999999999998,OLD_SYSTEM_REF
2025-04-04,OUT_085,C_6154,PSP,Flexible,UM,N/A,1635,245.25,OLD_SYSTEM_REF
2025-04-05,OUT_001,C_3772,Visit Pack,Fixed,LM,N/A,1072,160.79999999999998,OLD_SYSTEM_REF
2025-04-05,OUT_002,C_4935,PSP,Flexible,UM,N/A,1609,241.35,OLD_SYSTEM_REF
2025-04-05,OUT_003,C_2049,Visit Pack,Fixed,Lapsed,N/A,1715,257.25,OLD_SYSTEM_REF
2025-04-05,OUT_004,C_8038,Visit Pack,Fixed,Lapsed,N/A,1167,175.04999999999998,OLD_SYSTEM_REF
2025-04-05,OUT_011,C_2489,BOS,Flexible,LM,burger,1788,268.2,OLD_SYSTEM_REF
2025-04-05,OUT_013,C_3522,Visit Pack,Fixed,Lapsed,N/A,1548,232.2,OLD_SYSTEM_REF
2025-04-05,OUT_015,C_4543,Visit Pack,Fixed,MM,N/A,1257,188.54999999999998,OLD_SYSTEM_REF
2025-04-05,OUT_022,C_6404,PSP,Flexible,LM,N/A,1787,268.05,OLD_SYSTEM_REF
2025-04-05,OUT_023,C_3559,PSP,Flexible,MM,N/A,1243,186.45,OLD_SYSTEM_REF
2025-04-05,OUT_025,C_3154,Visit Pack,Fixed,UM,N/A,1573,235.95,OLD_SYSTEM_REF
2025-04-05,OUT_026,C_4124,Visit Pack,Fixed,MM,N/A,804,120.6,OLD_SYSTEM_REF
2025-04-05,OUT_029,C_3639,BOS,Flexible,LM,dosa,1559,233.85,OLD_SYSTEM_REF
2025-04-05,OUT_038,C_7236,PSP,Flexible,UM,N/A,1079,161.85,OLD_SYSTEM_REF
2025-04-05,OUT_057,C_1056,PSP,Flexible,Lapsed,N/A,863,129.45,OLD_SYSTEM_REF
2025-04-05,OUT_058,C_8617,BOS,Flexible,UM,dosa,1501,225.15,OLD_SYSTEM_REF
2025-04-05,OUT_063,C_4075,PSP,Flexible,UM,N/A,575,86.25,OLD_SYSTEM_REF
2025-04-05,OUT_080,C_3986,BOS,Flexible,LM,manchurian,668,100.2,OLD_SYSTEM_REF
2025-04-05,OUT_081,C_3559,BOS,Flexible,UM,pizza,1740,261.0,OLD_SYSTEM_REF
2025-04-05,OUT_083,C_3715,Visit Pack,Fixed,MM,N/A,781,117.14999999999999,OLD_SYSTEM_REF
2025-04-05,OUT_087,C_2355,BOS,Flexible,MM,manchurian,1614,242.1,OLD_SYSTEM_REF
2025-04-05,OUT_090,C_4563,Visit Pack,Fixed,LM,N/A,1205,180.75,OLD_SYSTEM_REF
2025-04-05,OUT_092,C_8951,Visit Pack,Fixed,UM,N/A,1636,245.39999999999998,OLD_SYSTEM_REF
2025-04-06,OUT_002,C_3628,PSP,Flexible,MM,N/A,1231,184.65,OLD_SYSTEM_REF
2025-04-06,OUT_004,C_7354,PSP,Flexible,Repeat,N/A,1696,254.39999999999998,OLD_SYSTEM_REF
2025-04-06,OUT_013,C_3560,PSP,Flexible,Lapsed,N/A,575,86.25,OLD_SYSTEM_REF
2025-04-06,OUT_015,C_5560,PSP,Flexible,UM,N/A,561,84.14999999999999,OLD_SYSTEM_REF
2025-04-06,OUT_017,C_4838,PSP,Flexible,MM,N/A,1383,207.45,OLD_SYSTEM_REF
2025-04-06,OUT_023,C_1354,BOS,Flexible,LM,burger,1044,156.6,OLD_SYSTEM_REF
2025-04-06,OUT_025,C_5390,BOS,Flexible,LM,burger,628,94.2,OLD_SYSTEM_REF
2025-04-06,OUT_033,C_4130,Visit Pack,Fixed,UM,N/A,1161,174.15,OLD_SYSTEM_REF
2025-04-06,OUT_034,C_7903,Visit Pack,Fixed,UM,N/A,1949,292.34999999999997,OLD_SYSTEM_REF
2025-04-06,OUT_045,C_5089,BOS,Flexible,LM,burger,548,82.2,OLD_SYSTEM_REF
2025-04-06,OUT_053,C_1011,BOS,Flexible,MM,manchurian,1451,217.65,OLD_SYSTEM_REF
2025-04-06,OUT_055,C_7045,BOS,Flexible,LM,dosa,1928,289.2,OLD_SYSTEM_REF
2025-04-06,OUT_057,C_2017,Visit Pack,Fixed,LM,N/A,1926,288.9,OLD_SYSTEM_REF
2025-04-06,OUT_062,C_7687,BOS,Flexible,Repeat,dal makhani,1447,217.04999999999998,OLD_SYSTEM_REF
2025-04-06,OUT_065,C_5346,BOS,Flexible,UM,burger,1363,204.45,OLD_SYSTEM_REF
2025-04-06,OUT_069,C_7951,Visit Pack,Fixed,LM,N/A,1362,204.29999999999998,OLD_SYSTEM_REF
2025-04-06,OUT_070,C_6323,PSP,Flexible,MM,N/A,745,111.75,OLD_SYSTEM_REF
2025-04-06,OUT_072,C_6245,PSP,Flexible,LM,N/A,1579,236.85,OLD_SYSTEM_REF
2025-04-06,OUT_075,C_2100,PSP,Flexible,LM,N/A,540,81.0,OLD_SYSTEM_REF
2025-04-06,OUT_078,C_4403,BOS,Flexible,Repeat,burger,1256,188.4,OLD_SYSTEM_REF
2025-04-06,OUT_079,C_5366,Visit Pack,Fixed,MM,N/A,552,82.8,OLD_SYSTEM_REF
2025-04-06,OUT_081,C_6491,Visit Pack,Fixed,Repeat,N/A,1850,277.5,OLD_SYSTEM_REF
2025-04-06,OUT_084,C_6982,BOS,Flexible,MM,dal makhani,1650,247.5,OLD_SYSTEM_REF
2025-04-06,OUT_088,C_3677,PSP,Flexible,Repeat,N/A,1244,186.6,OLD_SYSTEM_REF
2025-04-06,OUT_097,C_4813,PSP,Flexible,UM,N/A,1873,280.95,OLD_SYSTEM_REF
2025-04-06,OUT_100,C_2299,BOS,Flexible,UM,dosa,1438,215.7,OLD_SYSTEM_REF
2025-04-07,OUT_003,C_5751,PSP,Flexible,Lapsed,N/A,1475,221.25,OLD_SYSTEM_REF
2025-04-07,OUT_008,C_9343,Visit Pack,Fixed,Repeat,N/A,1347,202.04999999999998,OLD_SYSTEM_REF
2025-04-07,OUT_011,C_5197,PSP,Flexible,Lapsed,N/A,1965,294.75,OLD_SYSTEM_REF
2025-04-07,OUT_012,C_2011,Visit Pack,Fixed,Repeat,N/A,916,137.4,OLD_SYSTEM_REF
2025-04-07,OUT_013,C_2169,Visit Pack,Fixed,LM,N/A,1853,277.95,OLD_SYSTEM_REF
2025-04-07,OUT_015,C_5640,Visit Pack,Fixed,Lapsed,N/A,983,147.45,OLD_SYSTEM_REF
2025-04-07,OUT_017,C_5737,PSP,Flexible,UM,N/A,1862,279.3,OLD_SYSTEM_REF
2025-04-07,OUT_019,C_1966,Visit Pack,Fixed,Repeat,N/A,737,110.55,OLD_SYSTEM_REF
2025-04-07,OUT_020,C_4390,PSP,Flexible,UM,N/A,585,87.75,OLD_SYSTEM_REF
2025-04-07,OUT_021,C_7069,PSP,Flexible,UM,N/A,1360,204.0,OLD_SYSTEM_REF
2025-04-07,OUT_028,C_8288,PSP,Flexible,LM,N/A,1130,169.5,OLD_SYSTEM_REF
2025-04-07,OUT_035,C_2973,PSP,Flexible,LM,N/A,1457,218.54999999999998,OLD_SYSTEM_REF
2025-04-07,OUT_040,C_9845,Visit Pack,Fixed,Repeat,N/A,621,93.14999999999999,OLD_SYSTEM_REF
2025-04-07,OUT_041,C_3001,PSP,Flexible,UM,N/A,572,85.8,OLD_SYSTEM_REF
2025-04-07,OUT_042,C_8117,BOS,Flexible,MM,pizza,1562,234.29999999999998,OLD_SYSTEM_REF
2025-04-07,OUT_045,C_7058,Visit Pack,Fixed,Lapsed,N/A,1162,174.29999999999998,OLD_SYSTEM_REF
2025-04-07,OUT_046,C_1585,Visit Pack,Fixed,Repeat,N/A,942,141.29999999999998,OLD_SYSTEM_REF
2025-04-07,OUT_047,C_6334,PSP,Flexible,UM,N/A,1588,238.2,OLD_SYSTEM_REF
2025-04-07,OUT_051,C_6697,PSP,Flexible,MM,N/A,1317,197.54999999999998,OLD_SYSTEM_REF
2025-04-07,OUT_052,C_1590,BOS,Flexible,Repeat,pizza,1088,163.2,OLD_SYSTEM_REF
2025-04-07,OUT_055,C_8187,Visit Pack,Fixed,MM,N/A,1820,273.0,OLD_SYSTEM_REF
2025-04-07,OUT_057,C_6016,BOS,Flexible,LM,dal makhani,1220,183.0,OLD_SYSTEM_REF
2025-04-07,OUT_061,C_8159,BOS,Flexible,UM,dosa,677,101.55,OLD_SYSTEM_REF
2025-04-07,OUT_069,C_4892,Visit Pack,Fixed,UM,N/A,1281,192.15,OLD_SYSTEM_REF
2025-04-07,OUT_072,C_5405,BOS,Flexible,UM,dal makhani,1526,228.9,OLD_SYSTEM_REF
2025-04-07,OUT_073,C_9275,BOS,Flexible,UM,pizza,1045,156.75,OLD_SYSTEM_REF
2025-04-07,OUT_074,C_8400,BOS,Flexible,UM,dosa,1748,262.2,OLD_SYSTEM_REF
2025-04-07,OUT_090,C_6419,BOS,Flexible,UM,dal makhani,1670,250.5,OLD_SYSTEM_REF
2025-04-07,OUT_091,C_5269,PSP,Flexible,MM,N/A,1365,204.75,OLD_SYSTEM_REF
2025-04-08,OUT_001,C_3802,Visit Pack,Fixed,Lapsed,N/A,584,87.6,OLD_SYSTEM_REF
2025-04-08,OUT_003,C_3431,PSP,Flexible,LM,N/A,1099,164.85,OLD_SYSTEM_REF
2025-04-08,OUT_004,C_7980,BOS,Flexible,Repeat,dosa,1838,275.7,OLD_SYSTEM_REF
2025-04-08,OUT_010,C_1049,PSP,Flexible,Lapsed,N/A,1544,231.6,OLD_SYSTEM_REF
2025-04-08,OUT_012,C_9246,Visit Pack,Fixed,Lapsed,N/A,893,133.95,OLD_SYSTEM_REF
2025-04-08,OUT_015,C_4587,BOS,Flexible,MM,dosa,1951,292.65,OLD_SYSTEM_REF
2025-04-08,OUT_017,C_8444,PSP,Flexible,Lapsed,N/A,1173,175.95,OLD_SYSTEM_REF
2025-04-08,OUT_018,C_3953,BOS,Flexible,MM,pizza,580,87.0,OLD_SYSTEM_REF
2025-04-08,OUT_023,C_8310,Visit Pack,Fixed,MM,N/A,570,85.5,OLD_SYSTEM_REF
2025-04-08,OUT_036,C_1326,Visit Pack,Fixed,Lapsed,N/A,1325,198.75,OLD_SYSTEM_REF
2025-04-08,OUT_041,C_8823,BOS,Flexible,Repeat,manchurian,1761,264.15,OLD_SYSTEM_REF
2025-04-08,OUT_052,C_7625,PSP,Flexible,Repeat,N/A,1460,219.0,OLD_SYSTEM_REF
2025-04-08,OUT_056,C_1434,BOS,Flexible,UM,dal makhani,1738,260.7,OLD_SYSTEM_REF
2025-04-08,OUT_060,C_1705,Visit Pack,Fixed,Repeat,N/A,752,112.8,OLD_SYSTEM_REF
2025-04-08,OUT_062,C_9274,Visit Pack,Fixed,UM,N/A,857,128.54999999999998,OLD_SYSTEM_REF
2025-04-08,OUT_083,C_9269,Visit Pack,Fixed,UM,N/A,615,92.25,OLD_SYSTEM_REF
2025-04-08,OUT_093,C_5572,PSP,Flexible,Lapsed,N/A,692,103.8,OLD_SYSTEM_REF
2025-04-08,OUT_100,C_1665,BOS,Flexible,LM,dosa,1688,253.2,OLD_SYSTEM_REF
2025-04-09,OUT_001,C_6554,PSP,Flexible,MM,N/A,768,115.19999999999999,OLD_SYSTEM_REF
2025-04-09,OUT_003,C_6806,PSP,Flexible,MM,N/A,597,89.55,OLD_SYSTEM_REF
2025-04-09,OUT_006,C_5059,BOS,Flexible,Lapsed,dosa,1187,178.04999999999998,OLD_SYSTEM_REF
2025-04-09,OUT_010,C_9121,PSP,Flexible,LM,N/A,938,140.7,OLD_SYSTEM_REF
2025-04-09,OUT_019,C_5068,PSP,Flexible,LM,N/A,1868,280.2,OLD_SYSTEM_REF
2025-04-09,OUT_027,C_9940,PSP,Flexible,UM,N/A,1066,159.9,OLD_SYSTEM_REF
2025-04-09,OUT_033,C_3347,Visit Pack,Fixed,UM,N/A,706,105.89999999999999,OLD_SYSTEM_REF
2025-04-09,OUT_037,C_1157,PSP,Flexible,Lapsed,N/A,1646,246.89999999999998,OLD_SYSTEM_REF
2025-04-09,OUT_039,C_6693,PSP,Flexible,Repeat,N/A,579,86.85,OLD_SYSTEM_REF
2025-04-09,OUT_043,C_7530,PSP,Flexible,UM,N/A,784,117.6,OLD_SYSTEM_REF
2025-04-09,OUT_049,C_5733,Visit Pack,Fixed,Repeat,N/A,1938,290.7,OLD_SYSTEM_REF
2025-04-09,OUT_053,C_8638,Visit Pack,Fixed,Repeat,N/A,745,111.75,OLD_SYSTEM_REF
2025-04-09,OUT_054,C_1305,Visit Pack,Fixed,LM,N/A,1782,267.3,OLD_SYSTEM_REF
2025-04-09,OUT_058,C_7251,BOS,Flexible,UM,dosa,716,107.39999999999999,OLD_SYSTEM_REF
2025-04-09,OUT_060,C_5952,BOS,Flexible,Repeat,dal makhani,1115,167.25,OLD_SYSTEM_REF
2025-04-09,OUT_063,C_9690,Visit Pack,Fixed,Lapsed,N/A,1512,226.79999999999998,OLD_SYSTEM_REF
2025-04-09,OUT_075,C_2038,BOS,Flexible,Lapsed,pizza,1616,242.39999999999998,OLD_SYSTEM_REF
2025-04-09,OUT_076,C_9865,Visit Pack,Fixed,LM,N/A,1897,284.55,OLD_SYSTEM_REF
2025-04-09,OUT_089,C_9390,Visit Pack,Fixed,LM,N/A,1457,218.54999999999998,OLD_SYSTEM_REF
2025-04-09,OUT_096,C_4568,BOS,Flexible,LM,burger,943,141.45,OLD_SYSTEM_REF
2025-04-09,OUT_097,C_1262,BOS,Flexible,UM,burger,1585,237.75,OLD_SYSTEM_REF
2025-04-09,OUT_098,C_3718,BOS,Flexible,Repeat,dosa,1588,238.2,OLD_SYSTEM_REF
2025-04-10,OUT_001,C_5839,Visit Pack,Fixed,Repeat,N/A,1186,177.9,OLD_SYSTEM_REF
2025-04-10,OUT_007,C_9059,PSP,Flexible,Repeat,N/A,1325,198.75,OLD_SYSTEM_REF
2025-04-10,OUT_012,C_7999,PSP,Flexible,LM,N/A,1221,183.15,OLD_SYSTEM_REF
2025-04-10,OUT_016,C_3120,PSP,Flexible,LM,N/A,1148,172.2,OLD_SYSTEM_REF
2025-04-10,OUT_019,C_4580,BOS,Flexible,Lapsed,dal makhani,1142,171.29999999999998,OLD_SYSTEM_REF
2025-04-10,OUT_023,C_5924,BOS,Flexible,LM,burger,1794,269.09999999999997,OLD_SYSTEM_REF
2025-04-10,OUT_025,C_7543,Visit Pack,Fixed,MM,N/A,766,114.89999999999999,OLD_SYSTEM_REF
2025-04-10,OUT_038,C_7626,BOS,Flexible,LM,burger,1016,152.4,OLD_SYSTEM_REF
2025-04-10,OUT_040,C_4652,BOS,Flexible,UM,manchurian,878,131.7,OLD_SYSTEM_REF
2025-04-10,OUT_043,C_8639,Visit Pack,Fixed,Lapsed,N/A,1536,230.39999999999998,OLD_SYSTEM_REF
2025-04-10,OUT_045,C_5775,Visit Pack,Fixed,Lapsed,N/A,538,80.7,OLD_SYSTEM_REF
2025-04-10,OUT_049,C_9447,Visit Pack,Fixed,MM,N/A,657,98.55,OLD_SYSTEM_REF
2025-04-10,OUT_054,C_9647,BOS,Flexible,MM,pizza,728,109.2,OLD_SYSTEM_REF
2025-04-10,OUT_059,C_4265,Visit Pack,Fixed,Repeat,N/A,1481,222.15,OLD_SYSTEM_REF
2025-04-10,OUT_061,C_9051,BOS,Flexible,LM,dosa,1977,296.55,OLD_SYSTEM_REF
2025-04-10,OUT_062,C_1387,PSP,Flexible,Repeat,N/A,1314,197.1,OLD_SYSTEM_REF
2025-04-10,OUT_066,C_6825,Visit Pack,Fixed,UM,N/A,1150,172.5,OLD_SYSTEM_REF
2025-04-10,OUT_073,C_4114,PSP,Flexible,LM,N/A,1056,158.4,OLD_SYSTEM_REF
2025-04-10,OUT_079,C_7430,Visit Pack,Fixed,Repeat,N/A,1370,205.5,OLD_SYSTEM_REF
2025-04-10,OUT_082,C_5148,Visit Pack,Fixed,Repeat,N/A,1536,230.39999999999998,OLD_SYSTEM_REF
2025-04-10,OUT_086,C_4668,PSP,Flexible,MM,N/A,1212,181.79999999999998,OLD_SYSTEM_REF
2025-04-10,OUT_094,C_5332,BOS,Flexible,MM,dosa,1023,153.45,OLD_SYSTEM_REF
2025-04-10,OUT_097,C_3653,BOS,Flexible,Repeat,burger,1289,193.35,OLD_SYSTEM_REF
2025-04-11,OUT_001,C_2119,PSP,Flexible,LM,N/A,1679,251.85,OLD_SYSTEM_REF
2025-04-11,OUT_004,C_5176,BOS,Flexible,UM,dosa,531,79.64999999999999,OLD_SYSTEM_REF
2025-04-11,OUT_008,C_3540,BOS,Flexible,LM,pizza,1193,178.95,OLD_SYSTEM_REF
2025-04-11,OUT_024,C_8718,PSP,Flexible,UM,N/A,1610,241.5,OLD_SYSTEM_REF
2025-04-11,OUT_026,C_8400,Visit Pack,Fixed,LM,N/A,1075,161.25,OLD_SYSTEM_REF
2025-04-11,OUT_028,C_9711,Visit Pack,Fixed,MM,N/A,1051,157.65,OLD_SYSTEM_REF
2025-04-11,OUT_034,C_7167,Visit Pack,Fixed,Repeat,N/A,1759,263.84999999999997,OLD_SYSTEM_REF
2025-04-11,OUT_036,C_5125,PSP,Flexible,LM,N/A,636,95.39999999999999,OLD_SYSTEM_REF
2025-04-11,OUT_051,C_1804,BOS,Flexible,Lapsed,manchurian,587,88.05,OLD_SYSTEM_REF
2025-04-11,OUT_053,C_5259,PSP,Flexible,Repeat,N/A,824,123.6,OLD_SYSTEM_REF
2025-04-11,OUT_062,C_8675,BOS,Flexible,Repeat,dal makhani,1876,281.4,OLD_SYSTEM_REF
2025-04-11,OUT_065,C_2022,PSP,Flexible,LM,N/A,913,136.95,OLD_SYSTEM_REF
2025-04-11,OUT_072,C_9482,PSP,Flexible,MM,N/A,579,86.85,OLD_SYSTEM_REF
2025-04-11,OUT_077,C_8637,BOS,Flexible,MM,dosa,1898,284.7,OLD_SYSTEM_REF
2025-04-11,OUT_081,C_1994,PSP,Flexible,MM,N/A,1233,184.95,OLD_SYSTEM_REF
2025-04-11,OUT_095,C_8395,BOS,Flexible,Repeat,burger,1906,285.9,OLD_SYSTEM_REF
2025-04-11,OUT_096,C_3852,PSP,Flexible,Repeat,N/A,1927,289.05,OLD_SYSTEM_REF
2025-04-11,OUT_097,C_8624,PSP,Flexible,UM,N/A,882,132.29999999999998,OLD_SYSTEM_REF
2025-04-11,OUT_098,C_8472,PSP,Flexible,MM,N/A,821,123.14999999999999,OLD_SYSTEM_REF
2025-04-12,OUT_001,C_3008,PSP,Flexible,Repeat,N/A,1308,196.2,OLD_SYSTEM_REF
2025-04-12,OUT_002,C_9008,BOS,Flexible,MM,dal makhani,1015,152.25,OLD_SYSTEM_REF
2025-04-12,OUT_005,C_9643,BOS,Flexible,Repeat,dosa,959,143.85,OLD_SYSTEM_REF
2025-04-12,OUT_006,C_1328,PSP,Flexible,MM,N/A,748,112.2,OLD_SYSTEM_REF
2025-04-12,OUT_013,C_6090,Visit Pack,Fixed,Repeat,N/A,1445,216.75,OLD_SYSTEM_REF
2025-04-12,OUT_022,C_3951,Visit Pack,Fixed,LM,N/A,1523,228.45,OLD_SYSTEM_REF
2025-04-12,OUT_026,C_7632,PSP,Flexible,Lapsed,N/A,1210,181.5,OLD_SYSTEM_REF
2025-04-12,OUT_028,C_8468,BOS,Flexible,UM,dal makhani,1126,168.9,OLD_SYSTEM_REF
2025-04-12,OUT_035,C_9794,PSP,Flexible,LM,N/A,937,140.54999999999998,OLD_SYSTEM_REF
2025-04-12,OUT_037,C_3479,PSP,Flexible,Lapsed,N/A,1054,158.1,OLD_SYSTEM_REF
2025-04-12,OUT_040,C_4098,BOS,Flexible,LM,manchurian,1754,263.09999999999997,OLD_SYSTEM_REF
2025-04-12,OUT_063,C_8735,PSP,Flexible,Repeat,N/A,1792,268.8,OLD_SYSTEM_REF
2025-04-12,OUT_067,C_7409,Visit Pack,Fixed,LM,N/A,1708,256.2,OLD_SYSTEM_REF
2025-04-12,OUT_070,C_3643,PSP,Flexible,LM,N/A,763,114.45,OLD_SYSTEM_REF
2025-04-12,OUT_072,C_6910,Visit Pack,Fixed,MM,N/A,1517,227.54999999999998,OLD_SYSTEM_REF
2025-04-12,OUT_078,C_3629,Visit Pack,Fixed,LM,N/A,1437,215.54999999999998,OLD_SYSTEM_REF
2025-04-12,OUT_098,C_2097,Visit Pack,Fixed,LM,N/A,671,100.64999999999999,OLD_SYSTEM_REF
2025-04-13,OUT_004,C_8714,PSP,Flexible,Lapsed,N/A,1854,278.09999999999997,OLD_SYSTEM_REF
2025-04-13,OUT_018,C_4178,PSP,Flexible,MM,N/A,1427,214.04999999999998,OLD_SYSTEM_REF
2025-04-13,OUT_026,C_5825,Visit Pack,Fixed,MM,N/A,1187,178.04999999999998,OLD_SYSTEM_REF
2025-04-13,OUT_030,C_5363,Visit Pack,Fixed,Repeat,N/A,1948,292.2,OLD_SYSTEM_REF
2025-04-13,OUT_035,C_8918,BOS,Flexible,Lapsed,manchurian,835,125.25,OLD_SYSTEM_REF
2025-04-13,OUT_037,C_4392,BOS,Flexible,Lapsed,dal makhani,1175,176.25,OLD_SYSTEM_REF
2025-04-13,OUT_040,C_4531,Visit Pack,Fixed,Lapsed,N/A,687,103.05,OLD_SYSTEM_REF
2025-04-13,OUT_041,C_9278,BOS,Flexible,MM,manchurian,1101,165.15,OLD_SYSTEM_REF
2025-04-13,OUT_046,C_1042,PSP,Flexible,LM,N/A,663,99.45,OLD_SYSTEM_REF
2025-04-13,OUT_053,C_7361,BOS,Flexible,Lapsed,manchurian,1260,189.0,OLD_SYSTEM_REF
2025-04-13,OUT_054,C_1624,Visit Pack,Fixed,LM,N/A,1316,197.4,OLD_SYSTEM_REF
2025-04-13,OUT_057,C_5425,PSP,Flexible,Repeat,N/A,1105,165.75,OLD_SYSTEM_REF
2025-04-13,OUT_059,C_4286,BOS,Flexible,UM,manchurian,1450,217.5,OLD_SYSTEM_REF
2025-04-13,OUT_064,C_9087,PSP,Flexible,LM,N/A,840,126.0,OLD_SYSTEM_REF
2025-04-13,OUT_065,C_2764,Visit Pack,Fixed,UM,N/A,1447,217.04999999999998,OLD_SYSTEM_REF
2025-04-13,OUT_072,C_8765,Visit Pack,Fixed,Lapsed,N/A,577,86.55,OLD_SYSTEM_REF
2025-04-13,OUT_074,C_1773,PSP,Flexible,Lapsed,N/A,806,120.89999999999999,OLD_SYSTEM_REF
2025-04-13,OUT_082,C_5958,PSP,Flexible,Lapsed,N/A,908,136.2,OLD_SYSTEM_REF
2025-04-13,OUT_085,C_1447,BOS,Flexible,UM,dosa,1889,283.34999999999997,OLD_SYSTEM_REF
2025-04-13,OUT_088,C_6575,Visit Pack,Fixed,MM,N/A,1930,289.5,OLD_SYSTEM_REF
2025-04-13,OUT_096,C_9075,PSP,Flexible,MM,N/A,1880,282.0,OLD_SYSTEM_REF
2025-04-13,OUT_097,C_7783,Visit Pack,Fixed,UM,N/A,778,116.69999999999999,OLD_SYSTEM_REF
2025-04-14,OUT_005,C_8078,PSP,Flexible,MM,N/A,690,103.5,OLD_SYSTEM_REF
2025-04-14,OUT_014,C_9117,PSP,Flexible,UM,N/A,755,113.25,OLD_SYSTEM_REF
2025-04-14,OUT_025,C_8380,PSP,Flexible,LM,N/A,747,112.05,OLD_SYSTEM_REF
2025-04-14,OUT_026,C_4356,BOS,Flexible,LM,pizza,729,109.35,OLD_SYSTEM_REF
2025-04-14,OUT_027,C_1024,Visit Pack,Fixed,MM,N/A,1306,195.9,OLD_SYSTEM_REF
2025-04-14,OUT_030,C_7559,PSP,Flexible,Repeat,N/A,1845,276.75,OLD_SYSTEM_REF
2025-04-14,OUT_032,C_6902,BOS,Flexible,MM,manchurian,760,114.0,OLD_SYSTEM_REF
2025-04-14,OUT_033,C_6443,BOS,Flexible,Lapsed,dosa,1621,243.14999999999998,OLD_SYSTEM_REF
2025-04-14,OUT_037,C_4098,BOS,Flexible,Lapsed,dal makhani,1352,202.79999999999998,OLD_SYSTEM_REF
2025-04-14,OUT_040,C_9701,BOS,Flexible,Lapsed,manchurian,1624,243.6,OLD_SYSTEM_REF
2025-04-14,OUT_051,C_4511,Visit Pack,Fixed,Repeat,N/A,1415,212.25,OLD_SYSTEM_REF
2025-04-14,OUT_054,C_7709,PSP,Flexible,Lapsed,N/A,1930,289.5,OLD_SYSTEM_REF
2025-04-14,OUT_062,C_5199,Visit Pack,Fixed,UM,N/A,1227,184.04999999999998,OLD_SYSTEM_REF
2025-04-14,OUT_067,C_2177,Visit Pack,Fixed,Lapsed,N/A,533,79.95,OLD_SYSTEM_REF
2025-04-14,OUT_068,C_7328,BOS,Flexible,UM,manchurian,1097,164.54999999999998,OLD_SYSTEM_REF
2025-04-14,OUT_070,C_5524,Visit Pack,Fixed,Lapsed,N/A,1614,242.1,OLD_SYSTEM_REF
2025-04-14,OUT_080,C_5659,BOS,Flexible,LM,manchurian,1811,271.65,OLD_SYSTEM_REF
2025-04-14,OUT_081,C_5079,PSP,Flexible,Lapsed,N/A,1637,245.54999999999998,OLD_SYSTEM_REF
2025-04-14,OUT_085,C_2656,PSP,Flexible,MM,N/A,1686,252.89999999999998,OLD_SYSTEM_REF
2025-04-14,OUT_092,C_4125,Visit Pack,Fixed,MM,N/A,851,127.64999999999999,OLD_SYSTEM_REF
2025-04-14,OUT_093,C_5190,Visit Pack,Fixed,UM,N/A,1393,208.95,OLD_SYSTEM_REF
2025-04-14,OUT_096,C_9439,PSP,Flexible,MM,N/A,1860,279.0,OLD_SYSTEM_REF
2025-04-14,OUT_097,C_1619,BOS,Flexible,Lapsed,burger,1520,228.0,OLD_SYSTEM_REF
2025-04-15,OUT_003,C_7357,Visit Pack,Fixed,Repeat,N/A,1645,246.75,OLD_SYSTEM_REF
2025-04-15,OUT_009,C_2053,Visit Pack,Fixed,MM,N/A,653,97.95,OLD_SYSTEM_REF
2025-04-15,OUT_013,C_7251,PSP,Flexible,LM,N/A,1679,251.85,OLD_SYSTEM_REF
2025-04-15,OUT_028,C_1370,BOS,Flexible,Repeat,dal makhani,1192,178.79999999999998,OLD_SYSTEM_REF
2025-04-15,OUT_031,C_9395,Visit Pack,Fixed,Lapsed,N/A,1525,228.75,OLD_SYSTEM_REF
2025-04-15,OUT_033,C_7016,BOS,Flexible,UM,dosa,1691,253.64999999999998,OLD_SYSTEM_REF
2025-04-15,OUT_039,C_4791,BOS,Flexible,Repeat,dal makhani,1543,231.45,OLD_SYSTEM_REF
2025-04-15,OUT_040,C_9058,PSP,Flexible,MM,N/A,1688,253.2,OLD_SYSTEM_REF
2025-04-15,OUT_041,C_9223,BOS,Flexible,Repeat,manchurian,1656,248.39999999999998,OLD_SYSTEM_REF
2025-04-15,OUT_042,C_3003,PSP,Flexible,UM,N/A,1783,267.45,OLD_SYSTEM_REF
2025-04-15,OUT_045,C_8545,PSP,Flexible,Lapsed,N/A,1127,169.04999999999998,OLD_SYSTEM_REF
2025-04-15,OUT_055,C_5194,PSP,Flexible,MM,N/A,780,117.0,OLD_SYSTEM_REF
2025-04-15,OUT_057,C_8928,Visit Pack,Fixed,MM,N/A,1452,217.79999999999998,OLD_SYSTEM_REF
2025-04-15,OUT_058,C_3319,PSP,Flexible,LM,N/A,688,103.2,OLD_SYSTEM_REF
2025-04-15,OUT_062,C_1978,BOS,Flexible,MM,dal makhani,1121,168.15,OLD_SYSTEM_REF
2025-04-15,OUT_063,C_2246,Visit Pack,Fixed,Repeat,N/A,1422,213.29999999999998,OLD_SYSTEM_REF
2025-04-15,OUT_070,C_6498,BOS,Flexible,Repeat,dosa,777,116.55,OLD_SYSTEM_REF
2025-04-15,OUT_072,C_2748,Visit Pack,Fixed,LM,N/A,794,119.1,OLD_SYSTEM_REF
2025-04-15,OUT_081,C_1249,Visit Pack,Fixed,UM,N/A,1527,229.04999999999998,OLD_SYSTEM_REF
2025-04-15,OUT_082,C_5615,Visit Pack,Fixed,Repeat,N/A,1336,200.4,OLD_SYSTEM_REF
2025-04-15,OUT_085,C_8618,Visit Pack,Fixed,Repeat,N/A,827,124.05,OLD_SYSTEM_REF
2025-04-15,OUT_088,C_6502,PSP,Flexible,Lapsed,N/A,1443,216.45,OLD_SYSTEM_REF
2025-04-15,OUT_089,C_8838,Visit Pack,Fixed,Repeat,N/A,700,105.0,OLD_SYSTEM_REF
2025-04-15,OUT_090,C_3078,BOS,Flexible,Repeat,dal makhani,1125,168.75,OLD_SYSTEM_REF
2025-04-15,OUT_091,C_8641,PSP,Flexible,Repeat,N/A,563,84.45,OLD_SYSTEM_REF
2025-04-15,OUT_098,C_8144,PSP,Flexible,LM,N/A,1074,161.1,OLD_SYSTEM_REF
2025-04-15,OUT_099,C_6696,Visit Pack,Fixed,UM,N/A,519,77.85,OLD_SYSTEM_REF
2025-04-16,OUT_005,C_7600,PSP,Flexible,MM,N/A,1558,233.7,OLD_SYSTEM_REF
2025-04-16,OUT_008,C_8256,Visit Pack,Fixed,UM,N/A,882,132.29999999999998,OLD_SYSTEM_REF
2025-04-16,OUT_016,C_2082,Visit Pack,Fixed,MM,N/A,1443,216.45,OLD_SYSTEM_REF
2025-04-16,OUT_021,C_3332,PSP,Flexible,MM,N/A,764,114.6,OLD_SYSTEM_REF
2025-04-16,OUT_032,C_8067,Visit Pack,Fixed,Repeat,N/A,954,143.1,OLD_SYSTEM_REF
2025-04-16,OUT_040,C_2835,Visit Pack,Fixed,Lapsed,N/A,545,81.75,OLD_SYSTEM_REF
2025-04-16,OUT_046,C_9931,PSP,Flexible,Repeat,N/A,1023,153.45,OLD_SYSTEM_REF
2025-04-16,OUT_047,C_1983,BOS,Flexible,MM,dal makhani,1540,231.0,OLD_SYSTEM_REF
2025-04-16,OUT_053,C_3133,PSP,Flexible,MM,N/A,1267,190.04999999999998,OLD_SYSTEM_REF
2025-04-16,OUT_055,C_6552,PSP,Flexible,Lapsed,N/A,1670,250.5,OLD_SYSTEM_REF
2025-04-16,OUT_066,C_1377,BOS,Flexible,LM,manchurian,987,148.04999999999998,OLD_SYSTEM_REF
2025-04-16,OUT_069,C_9660,PSP,Flexible,LM,N/A,1024,153.6,OLD_SYSTEM_REF
2025-04-16,OUT_072,C_8984,BOS,Flexible,LM,dal makhani,1167,175.04999999999998,OLD_SYSTEM_REF
2025-04-16,OUT_075,C_4785,PSP,Flexible,Repeat,N/A,1104,165.6,OLD_SYSTEM_REF
2025-04-16,OUT_085,C_2245,BOS,Flexible,Repeat,dosa,1945,291.75,OLD_SYSTEM_REF
2025-04-16,OUT_086,C_9024,Visit Pack,Fixed,Repeat,N/A,1996,299.4,OLD_SYSTEM_REF
2025-04-16,OUT_095,C_4970,Visit Pack,Fixed,UM,N/A,1866,279.9,OLD_SYSTEM_REF
2025-04-16,OUT_099,C_9118,PSP,Flexible,LM,N/A,1798,269.7,OLD_SYSTEM_REF
2025-04-17,OUT_001,C_6490,Visit Pack,Fixed,LM,N/A,1267,190.04999999999998,OLD_SYSTEM_REF
2025-04-17,OUT_008,C_1999,PSP,Flexible,Repeat,N/A,1958,293.7,OLD_SYSTEM_REF
2025-04-17,OUT_015,C_2167,Visit Pack,Fixed,Repeat,N/A,805,120.75,OLD_SYSTEM_REF
2025-04-17,OUT_016,C_2709,PSP,Flexible,MM,N/A,1795,269.25,OLD_SYSTEM_REF
2025-04-17,OUT_020,C_6855,Visit Pack,Fixed,Repeat,N/A,575,86.25,OLD_SYSTEM_REF
2025-04-17,OUT_022,C_7008,Visit Pack,Fixed,LM,N/A,934,140.1,OLD_SYSTEM_REF
2025-04-17,OUT_032,C_7611,BOS,Flexible,LM,manchurian,1488,223.2,OLD_SYSTEM_REF
2025-04-17,OUT_039,C_1387,Visit Pack,Fixed,MM,N/A,962,144.29999999999998,OLD_SYSTEM_REF
2025-04-17,OUT_040,C_2193,PSP,Flexible,UM,N/A,1418,212.7,OLD_SYSTEM_REF
2025-04-17,OUT_046,C_2750,Visit Pack,Fixed,LM,N/A,1613,241.95,OLD_SYSTEM_REF
2025-04-17,OUT_052,C_1900,Visit Pack,Fixed,Lapsed,N/A,1231,184.65,OLD_SYSTEM_REF
2025-04-17,OUT_054,C_6611,Visit Pack,Fixed,Repeat,N/A,1425,213.75,OLD_SYSTEM_REF
2025-04-17,OUT_057,C_1970,Visit Pack,Fixed,LM,N/A,703,105.45,OLD_SYSTEM_REF
2025-04-17,OUT_064,C_6501,BOS,Flexible,Lapsed,manchurian,1390,208.5,OLD_SYSTEM_REF
2025-04-17,OUT_071,C_1446,BOS,Flexible,UM,manchurian,1704,255.6,OLD_SYSTEM_REF
2025-04-17,OUT_074,C_7148,BOS,Flexible,Repeat,dosa,913,136.95,OLD_SYSTEM_REF
2025-04-17,OUT_076,C_7748,Visit Pack,Fixed,MM,N/A,1539,230.85,OLD_SYSTEM_REF
2025-04-17,OUT_078,C_2963,PSP,Flexible,Repeat,N/A,765,114.75,OLD_SYSTEM_REF
2025-04-17,OUT_092,C_1764,PSP,Flexible,LM,N/A,1337,200.54999999999998,OLD_SYSTEM_REF
2025-04-17,OUT_095,C_8494,PSP,Flexible,MM,N/A,856,128.4,OLD_SYSTEM_REF
2025-04-17,OUT_096,C_8647,BOS,Flexible,LM,burger,825,123.75,OLD_SYSTEM_REF
2025-04-18,OUT_007,C_8719,PSP,Flexible,Lapsed,N/A,1123,168.45,OLD_SYSTEM_REF
2025-04-18,OUT_012,C_2044,Visit Pack,Fixed,MM,N/A,1882,282.3,OLD_SYSTEM_REF
2025-04-18,OUT_013,C_3820,PSP,Flexible,Lapsed,N/A,1860,279.0,OLD_SYSTEM_REF
2025-04-18,OUT_014,C_9677,Visit Pack,Fixed,MM,N/A,741,111.14999999999999,OLD_SYSTEM_REF
2025-04-18,OUT_017,C_9090,PSP,Flexible,LM,N/A,1773,265.95,OLD_SYSTEM_REF
2025-04-18,OUT_018,C_9589,PSP,Flexible,UM,N/A,1550,232.5,OLD_SYSTEM_REF
2025-04-18,OUT_021,C_7539,PSP,Flexible,Lapsed,N/A,1461,219.15,OLD_SYSTEM_REF
2025-04-18,OUT_023,C_3774,Visit Pack,Fixed,Repeat,N/A,1474,221.1,OLD_SYSTEM_REF
2025-04-18,OUT_024,C_7003,BOS,Flexible,LM,dosa,1584,237.6,OLD_SYSTEM_REF
2025-04-18,OUT_026,C_5057,BOS,Flexible,MM,pizza,1231,184.65,OLD_SYSTEM_REF
2025-04-18,OUT_029,C_5879,Visit Pack,Fixed,Repeat,N/A,961,144.15,OLD_SYSTEM_REF
2025-04-18,OUT_030,C_1570,PSP,Flexible,LM,N/A,1956,293.4,OLD_SYSTEM_REF
2025-04-18,OUT_033,C_8000,BOS,Flexible,LM,dosa,1431,214.65,OLD_SYSTEM_REF
2025-04-18,OUT_035,C_1729,BOS,Flexible,LM,manchurian,875,131.25,OLD_SYSTEM_REF
2025-04-18,OUT_036,C_1542,PSP,Flexible,MM,N/A,1249,187.35,OLD_SYSTEM_REF
2025-04-18,OUT_040,C_4368,Visit Pack,Fixed,LM,N/A,977,146.54999999999998,OLD_SYSTEM_REF
2025-04-18,OUT_043,C_4061,PSP,Flexible,LM,N/A,1010,151.5,OLD_SYSTEM_REF
2025-04-18,OUT_053,C_1513,BOS,Flexible,Repeat,manchurian,608,91.2,OLD_SYSTEM_REF
2025-04-18,OUT_060,C_2260,Visit Pack,Fixed,Repeat,N/A,826,123.89999999999999,OLD_SYSTEM_REF
2025-04-18,OUT_062,C_3807,PSP,Flexible,Repeat,N/A,513,76.95,OLD_SYSTEM_REF
2025-04-18,OUT_063,C_2264,BOS,Flexible,Repeat,burger,802,120.3,OLD_SYSTEM_REF
2025-04-18,OUT_067,C_3327,BOS,Flexible,LM,dosa,1251,187.65,OLD_SYSTEM_REF
2025-04-18,OUT_078,C_6964,PSP,Flexible,Lapsed,N/A,1759,263.84999999999997,OLD_SYSTEM_REF
2025-04-18,OUT_088,C_4186,Visit Pack,Fixed,Repeat,N/A,1990,298.5,OLD_SYSTEM_REF
2025-04-18,OUT_094,C_7793,PSP,Flexible,Lapsed,N/A,1505,225.75,OLD_SYSTEM_REF
2025-04-18,OUT_097,C_8886,Visit Pack,Fixed,Lapsed,N/A,634,95.1,OLD_SYSTEM_REF
2025-04-18,OUT_100,C_4054,Visit Pack,Fixed,MM,N/A,1424,213.6,OLD_SYSTEM_REF
2025-04-19,OUT_006,C_1093,PSP,Flexible,Lapsed,N/A,537,80.55,OLD_SYSTEM_REF
2025-04-19,OUT_007,C_4847,Visit Pack,Fixed,MM,N/A,1717,257.55,OLD_SYSTEM_REF
2025-04-19,OUT_009,C_2826,Visit Pack,Fixed,MM,N/A,1349,202.35,OLD_SYSTEM_REF
2025-04-19,OUT_023,C_3063,PSP,Flexible,Lapsed,N/A,1743,261.45,OLD_SYSTEM_REF
2025-04-19,OUT_032,C_3848,PSP,Flexible,Lapsed,N/A,1634,245.1,OLD_SYSTEM_REF
2025-04-19,OUT_033,C_6662,BOS,Flexible,Lapsed,dosa,657,98.55,OLD_SYSTEM_REF
2025-04-19,OUT_039,C_1504,BOS,Flexible,Lapsed,dal makhani,1906,285.9,OLD_SYSTEM_REF
2025-04-19,OUT_050,C_6888,PSP,Flexible,Lapsed,N/A,901,135.15,OLD_SYSTEM_REF
2025-04-19,OUT_054,C_8935,BOS,Flexible,MM,pizza,1846,276.9,OLD_SYSTEM_REF
2025-04-19,OUT_055,C_2669,Visit Pack,Fixed,LM,N/A,1173,175.95,OLD_SYSTEM_REF
2025-04-19,OUT_062,C_8251,Visit Pack,Fixed,LM,N/A,1681,252.14999999999998,OLD_SYSTEM_REF
2025-04-19,OUT_064,C_7465,BOS,Flexible,LM,manchurian,1131,169.65,OLD_SYSTEM_REF
2025-04-19,OUT_070,C_6324,PSP,Flexible,UM,N/A,1300,195.0,OLD_SYSTEM_REF
2025-04-19,OUT_079,C_7653,BOS,Flexible,Repeat,burger,911,136.65,OLD_SYSTEM_REF
2025-04-19,OUT_084,C_4476,Visit Pack,Fixed,MM,N/A,1997,299.55,OLD_SYSTEM_REF
2025-04-19,OUT_087,C_2944,BOS,Flexible,Lapsed,manchurian,1854,278.09999999999997,OLD_SYSTEM_REF
2025-04-19,OUT_093,C_4560,PSP,Flexible,Repeat,N/A,667,100.05,OLD_SYSTEM_REF
2025-04-20,OUT_007,C_7211,BOS,Flexible,Repeat,dal makhani,1969,295.34999999999997,OLD_SYSTEM_REF
2025-04-20,OUT_011,C_5501,PSP,Flexible,LM,N/A,865,129.75,OLD_SYSTEM_REF
2025-04-20,OUT_020,C_5127,BOS,Flexible,MM,pizza,1468,220.2,OLD_SYSTEM_REF
2025-04-20,OUT_022,C_3544,PSP,Flexible,Repeat,N/A,951,142.65,OLD_SYSTEM_REF
2025-04-20,OUT_023,C_8666,PSP,Flexible,Repeat,N/A,1079,161.85,OLD_SYSTEM_REF
2025-04-20,OUT_027,C_4046,Visit Pack,Fixed,LM,N/A,1218,182.7,OLD_SYSTEM_REF
2025-04-20,OUT_028,C_2764,BOS,Flexible,Lapsed,dal makhani,1656,248.39999999999998,OLD_SYSTEM_REF
2025-04-20,OUT_030,C_2517,BOS,Flexible,Lapsed,burger,762,114.3,OLD_SYSTEM_REF
2025-04-20,OUT_031,C_5216,Visit Pack,Fixed,Repeat,N/A,789,118.35,OLD_SYSTEM_REF
2025-04-20,OUT_034,C_3894,BOS,Flexible,Lapsed,dosa,1300,195.0,OLD_SYSTEM_REF
2025-04-20,OUT_041,C_1399,Visit Pack,Fixed,LM,N/A,1426,213.9,OLD_SYSTEM_REF
2025-04-20,OUT_060,C_5279,PSP,Flexible,Repeat,N/A,974,146.1,OLD_SYSTEM_REF
2025-04-20,OUT_069,C_2765,PSP,Flexible,Repeat,N/A,1139,170.85,OLD_SYSTEM_REF
2025-04-20,OUT_074,C_9837,PSP,Flexible,MM,N/A,1043,156.45,OLD_SYSTEM_REF
2025-04-20,OUT_081,C_5974,BOS,Flexible,LM,pizza,1043,156.45,OLD_SYSTEM_REF
2025-04-20,OUT_090,C_3883,BOS,Flexible,LM,dal makhani,1860,279.0,OLD_SYSTEM_REF
2025-04-20,OUT_093,C_6279,PSP,Flexible,MM,N/A,567,85.05,OLD_SYSTEM_REF
2025-04-20,OUT_099,C_7787,Visit Pack,Fixed,Repeat,N/A,919,137.85,OLD_SYSTEM_REF
2025-04-21,OUT_002,C_8034,Visit Pack,Fixed,UM,N/A,1972,295.8,OLD_SYSTEM_REF
2025-04-21,OUT_006,C_4881,BOS,Flexible,Repeat,dosa,1172,175.79999999999998,OLD_SYSTEM_REF
2025-04-21,OUT_008,C_5254,BOS,Flexible,Repeat,pizza,1216,182.4,OLD_SYSTEM_REF
2025-04-21,OUT_009,C_7141,BOS,Flexible,MM,dal makhani,544,81.6,OLD_SYSTEM_REF
2025-04-21,OUT_011,C_9661,PSP,Flexible,Lapsed,N/A,764,114.6,OLD_SYSTEM_REF
2025-04-21,OUT_013,C_7354,BOS,Flexible,Lapsed,dal makhani,519,77.85,OLD_SYSTEM_REF
2025-04-21,OUT_015,C_7982,BOS,Flexible,Repeat,dosa,851,127.64999999999999,OLD_SYSTEM_REF
2025-04-21,OUT_020,C_2067,Visit Pack,Fixed,Lapsed,N/A,1875,281.25,OLD_SYSTEM_REF
2025-04-21,OUT_022,C_8271,PSP,Flexible,Lapsed,N/A,551,82.64999999999999,OLD_SYSTEM_REF
2025-04-21,OUT_034,C_6644,PSP,Flexible,MM,N/A,808,121.19999999999999,OLD_SYSTEM_REF
2025-04-21,OUT_049,C_8811,PSP,Flexible,LM,N/A,1804,270.59999999999997,OLD_SYSTEM_REF
2025-04-21,OUT_055,C_6829,Visit Pack,Fixed,UM,N/A,784,117.6,OLD_SYSTEM_REF
2025-04-21,OUT_065,C_3434,Visit Pack,Fixed,Lapsed,N/A,875,131.25,OLD_SYSTEM_REF
2025-04-21,OUT_076,C_8589,BOS,Flexible,Repeat,dosa,1659,248.85,OLD_SYSTEM_REF
2025-04-21,OUT_083,C_5419,BOS,Flexible,MM,manchurian,877,131.54999999999998,OLD_SYSTEM_REF
2025-04-21,OUT_087,C_2588,PSP,Flexible,UM,N/A,1278,191.7,OLD_SYSTEM_REF
2025-04-21,OUT_089,C_7077,PSP,Flexible,MM,N/A,1063,159.45,OLD_SYSTEM_REF
2025-04-21,OUT_094,C_7050,PSP,Flexible,UM,N/A,1386,207.9,OLD_SYSTEM_REF
2025-04-22,OUT_010,C_4348,BOS,Flexible,Lapsed,pizza,572,85.8,OLD_SYSTEM_REF
2025-04-22,OUT_015,C_2166,Visit Pack,Fixed,LM,N/A,1044,156.6,OLD_SYSTEM_REF
2025-04-22,OUT_019,C_8579,PSP,Flexible,Repeat,N/A,1778,266.7,OLD_SYSTEM_REF
2025-04-22,OUT_020,C_6910,Visit Pack,Fixed,Repeat,N/A,1482,222.29999999999998,OLD_SYSTEM_REF
2025-04-22,OUT_030,C_5120,PSP,Flexible,Repeat,N/A,1573,235.95,OLD_SYSTEM_REF
2025-04-22,OUT_041,C_1007,BOS,Flexible,Lapsed,manchurian,646,96.89999999999999,OLD_SYSTEM_REF
2025-04-22,OUT_042,C_6793,BOS,Flexible,UM,pizza,1076,161.4,OLD_SYSTEM_REF
2025-04-22,OUT_050,C_1684,BOS,Flexible,LM,pizza,1307,196.04999999999998,OLD_SYSTEM_REF
2025-04-22,OUT_051,C_2024,BOS,Flexible,Repeat,manchurian,1815,272.25,OLD_SYSTEM_REF
2025-04-22,OUT_052,C_3482,Visit Pack,Fixed,MM,N/A,1416,212.4,OLD_SYSTEM_REF
2025-04-22,OUT_053,C_6205,Visit Pack,Fixed,UM,N/A,1651,247.64999999999998,OLD_SYSTEM_REF
2025-04-22,OUT_056,C_6831,Visit Pack,Fixed,UM,N/A,790,118.5,OLD_SYSTEM_REF
2025-04-22,OUT_057,C_2534,BOS,Flexible,LM,dal makhani,516,77.39999999999999,OLD_SYSTEM_REF
2025-04-22,OUT_063,C_7064,PSP,Flexible,LM,N/A,586,87.89999999999999,OLD_SYSTEM_REF
2025-04-22,OUT_064,C_9257,PSP,Flexible,MM,N/A,1676,251.39999999999998,OLD_SYSTEM_REF
2025-04-22,OUT_066,C_9102,BOS,Flexible,LM,manchurian,823,123.44999999999999,OLD_SYSTEM_REF
2025-04-22,OUT_072,C_4799,PSP,Flexible,MM,N/A,1680,252.0,OLD_SYSTEM_REF
2025-04-22,OUT_083,C_5767,BOS,Flexible,Lapsed,manchurian,1711,256.65,OLD_SYSTEM_REF
2025-04-22,OUT_084,C_3258,Visit Pack,Fixed,LM,N/A,533,79.95,OLD_SYSTEM_REF
2025-04-22,OUT_085,C_2925,Visit Pack,Fixed,Repeat,N/A,1997,299.55,OLD_SYSTEM_REF
2025-04-23,OUT_003,C_4829,PSP,Flexible,UM,N/A,1052,157.79999999999998,OLD_SYSTEM_REF
2025-04-23,OUT_011,C_3614,BOS,Flexible,UM,burger,691,103.64999999999999,OLD_SYSTEM_REF
2025-04-23,OUT_018,C_8558,PSP,Flexible,Lapsed,N/A,1185,177.75,OLD_SYSTEM_REF
2025-04-23,OUT_019,C_1446,Visit Pack,Fixed,Lapsed,N/A,1654,248.1,OLD_SYSTEM_REF
2025-04-23,OUT_022,C_9874,Visit Pack,Fixed,Lapsed,N/A,1583,237.45,OLD_SYSTEM_REF
2025-04-23,OUT_027,C_3300,BOS,Flexible,LM,manchurian,1128,169.2,OLD_SYSTEM_REF
2025-04-23,OUT_040,C_5079,PSP,Flexible,Lapsed,N/A,951,142.65,OLD_SYSTEM_REF
2025-04-23,OUT_043,C_3569,Visit Pack,Fixed,MM,N/A,1821,273.15,OLD_SYSTEM_REF
2025-04-23,OUT_047,C_8780,Visit Pack,Fixed,LM,N/A,1017,152.54999999999998,OLD_SYSTEM_REF
2025-04-23,OUT_050,C_1386,Visit Pack,Fixed,MM,N/A,1949,292.34999999999997,OLD_SYSTEM_REF
2025-04-23,OUT_062,C_8877,BOS,Flexible,MM,dal makhani,673,100.95,OLD_SYSTEM_REF
2025-04-23,OUT_065,C_6242,PSP,Flexible,MM,N/A,518,77.7,OLD_SYSTEM_REF
2025-04-23,OUT_080,C_2833,Visit Pack,Fixed,LM,N/A,1556,233.39999999999998,OLD_SYSTEM_REF
2025-04-23,OUT_086,C_5440,PSP,Flexible,UM,N/A,1443,216.45,OLD_SYSTEM_REF
2025-04-23,OUT_092,C_3206,Visit Pack,Fixed,MM,N/A,573,85.95,OLD_SYSTEM_REF
2025-04-23,OUT_093,C_8406,BOS,Flexible,Repeat,manchurian,1906,285.9,OLD_SYSTEM_REF
2025-04-23,OUT_096,C_9677,PSP,Flexible,MM,N/A,1052,157.79999999999998,OLD_SYSTEM_REF
2025-04-23,OUT_098,C_3882,Visit Pack,Fixed,UM,N/A,1876,281.4,OLD_SYSTEM_REF
2025-04-23,OUT_100,C_4760,Visit Pack,Fixed,Repeat,N/A,985,147.75,OLD_SYSTEM_REF
2025-04-24,OUT_001,C_1897,Visit Pack,Fixed,MM,N/A,1971,295.65,OLD_SYSTEM_REF
2025-04-24,OUT_010,C_4516,PSP,Flexible,Repeat,N/A,1918,287.7,OLD_SYSTEM_REF
2025-04-24,OUT_011,C_9091,Visit Pack,Fixed,Lapsed,N/A,773,115.94999999999999,OLD_SYSTEM_REF
2025-04-24,OUT_018,C_8650,Visit Pack,Fixed,Repeat,N/A,1013,151.95,OLD_SYSTEM_REF
2025-04-24,OUT_022,C_9013,Visit Pack,Fixed,LM,N/A,978,146.7,OLD_SYSTEM_REF
2025-04-24,OUT_024,C_4507,Visit Pack,Fixed,LM,N/A,803,120.44999999999999,OLD_SYSTEM_REF
2025-04-24,OUT_028,C_7021,BOS,Flexible,Repeat,dal makhani,1330,199.5,OLD_SYSTEM_REF
2025-04-24,OUT_031,C_6343,Visit Pack,Fixed,Lapsed,N/A,676,101.39999999999999,OLD_SYSTEM_REF
2025-04-24,OUT_032,C_5979,BOS,Flexible,LM,manchurian,1794,269.09999999999997,OLD_SYSTEM_REF
2025-04-24,OUT_033,C_9166,PSP,Flexible,LM,N/A,1434,215.1,OLD_SYSTEM_REF
2025-04-24,OUT_037,C_3873,PSP,Flexible,LM,N/A,1628,244.2,OLD_SYSTEM_REF
2025-04-24,OUT_050,C_7665,Visit Pack,Fixed,LM,N/A,583,87.45,OLD_SYSTEM_REF
2025-04-24,OUT_052,C_7775,PSP,Flexible,LM,N/A,803,120.44999999999999,OLD_SYSTEM_REF
2025-04-24,OUT_054,C_1085,PSP,Flexible,LM,N/A,1219,182.85,OLD_SYSTEM_REF
2025-04-24,OUT_061,C_7191,PSP,Flexible,Lapsed,N/A,1207,181.04999999999998,OLD_SYSTEM_REF
2025-04-24,OUT_075,C_1518,PSP,Flexible,LM,N/A,1087,163.04999999999998,OLD_SYSTEM_REF
2025-04-24,OUT_076,C_8613,Visit Pack,Fixed,LM,N/A,1501,225.15,OLD_SYSTEM_REF
2025-04-24,OUT_077,C_3666,BOS,Flexible,UM,dosa,893,133.95,OLD_SYSTEM_REF
2025-04-24,OUT_079,C_3863,PSP,Flexible,UM,N/A,962,144.29999999999998,OLD_SYSTEM_REF
2025-04-24,OUT_080,C_1204,Visit Pack,Fixed,MM,N/A,1937,290.55,OLD_SYSTEM_REF
2025-04-24,OUT_097,C_2598,BOS,Flexible,MM,burger,1217,182.54999999999998,OLD_SYSTEM_REF
2025-04-25,OUT_023,C_8757,BOS,Flexible,LM,burger,1661,249.14999999999998,OLD_SYSTEM_REF
2025-04-25,OUT_024,C_1723,Visit Pack,Fixed,UM,N/A,1113,166.95,OLD_SYSTEM_REF
2025-04-25,OUT_030,C_5704,Visit Pack,Fixed,Lapsed,N/A,1761,264.15,OLD_SYSTEM_REF
2025-04-25,OUT_036,C_6152,Visit Pack,Fixed,UM,N/A,1388,208.2,OLD_SYSTEM_REF
2025-04-25,OUT_042,C_8410,BOS,Flexible,LM,pizza,1859,278.84999999999997,OLD_SYSTEM_REF
2025-04-25,OUT_043,C_6933,BOS,Flexible,Lapsed,manchurian,684,102.6,OLD_SYSTEM_REF
2025-04-25,OUT_051,C_5910,Visit Pack,Fixed,MM,N/A,1622,243.29999999999998,OLD_SYSTEM_REF
2025-04-25,OUT_052,C_5823,BOS,Flexible,UM,pizza,1320,198.0,OLD_SYSTEM_REF
2025-04-25,OUT_054,C_7669,BOS,Flexible,LM,pizza,1068,160.2,OLD_SYSTEM_REF
2025-04-25,OUT_056,C_9965,PSP,Flexible,Repeat,N/A,981,147.15,OLD_SYSTEM_REF
2025-04-25,OUT_057,C_1570,PSP,Flexible,LM,N/A,651,97.64999999999999,OLD_SYSTEM_REF
2025-04-25,OUT_075,C_7942,BOS,Flexible,Lapsed,pizza,963,144.45,OLD_SYSTEM_REF
2025-04-25,OUT_079,C_5301,BOS,Flexible,Lapsed,burger,1940,291.0,OLD_SYSTEM_REF
2025-04-25,OUT_087,C_2009,PSP,Flexible,Repeat,N/A,1997,299.55,OLD_SYSTEM_REF
2025-04-25,OUT_093,C_7367,PSP,Flexible,Lapsed,N/A,733,109.95,OLD_SYSTEM_REF
2025-04-25,OUT_098,C_3917,BOS,Flexible,Repeat,dosa,945,141.75,OLD_SYSTEM_REF
2025-04-25,OUT_100,C_4691,Visit Pack,Fixed,LM,N/A,1802,270.3,OLD_SYSTEM_REF
2025-04-26,OUT_003,C_5240,BOS,Flexible,LM,manchurian,1616,242.39999999999998,OLD_SYSTEM_REF
2025-04-26,OUT_007,C_4366,PSP,Flexible,LM,N/A,600,90.0,OLD_SYSTEM_REF
2025-04-26,OUT_019,C_9857,BOS,Flexible,Repeat,dal makhani,1472,220.79999999999998,OLD_SYSTEM_REF
2025-04-26,OUT_023,C_2451,BOS,Flexible,UM,burger,1711,256.65,OLD_SYSTEM_REF
2025-04-26,OUT_024,C_4828,Visit Pack,Fixed,Repeat,N/A,1830,274.5,OLD_SYSTEM_REF
2025-04-26,OUT_029,C_3726,Visit Pack,Fixed,LM,N/A,1873,280.95,OLD_SYSTEM_REF
2025-04-26,OUT_030,C_1204,PSP,Flexible,Repeat,N/A,637,95.55,OLD_SYSTEM_REF
2025-04-26,OUT_033,C_8948,BOS,Flexible,Lapsed,dosa,641,96.14999999999999,OLD_SYSTEM_REF
2025-04-26,OUT_039,C_2123,BOS,Flexible,MM,dal makhani,954,143.1,OLD_SYSTEM_REF
2025-04-26,OUT_041,C_1827,BOS,Flexible,Lapsed,manchurian,1066,159.9,OLD_SYSTEM_REF
2025-04-26,OUT_043,C_6001,Visit Pack,Fixed,LM,N/A,1757,263.55,OLD_SYSTEM_REF
2025-04-26,OUT_048,C_9436,PSP,Flexible,Lapsed,N/A,1836,275.4,OLD_SYSTEM_REF
2025-04-26,OUT_049,C_6787,PSP,Flexible,Repeat,N/A,1648,247.2,OLD_SYSTEM_REF
2025-04-26,OUT_050,C_5766,Visit Pack,Fixed,MM,N/A,545,81.75,OLD_SYSTEM_REF
2025-04-26,OUT_054,C_4053,BOS,Flexible,Lapsed,pizza,1900,285.0,OLD_SYSTEM_REF
2025-04-26,OUT_056,C_9168,Visit Pack,Fixed,UM,N/A,1337,200.54999999999998,OLD_SYSTEM_REF
2025-04-26,OUT_070,C_8749,PSP,Flexible,Lapsed,N/A,1427,214.04999999999998,OLD_SYSTEM_REF
2025-04-26,OUT_071,C_2488,BOS,Flexible,Repeat,manchurian,1837,275.55,OLD_SYSTEM_REF
2025-04-26,OUT_075,C_9205,PSP,Flexible,MM,N/A,1231,184.65,OLD_SYSTEM_REF
2025-04-26,OUT_077,C_6483,BOS,Flexible,MM,dosa,1529,229.35,OLD_SYSTEM_REF
2025-04-26,OUT_084,C_7313,Visit Pack,Fixed,Repeat,N/A,1967,295.05,OLD_SYSTEM_REF
2025-04-26,OUT_085,C_7833,Visit Pack,Fixed,MM,N/A,989,148.35,OLD_SYSTEM_REF
2025-04-26,OUT_086,C_2732,Visit Pack,Fixed,MM,N/A,1311,196.65,OLD_SYSTEM_REF
2025-04-26,OUT_097,C_5017,BOS,Flexible,LM,burger,566,84.89999999999999,OLD_SYSTEM_REF
2025-04-26,OUT_098,C_2718,Visit Pack,Fixed,MM,N/A,1266,189.9,OLD_SYSTEM_REF
2025-04-27,OUT_006,C_2353,Visit Pack,Fixed,Lapsed,N/A,1251,187.65,OLD_SYSTEM_REF
2025-04-27,OUT_018,C_5732,Visit Pack,Fixed,Repeat,N/A,1487,223.04999999999998,OLD_SYSTEM_REF
2025-04-27,OUT_027,C_7295,PSP,Flexible,LM,N/A,1907,286.05,OLD_SYSTEM_REF
2025-04-27,OUT_028,C_5932,PSP,Flexible,LM,N/A,1920,288.0,OLD_SYSTEM_REF
2025-04-27,OUT_033,C_6213,PSP,Flexible,MM,N/A,1249,187.35,OLD_SYSTEM_REF
2025-04-27,OUT_049,C_2604,Visit Pack,Fixed,MM,N/A,1500,225.0,OLD_SYSTEM_REF
2025-04-27,OUT_059,C_2998,PSP,Flexible,LM,N/A,1951,292.65,OLD_SYSTEM_REF
2025-04-27,OUT_061,C_2893,PSP,Flexible,MM,N/A,1009,151.35,OLD_SYSTEM_REF
2025-04-27,OUT_065,C_9635,Visit Pack,Fixed,MM,N/A,1052,157.79999999999998,OLD_SYSTEM_REF
2025-04-27,OUT_067,C_8779,PSP,Flexible,MM,N/A,945,141.75,OLD_SYSTEM_REF
2025-04-27,OUT_068,C_3395,PSP,Flexible,UM,N/A,1437,215.54999999999998,OLD_SYSTEM_REF
2025-04-27,OUT_074,C_1851,BOS,Flexible,Repeat,dosa,1786,267.9,OLD_SYSTEM_REF
2025-04-27,OUT_085,C_9699,Visit Pack,Fixed,LM,N/A,1202,180.29999999999998,OLD_SYSTEM_REF
2025-04-27,OUT_087,C_8537,BOS,Flexible,LM,manchurian,764,114.6,OLD_SYSTEM_REF
2025-04-27,OUT_094,C_9641,Visit Pack,Fixed,Lapsed,N/A,1061,159.15,OLD_SYSTEM_REF
2025-04-28,OUT_018,C_4108,PSP,Flexible,MM,N/A,1155,173.25,OLD_SYSTEM_REF
2025-04-28,OUT_025,C_8434,PSP,Flexible,UM,N/A,703,105.45,OLD_SYSTEM_REF
2025-04-28,OUT_036,C_1523,BOS,Flexible,UM,dal makhani,564,84.6,OLD_SYSTEM_REF
2025-04-28,OUT_038,C_8529,BOS,Flexible,MM,burger,1926,288.9,OLD_SYSTEM_REF
2025-04-28,OUT_039,C_4629,Visit Pack,Fixed,MM,N/A,1282,192.29999999999998,OLD_SYSTEM_REF
2025-04-28,OUT_046,C_8866,PSP,Flexible,Lapsed,N/A,1813,271.95,OLD_SYSTEM_REF
2025-04-28,OUT_049,C_2946,PSP,Flexible,MM,N/A,1251,187.65,OLD_SYSTEM_REF
2025-04-28,OUT_050,C_6993,Visit Pack,Fixed,Repeat,N/A,1320,198.0,OLD_SYSTEM_REF
2025-04-28,OUT_056,C_2826,PSP,Flexible,Lapsed,N/A,1025,153.75,OLD_SYSTEM_REF
2025-04-28,OUT_061,C_5765,PSP,Flexible,Lapsed,N/A,1078,161.7,OLD_SYSTEM_REF
2025-04-28,OUT_067,C_9854,Visit Pack,Fixed,MM,N/A,1838,275.7,OLD_SYSTEM_REF
2025-04-28,OUT_068,C_8594,BOS,Flexible,Repeat,manchurian,1230,184.5,OLD_SYSTEM_REF
2025-04-28,OUT_076,C_5522,PSP,Flexible,LM,N/A,1053,157.95,OLD_SYSTEM_REF
2025-04-28,OUT_081,C_4641,Visit Pack,Fixed,UM,N/A,1663,249.45,OLD_SYSTEM_REF
2025-04-28,OUT_085,C_1316,Visit Pack,Fixed,MM,N/A,703,105.45,OLD_SYSTEM_REF
2025-04-29,OUT_004,C_4717,PSP,Flexible,UM,N/A,887,133.04999999999998,OLD_SYSTEM_REF
2025-04-29,OUT_006,C_2274,BOS,Flexible,Lapsed,dosa,1764,264.59999999999997,OLD_SYSTEM_REF
2025-04-29,OUT_007,C_4173,PSP,Flexible,Repeat,N/A,653,97.95,OLD_SYSTEM_REF
2025-04-29,OUT_010,C_9540,Visit Pack,Fixed,UM,N/A,1816,272.4,OLD_SYSTEM_REF
2025-04-29,OUT_014,C_7236,Visit Pack,Fixed,MM,N/A,535,80.25,OLD_SYSTEM_REF
2025-04-29,OUT_016,C_7284,Visit Pack,Fixed,Repeat,N/A,802,120.3,OLD_SYSTEM_REF
2025-04-29,OUT_021,C_3616,Visit Pack,Fixed,LM,N/A,1488,223.2,OLD_SYSTEM_REF
2025-04-29,OUT_030,C_2511,BOS,Flexible,LM,burger,1827,274.05,OLD_SYSTEM_REF
2025-04-29,OUT_034,C_6543,PSP,Flexible,MM,N/A,1243,186.45,OLD_SYSTEM_REF
2025-04-29,OUT_041,C_8159,PSP,Flexible,Repeat,N/A,1061,159.15,OLD_SYSTEM_REF
2025-04-29,OUT_045,C_8894,BOS,Flexible,Repeat,burger,579,86.85,OLD_SYSTEM_REF
2025-04-29,OUT_046,C_8212,PSP,Flexible,Lapsed,N/A,1290,193.5,OLD_SYSTEM_REF
2025-04-29,OUT_047,C_6494,PSP,Flexible,MM,N/A,832,124.8,OLD_SYSTEM_REF
2025-04-29,OUT_061,C_7523,BOS,Flexible,UM,dosa,1482,222.29999999999998,OLD_SYSTEM_REF
2025-04-29,OUT_063,C_8959,BOS,Flexible,MM,burger,1092,163.79999999999998,OLD_SYSTEM_REF
2025-04-29,OUT_064,C_1760,PSP,Flexible,UM,N/A,519,77.85,OLD_SYSTEM_REF
2025-04-29,OUT_070,C_2570,Visit Pack,Fixed,LM,N/A,1965,294.75,OLD_SYSTEM_REF
2025-04-29,OUT_072,C_2530,Visit Pack,Fixed,LM,N/A,1471,220.65,OLD_SYSTEM_REF
2025-04-29,OUT_073,C_5278,BOS,Flexible,MM,pizza,1900,285.0,OLD_SYSTEM_REF
2025-04-29,OUT_077,C_7813,BOS,Flexible,Lapsed,dosa,519,77.85,OLD_SYSTEM_REF
2025-04-29,OUT_078,C_4947,BOS,Flexible,LM,burger,813,121.94999999999999,OLD_SYSTEM_REF
2025-04-29,OUT_094,C_5791,BOS,Flexible,MM,dosa,811,121.64999999999999,OLD_SYSTEM_REF
2025-04-29,OUT_097,C_4489,PSP,Flexible,Repeat,N/A,1298,194.7,OLD_SYSTEM_REF
2025-04-30,OUT_013,C_4810,PSP,Flexible,UM,N/A,997,149.54999999999998,OLD_SYSTEM_REF
2025-04-30,OUT_015,C_1093,BOS,Flexible,Lapsed,dosa,711,106.64999999999999,OLD_SYSTEM_REF
2025-04-30,OUT_022,C_4644,BOS,Flexible,MM,pizza,535,80.25,OLD_SYSTEM_REF
2025-04-30,OUT_025,C_3528,BOS,Flexible,Repeat,burger,853,127.94999999999999,OLD_SYSTEM_REF
2025-04-30,OUT_029,C_3406,Visit Pack,Fixed,Lapsed,N/A,1035,155.25,OLD_SYSTEM_REF
2025-04-30,OUT_041,C_5025,BOS,Flexible,Repeat,manchurian,638,95.7,OLD_SYSTEM_REF
2025-04-30,OUT_042,C_1329,BOS,Flexible,UM,pizza,780,117.0,OLD_SYSTEM_REF
2025-04-30,OUT_052,C_4462,Visit Pack,Fixed,Repeat,N/A,1663,249.45,OLD_SYSTEM_REF
2025-04-30,OUT_055,C_4639,BOS,Flexible,MM,dosa,1387,208.04999999999998,OLD_SYSTEM_REF
2025-04-30,OUT_061,C_8472,Visit Pack,Fixed,UM,N/A,1811,271.65,OLD_SYSTEM_REF
2025-04-30,OUT_068,C_7751,PSP,Flexible,Repeat,N/A,1384,207.6,OLD_SYSTEM_REF
2025-04-30,OUT_075,C_3346,PSP,Flexible,Repeat,N/A,1040,156.0,OLD_SYSTEM_REF
2025-04-30,OUT_077,C_7779,PSP,Flexible,UM,N/A,718,107.7,OLD_SYSTEM_REF
2025-04-30,OUT_078,C_7548,Visit Pack,Fixed,Lapsed,N/A,1170,175.5,OLD_SYSTEM_REF
2025-04-30,OUT_082,C_8568,BOS,Flexible,UM,dosa,1086,162.9,OLD_SYSTEM_REF
2025-04-30,OUT_083,C_3167,Visit Pack,Fixed,LM,N/A,1254,188.1,OLD_SYSTEM_REF
2025-04-30,OUT_088,C_7191,Visit Pack,Fixed,UM,N/A,1056,158.4,OLD_SYSTEM_REF
2025-04-30,OUT_089,C_4992,PSP,Flexible,Repeat,N/A,1370,205.5,OLD_SYSTEM_REF
2025-04-30,OUT_090,C_2021,PSP,Flexible,UM,N/A,1160,174.0,OLD_SYSTEM_REF
2025-04-30,OUT_091,C_3301,Visit Pack,Fixed,MM,N/A,804,120.6,OLD_SYSTEM_REF
2025-04-30,OUT_093,C_4574,PSP,Flexible,Lapsed,N/A,724,108.6,OLD_SYSTEM_REF
2025-04-30,OUT_094,C_1585,Visit Pack,Fixed,UM,N/A,1700,255.0,OLD_SYSTEM_REF
2025-05-01,OUT_004,C_8589,PSP,Flexible,Repeat,N/A,703,105.45,OLD_SYSTEM_REF
2025-05-01,OUT_008,C_5613,Visit Pack,Fixed,Lapsed,N/A,1465,219.75,OLD_SYSTEM_REF
2025-05-01,OUT_010,C_4758,PSP,Flexible,MM,N/A,1004,150.6,OLD_SYSTEM_REF
2025-05-01,OUT_016,C_6396,BOS,Flexible,Lapsed,dosa,1249,187.35,OLD_SYSTEM_REF
2025-05-01,OUT_018,C_3389,PSP,Flexible,UM,N/A,970,145.5,OLD_SYSTEM_REF
2025-05-01,OUT_019,C_1323,PSP,Flexible,MM,N/A,728,109.2,OLD_SYSTEM_REF
2025-05-01,OUT_029,C_2370,BOS,Flexible,Lapsed,dosa,1088,163.2,OLD_SYSTEM_REF
2025-05-01,OUT_042,C_5126,Visit Pack,Fixed,MM,N/A,553,82.95,OLD_SYSTEM_REF
2025-05-01,OUT_054,C_1272,Visit Pack,Fixed,Repeat,N/A,1021,153.15,OLD_SYSTEM_REF
2025-05-01,OUT_055,C_3134,Visit Pack,Fixed,UM,N/A,951,142.65,OLD_SYSTEM_REF
2025-05-01,OUT_064,C_9014,BOS,Flexible,Lapsed,manchurian,1574,236.1,OLD_SYSTEM_REF
2025-05-01,OUT_065,C_2012,Visit Pack,Fixed,UM,N/A,600,90.0,OLD_SYSTEM_REF
2025-05-01,OUT_077,C_8113,Visit Pack,Fixed,LM,N/A,931,139.65,OLD_SYSTEM_REF
2025-05-01,OUT_084,C_5879,PSP,Flexible,Lapsed,N/A,1829,274.34999999999997,OLD_SYSTEM_REF
2025-05-01,OUT_095,C_8376,BOS,Flexible,UM,burger,1366,204.9,OLD_SYSTEM_REF
2025-05-02,OUT_005,C_8674,Visit Pack,Fixed,Repeat,N/A,1628,244.2,OLD_SYSTEM_REF
2025-05-02,OUT_019,C_1492,BOS,Flexible,UM,dal makhani,1390,208.5,OLD_SYSTEM_REF
2025-05-02,OUT_020,C_5919,Visit Pack,Fixed,MM,N/A,1673,250.95,OLD_SYSTEM_REF
2025-05-02,OUT_029,C_3235,Visit Pack,Fixed,MM,N/A,1899,284.84999999999997,OLD_SYSTEM_REF
2025-05-02,OUT_036,C_9582,Visit Pack,Fixed,Lapsed,N/A,856,128.4,OLD_SYSTEM_REF
2025-05-02,OUT_044,C_4622,Visit Pack,Fixed,Lapsed,N/A,564,84.6,OLD_SYSTEM_REF
2025-05-02,OUT_046,C_8646,Visit Pack,Fixed,Repeat,N/A,801,120.14999999999999,OLD_SYSTEM_REF
2025-05-02,OUT_047,C_2277,BOS,Flexible,LM,dal makhani,637,95.55,OLD_SYSTEM_REF
2025-05-02,OUT_050,C_2460,PSP,Flexible,UM,N/A,863,129.45,OLD_SYSTEM_REF
2025-05-02,OUT_054,C_3519,PSP,Flexible,MM,N/A,1436,215.4,OLD_SYSTEM_REF
2025-05-02,OUT_055,C_5478,Visit Pack,Fixed,MM,N/A,716,107.39999999999999,OLD_SYSTEM_REF
2025-05-02,OUT_057,C_8580,BOS,Flexible,Repeat,dal makhani,1326,198.9,OLD_SYSTEM_REF
2025-05-02,OUT_060,C_8348,Visit Pack,Fixed,LM,N/A,1698,254.7,OLD_SYSTEM_REF
2025-05-02,OUT_061,C_3246,PSP,Flexible,UM,N/A,533,79.95,OLD_SYSTEM_REF
2025-05-02,OUT_064,C_2515,BOS,Flexible,UM,manchurian,1650,247.5,OLD_SYSTEM_REF
2025-05-02,OUT_065,C_5338,BOS,Flexible,LM,burger,1723,258.45,OLD_SYSTEM_REF
2025-05-02,OUT_067,C_8997,PSP,Flexible,MM,N/A,1859,278.84999999999997,OLD_SYSTEM_REF
2025-05-02,OUT_068,C_7145,Visit Pack,Fixed,LM,N/A,1151,172.65,OLD_SYSTEM_REF
2025-05-02,OUT_073,C_9620,Visit Pack,Fixed,MM,N/A,1588,238.2,OLD_SYSTEM_REF
2025-05-02,OUT_075,C_7448,Visit Pack,Fixed,Repeat,N/A,1750,262.5,OLD_SYSTEM_REF
2025-05-02,OUT_079,C_2296,Visit Pack,Fixed,UM,N/A,710,106.5,OLD_SYSTEM_REF
2025-05-02,OUT_086,C_5360,Visit Pack,Fixed,MM,N/A,1638,245.7,OLD_SYSTEM_REF
2025-05-02,OUT_089,C_1503,Visit Pack,Fixed,Repeat,N/A,1796,269.4,OLD_SYSTEM_REF
2025-05-02,OUT_095,C_4305,BOS,Flexible,Lapsed,burger,1060,159.0,OLD_SYSTEM_REF
2025-05-02,OUT_097,C_5922,PSP,Flexible,MM,N/A,1625,243.75,OLD_SYSTEM_REF
2025-05-03,OUT_010,C_8935,BOS,Flexible,MM,pizza,1883,282.45,OLD_SYSTEM_REF
2025-05-03,OUT_017,C_6568,PSP,Flexible,LM,N/A,1711,256.65,OLD_SYSTEM_REF
2025-05-03,OUT_019,C_5580,BOS,Flexible,MM,dal makhani,982,147.29999999999998,OLD_SYSTEM_REF
2025-05-03,OUT_020,C_2847,Visit Pack,Fixed,LM,N/A,1876,281.4,OLD_SYSTEM_REF
2025-05-03,OUT_023,C_8299,PSP,Flexible,Lapsed,N/A,646,96.89999999999999,OLD_SYSTEM_REF
2025-05-03,OUT_036,C_4881,Visit Pack,Fixed,Lapsed,N/A,1947,292.05,OLD_SYSTEM_REF
2025-05-03,OUT_041,C_3094,BOS,Flexible,LM,manchurian,745,111.75,OLD_SYSTEM_REF
2025-05-03,OUT_046,C_7049,BOS,Flexible,Repeat,pizza,914,137.1,OLD_SYSTEM_REF
2025-05-03,OUT_052,C_3590,PSP,Flexible,LM,N/A,1628,244.2,OLD_SYSTEM_REF
2025-05-03,OUT_056,C_2556,Visit Pack,Fixed,UM,N/A,874,131.1,OLD_SYSTEM_REF
2025-05-03,OUT_057,C_2997,PSP,Flexible,Repeat,N/A,579,86.85,OLD_SYSTEM_REF
2025-05-03,OUT_065,C_6567,Visit Pack,Fixed,Repeat,N/A,1991,298.65,OLD_SYSTEM_REF
2025-05-03,OUT_072,C_4534,PSP,Flexible,LM,N/A,1403,210.45,OLD_SYSTEM_REF
2025-05-03,OUT_076,C_6731,Visit Pack,Fixed,LM,N/A,1791,268.65,OLD_SYSTEM_REF
2025-05-03,OUT_081,C_4488,PSP,Flexible,Lapsed,N/A,1306,195.9,OLD_SYSTEM_REF
2025-05-03,OUT_086,C_3526,Visit Pack,Fixed,UM,N/A,852,127.8,OLD_SYSTEM_REF
2025-05-04,OUT_001,C_8202,BOS,Flexible,LM,dal makhani,788,118.19999999999999,OLD_SYSTEM_REF
2025-05-04,OUT_002,C_7152,PSP,Flexible,Lapsed,N/A,1735,260.25,OLD_SYSTEM_REF
2025-05-04,OUT_013,C_4876,PSP,Flexible,MM,N/A,1113,166.95,OLD_SYSTEM_REF
2025-05-04,OUT_014,C_2427,Visit Pack,Fixed,LM,N/A,1378,206.7,OLD_SYSTEM_REF
2025-05-04,OUT_019,C_3050,PSP,Flexible,UM,N/A,1204,180.6,OLD_SYSTEM_REF
2025-05-04,OUT_027,C_7051,BOS,Flexible,UM,manchurian,1691,253.64999999999998,OLD_SYSTEM_REF
2025-05-04,OUT_030,C_2457,BOS,Flexible,Repeat,burger,1134,170.1,OLD_SYSTEM_REF
2025-05-04,OUT_033,C_8212,Visit Pack,Fixed,MM,N/A,609,91.35,OLD_SYSTEM_REF
2025-05-04,OUT_043,C_8605,Visit Pack,Fixed,LM,N/A,997,149.54999999999998,OLD_SYSTEM_REF
2025-05-04,OUT_057,C_2590,Visit Pack,Fixed,Repeat,N/A,803,120.44999999999999,OLD_SYSTEM_REF
2025-05-04,OUT_065,C_8483,PSP,Flexible,LM,N/A,1602,240.29999999999998,OLD_SYSTEM_REF
2025-05-04,OUT_071,C_1380,PSP,Flexible,Repeat,N/A,1294,194.1,OLD_SYSTEM_REF
2025-05-04,OUT_078,C_3424,PSP,Flexible,Repeat,N/A,630,94.5,OLD_SYSTEM_REF
2025-05-04,OUT_079,C_7895,Visit Pack,Fixed,Lapsed,N/A,1994,299.09999999999997,OLD_SYSTEM_REF
2025-05-04,OUT_084,C_9133,PSP,Flexible,LM,N/A,1725,258.75,OLD_SYSTEM_REF
2025-05-04,OUT_088,C_1229,PSP,Flexible,LM,N/A,546,81.89999999999999,OLD_SYSTEM_REF
2025-05-04,OUT_089,C_9526,PSP,Flexible,LM,N/A,1026,153.9,OLD_SYSTEM_REF
2025-05-04,OUT_094,C_2101,Visit Pack,Fixed,Lapsed,N/A,1085,162.75,OLD_SYSTEM_REF
2025-05-04,OUT_096,C_8999,BOS,Flexible,UM,burger,831,124.64999999999999,OLD_SYSTEM_REF
2025-05-04,OUT_100,C_3377,Visit Pack,Fixed,Repeat,N/A,1291,193.65,OLD_SYSTEM_REF
2025-05-05,OUT_001,C_9289,Visit Pack,Fixed,Lapsed,N/A,1218,182.7,OLD_SYSTEM_REF
2025-05-05,OUT_005,C_9753,BOS,Flexible,Repeat,dosa,989,148.35,OLD_SYSTEM_REF
2025-05-05,OUT_007,C_6447,PSP,Flexible,UM,N/A,1553,232.95,OLD_SYSTEM_REF
2025-05-05,OUT_008,C_2212,BOS,Flexible,Repeat,pizza,630,94.5,OLD_SYSTEM_REF
2025-05-05,OUT_012,C_9518,Visit Pack,Fixed,Repeat,N/A,1488,223.2,OLD_SYSTEM_REF
2025-05-05,OUT_016,C_3149,PSP,Flexible,LM,N/A,1889,283.34999999999997,OLD_SYSTEM_REF
2025-05-05,OUT_018,C_9492,Visit Pack,Fixed,Lapsed,N/A,1321,198.15,OLD_SYSTEM_REF
2025-05-05,OUT_026,C_4291,PSP,Flexible,UM,N/A,1139,170.85,OLD_SYSTEM_REF
2025-05-05,OUT_034,C_9010,BOS,Flexible,Repeat,dosa,1820,273.0,OLD_SYSTEM_REF
2025-05-05,OUT_042,C_3089,BOS,Flexible,LM,pizza,1604,240.6,OLD_SYSTEM_REF
2025-05-05,OUT_058,C_4838,Visit Pack,Fixed,LM,N/A,1267,190.04999999999998,OLD_SYSTEM_REF
2025-05-05,OUT_059,C_5640,Visit Pack,Fixed,Repeat,N/A,540,81.0,OLD_SYSTEM_REF
2025-05-05,OUT_060,C_6098,PSP,Flexible,Lapsed,N/A,720,108.0,OLD_SYSTEM_REF
2025-05-05,OUT_071,C_4566,PSP,Flexible,Lapsed,N/A,1924,288.59999999999997,OLD_SYSTEM_REF
2025-05-05,OUT_074,C_6405,Visit Pack,Fixed,LM,N/A,1570,235.5,OLD_SYSTEM_REF
2025-05-05,OUT_079,C_1951,PSP,Flexible,MM,N/A,1988,298.2,OLD_SYSTEM_REF
2025-05-05,OUT_085,C_7812,BOS,Flexible,LM,dosa,671,100.64999999999999,OLD_SYSTEM_REF
2025-05-05,OUT_096,C_4905,PSP,Flexible,Lapsed,N/A,512,76.8,OLD_SYSTEM_REF
2025-05-06,OUT_002,C_7039,PSP,Flexible,Repeat,N/A,1763,264.45,OLD_SYSTEM_REF
2025-05-06,OUT_004,C_8299,BOS,Flexible,Repeat,dosa,1331,199.65,OLD_SYSTEM_REF
2025-05-06,OUT_021,C_5127,BOS,Flexible,MM,dosa,1302,195.29999999999998,OLD_SYSTEM_REF
2025-05-06,OUT_028,C_4569,Visit Pack,Fixed,LM,N/A,1536,230.39999999999998,OLD_SYSTEM_REF
2025-05-06,OUT_029,C_5022,BOS,Flexible,LM,dosa,899,134.85,OLD_SYSTEM_REF
2025-05-06,OUT_046,C_5370,BOS,Flexible,Repeat,pizza,1972,295.8,OLD_SYSTEM_REF
2025-05-06,OUT_062,C_2418,BOS,Flexible,Repeat,dal makhani,819,122.85,OLD_SYSTEM_REF
2025-05-06,OUT_066,C_1887,BOS,Flexible,Repeat,manchurian,1461,219.15,OLD_SYSTEM_REF
2025-05-06,OUT_069,C_6805,Visit Pack,Fixed,UM,N/A,1118,167.7,OLD_SYSTEM_REF
2025-05-06,OUT_070,C_4345,BOS,Flexible,MM,dosa,1240,186.0,OLD_SYSTEM_REF
2025-05-06,OUT_080,C_4751,Visit Pack,Fixed,MM,N/A,1777,266.55,OLD_SYSTEM_REF
2025-05-06,OUT_089,C_1644,Visit Pack,Fixed,Repeat,N/A,850,127.5,OLD_SYSTEM_REF
2025-05-06,OUT_092,C_4538,Visit Pack,Fixed,LM,N/A,1715,257.25,OLD_SYSTEM_REF
2025-05-06,OUT_093,C_5624,BOS,Flexible,Lapsed,manchurian,1036,155.4,OLD_SYSTEM_REF
2025-05-07,OUT_006,C_8829,BOS,Flexible,UM,dosa,854,128.1,OLD_SYSTEM_REF
2025-05-07,OUT_012,C_8350,BOS,Flexible,Repeat,dal makhani,1503,225.45,OLD_SYSTEM_REF
2025-05-07,OUT_014,C_4213,BOS,Flexible,LM,dal makhani,606,90.89999999999999,OLD_SYSTEM_REF
2025-05-07,OUT_021,C_4233,BOS,Flexible,Lapsed,dosa,869,130.35,OLD_SYSTEM_REF
2025-05-07,OUT_031,C_1522,Visit Pack,Fixed,Lapsed,N/A,1917,287.55,OLD_SYSTEM_REF
2025-05-07,OUT_034,C_1483,Visit Pack,Fixed,MM,N/A,1616,242.39999999999998,OLD_SYSTEM_REF
2025-05-07,OUT_040,C_9043,Visit Pack,Fixed,MM,N/A,752,112.8,OLD_SYSTEM_REF
2025-05-07,OUT_044,C_5789,Visit Pack,Fixed,Repeat,N/A,1920,288.0,OLD_SYSTEM_REF
2025-05-07,OUT_045,C_8902,BOS,Flexible,Repeat,burger,1512,226.79999999999998,OLD_SYSTEM_REF
2025-05-07,OUT_046,C_8869,Visit Pack,Fixed,Repeat,N/A,704,105.6,OLD_SYSTEM_REF
2025-05-07,OUT_052,C_3910,BOS,Flexible,UM,pizza,1421,213.15,OLD_SYSTEM_REF
2025-05-07,OUT_053,C_9110,Visit Pack,Fixed,MM,N/A,825,123.75,OLD_SYSTEM_REF
2025-05-07,OUT_057,C_2423,PSP,Flexible,Repeat,N/A,1635,245.25,OLD_SYSTEM_REF
2025-05-07,OUT_066,C_5496,BOS,Flexible,Lapsed,manchurian,1165,174.75,OLD_SYSTEM_REF
2025-05-07,OUT_068,C_6226,PSP,Flexible,UM,N/A,1391,208.65,OLD_SYSTEM_REF
2025-05-07,OUT_080,C_8236,Visit Pack,Fixed,Lapsed,N/A,1793,268.95,OLD_SYSTEM_REF
2025-05-07,OUT_086,C_4194,Visit Pack,Fixed,Lapsed,N/A,1954,293.09999999999997,OLD_SYSTEM_REF
2025-05-07,OUT_094,C_3805,Visit Pack,Fixed,Repeat,N/A,1952,292.8,OLD_SYSTEM_REF
2025-05-07,OUT_097,C_6014,PSP,Flexible,LM,N/A,1738,260.7,OLD_SYSTEM_REF
2025-05-07,OUT_098,C_5754,BOS,Flexible,MM,dosa,591,88.64999999999999,OLD_SYSTEM_REF
2025-05-07,OUT_099,C_4594,Visit Pack,Fixed,Lapsed,N/A,1099,164.85,OLD_SYSTEM_REF
2025-05-08,OUT_010,C_7792,BOS,Flexible,Lapsed,pizza,535,80.25,OLD_SYSTEM_REF
2025-05-08,OUT_019,C_3313,BOS,Flexible,MM,dal makhani,1219,182.85,OLD_SYSTEM_REF
2025-05-08,OUT_041,C_2828,BOS,Flexible,MM,manchurian,1639,245.85,OLD_SYSTEM_REF
2025-05-08,OUT_042,C_6669,Visit Pack,Fixed,Repeat,N/A,1312,196.79999999999998,OLD_SYSTEM_REF
2025-05-08,OUT_045,C_7442,PSP,Flexible,LM,N/A,1022,153.29999999999998,OLD_SYSTEM_REF
2025-05-08,OUT_056,C_3468,BOS,Flexible,Repeat,dal makhani,1347,202.04999999999998,OLD_SYSTEM_REF
2025-05-08,OUT_058,C_5149,BOS,Flexible,Repeat,dosa,1145,171.75,OLD_SYSTEM_REF
2025-05-08,OUT_060,C_3493,BOS,Flexible,Lapsed,dal makhani,993,148.95,OLD_SYSTEM_REF
2025-05-08,OUT_061,C_1997,Visit Pack,Fixed,UM,N/A,1093,163.95,OLD_SYSTEM_REF
2025-05-08,OUT_062,C_9611,PSP,Flexible,Lapsed,N/A,1549,232.35,OLD_SYSTEM_REF
2025-05-08,OUT_065,C_4920,PSP,Flexible,Lapsed,N/A,1682,252.29999999999998,OLD_SYSTEM_REF
2025-05-08,OUT_087,C_4447,PSP,Flexible,Lapsed,N/A,833,124.94999999999999,OLD_SYSTEM_REF
2025-05-08,OUT_093,C_5087,Visit Pack,Fixed,LM,N/A,795,119.25,OLD_SYSTEM_REF
2025-05-08,OUT_094,C_4860,BOS,Flexible,Repeat,dosa,1580,237.0,OLD_SYSTEM_REF
2025-05-08,OUT_099,C_9565,BOS,Flexible,UM,manchurian,1047,157.04999999999998,OLD_SYSTEM_REF
2025-05-09,OUT_004,C_4417,Visit Pack,Fixed,LM,N/A,540,81.0,OLD_SYSTEM_REF
2025-05-09,OUT_005,C_6748,BOS,Flexible,UM,dosa,1068,160.2,OLD_SYSTEM_REF
2025-05-09,OUT_009,C_8109,BOS,Flexible,MM,dal makhani,1914,287.09999999999997,OLD_SYSTEM_REF
2025-05-09,OUT_022,C_1743,Visit Pack,Fixed,LM,N/A,766,114.89999999999999,OLD_SYSTEM_REF
2025-05-09,OUT_030,C_8961,Visit Pack,Fixed,LM,N/A,1288,193.2,OLD_SYSTEM_REF
2025-05-09,OUT_031,C_3585,PSP,Flexible,LM,N/A,1107,166.04999999999998,OLD_SYSTEM_REF
2025-05-09,OUT_032,C_1906,Visit Pack,Fixed,MM,N/A,516,77.39999999999999,OLD_SYSTEM_REF
2025-05-09,OUT_037,C_2780,PSP,Flexible,Lapsed,N/A,1520,228.0,OLD_SYSTEM_REF
2025-05-09,OUT_040,C_7698,BOS,Flexible,Repeat,manchurian,1317,197.54999999999998,OLD_SYSTEM_REF
2025-05-09,OUT_041,C_5933,Visit Pack,Fixed,UM,N/A,1738,260.7,OLD_SYSTEM_REF
2025-05-09,OUT_045,C_7602,PSP,Flexible,MM,N/A,1943,291.45,OLD_SYSTEM_REF
2025-05-09,OUT_052,C_3291,PSP,Flexible,Lapsed,N/A,1356,203.4,OLD_SYSTEM_REF
2025-05-09,OUT_061,C_9371,BOS,Flexible,Repeat,dosa,862,129.29999999999998,OLD_SYSTEM_REF
2025-05-09,OUT_065,C_5386,BOS,Flexible,LM,burger,1828,274.2,OLD_SYSTEM_REF
2025-05-09,OUT_068,C_1470,PSP,Flexible,LM,N/A,1080,162.0,OLD_SYSTEM_REF
2025-05-09,OUT_088,C_8033,Visit Pack,Fixed,LM,N/A,688,103.2,OLD_SYSTEM_REF
2025-05-09,OUT_096,C_1182,PSP,Flexible,MM,N/A,1159,173.85,OLD_SYSTEM_REF
2025-05-09,OUT_099,C_7872,PSP,Flexible,Lapsed,N/A,1636,245.39999999999998,OLD_SYSTEM_REF
2025-05-10,OUT_007,C_4937,PSP,Flexible,Lapsed,N/A,1525,228.75,OLD_SYSTEM_REF
2025-05-10,OUT_010,C_9449,PSP,Flexible,UM,N/A,1424,213.6,OLD_SYSTEM_REF
2025-05-10,OUT_011,C_9158,Visit Pack,Fixed,LM,N/A,1338,200.7,OLD_SYSTEM_REF
2025-05-10,OUT_013,C_2325,PSP,Flexible,LM,N/A,559,83.85,OLD_SYSTEM_REF
2025-05-10,OUT_020,C_5233,Visit Pack,Fixed,LM,N/A,1462,219.29999999999998,OLD_SYSTEM_REF
2025-05-10,OUT_025,C_9783,PSP,Flexible,Lapsed,N/A,706,105.89999999999999,OLD_SYSTEM_REF
2025-05-10,OUT_028,C_7121,BOS,Flexible,UM,dal makhani,1355,203.25,OLD_SYSTEM_REF
2025-05-10,OUT_033,C_2296,BOS,Flexible,LM,dosa,1193,178.95,OLD_SYSTEM_REF
2025-05-10,OUT_043,C_4418,PSP,Flexible,Repeat,N/A,1263,189.45,OLD_SYSTEM_REF
2025-05-10,OUT_046,C_9501,Visit Pack,Fixed,Repeat,N/A,1005,150.75,OLD_SYSTEM_REF
2025-05-10,OUT_050,C_4125,PSP,Flexible,UM,N/A,1734,260.09999999999997,OLD_SYSTEM_REF
2025-05-10,OUT_055,C_6144,PSP,Flexible,MM,N/A,765,114.75,OLD_SYSTEM_REF
2025-05-10,OUT_067,C_1924,PSP,Flexible,LM,N/A,1423,213.45,OLD_SYSTEM_REF
2025-05-10,OUT_068,C_6884,BOS,Flexible,UM,manchurian,1836,275.4,OLD_SYSTEM_REF
2025-05-10,OUT_072,C_2572,Visit Pack,Fixed,MM,N/A,1662,249.29999999999998,OLD_SYSTEM_REF
2025-05-10,OUT_074,C_9950,BOS,Flexible,LM,dosa,831,124.64999999999999,OLD_SYSTEM_REF
2025-05-10,OUT_080,C_5462,PSP,Flexible,UM,N/A,794,119.1,OLD_SYSTEM_REF
2025-05-10,OUT_087,C_9185,Visit Pack,Fixed,UM,N/A,1908,286.2,OLD_SYSTEM_REF
2025-05-10,OUT_098,C_7430,PSP,Flexible,UM,N/A,911,136.65,OLD_SYSTEM_REF
2025-05-11,OUT_003,C_2595,Visit Pack,Fixed,MM,N/A,869,130.35,OLD_SYSTEM_REF
2025-05-11,OUT_009,C_7143,PSP,Flexible,Repeat,N/A,1325,198.75,OLD_SYSTEM_REF
2025-05-11,OUT_011,C_1476,PSP,Flexible,LM,N/A,620,93.0,OLD_SYSTEM_REF
2025-05-11,OUT_031,C_6334,Visit Pack,Fixed,MM,N/A,964,144.6,OLD_SYSTEM_REF
2025-05-11,OUT_032,C_7350,BOS,Flexible,UM,manchurian,1433,214.95,OLD_SYSTEM_REF
2025-05-11,OUT_034,C_7923,PSP,Flexible,LM,N/A,1316,197.4,OLD_SYSTEM_REF
2025-05-11,OUT_041,C_2216,Visit Pack,Fixed,Lapsed,N/A,647,97.05,OLD_SYSTEM_REF
2025-05-11,OUT_042,C_7824,PSP,Flexible,MM,N/A,1506,225.9,OLD_SYSTEM_REF
2025-05-11,OUT_047,C_5084,Visit Pack,Fixed,UM,N/A,1618,242.7,OLD_SYSTEM_REF
2025-05-11,OUT_053,C_9749,PSP,Flexible,UM,N/A,569,85.35,OLD_SYSTEM_REF
2025-05-11,OUT_058,C_5329,PSP,Flexible,MM,N/A,1315,197.25,OLD_SYSTEM_REF
2025-05-11,OUT_069,C_6903,Visit Pack,Fixed,Lapsed,N/A,1789,268.34999999999997,OLD_SYSTEM_REF
2025-05-11,OUT_078,C_6144,Visit Pack,Fixed,LM,N/A,1257,188.54999999999998,OLD_SYSTEM_REF
2025-05-11,OUT_086,C_8439,PSP,Flexible,Lapsed,N/A,1679,251.85,OLD_SYSTEM_REF
2025-05-11,OUT_096,C_2870,BOS,Flexible,LM,burger,1280,192.0,OLD_SYSTEM_REF
2025-05-12,OUT_002,C_1582,Visit Pack,Fixed,UM,N/A,1015,152.25,OLD_SYSTEM_REF
2025-05-12,OUT_024,C_5514,Visit Pack,Fixed,LM,N/A,1626,243.89999999999998,OLD_SYSTEM_REF
2025-05-12,OUT_029,C_3965,PSP,Flexible,MM,N/A,868,130.2,OLD_SYSTEM_REF
2025-05-12,OUT_048,C_2265,Visit Pack,Fixed,MM,N/A,1047,157.04999999999998,OLD_SYSTEM_REF
2025-05-12,OUT_050,C_8279,Visit Pack,Fixed,UM,N/A,903,135.45,OLD_SYSTEM_REF
2025-05-12,OUT_051,C_5743,BOS,Flexible,Repeat,manchurian,1688,253.2,OLD_SYSTEM_REF
2025-05-12,OUT_052,C_8475,PSP,Flexible,Lapsed,N/A,1268,190.2,OLD_SYSTEM_REF
2025-05-12,OUT_059,C_2247,PSP,Flexible,Lapsed,N/A,839,125.85,OLD_SYSTEM_REF
2025-05-12,OUT_071,C_6146,BOS,Flexible,Repeat,manchurian,1855,278.25,OLD_SYSTEM_REF
2025-05-12,OUT_077,C_3481,PSP,Flexible,Lapsed,N/A,1049,157.35,OLD_SYSTEM_REF
2025-05-12,OUT_079,C_6688,PSP,Flexible,Repeat,N/A,693,103.95,OLD_SYSTEM_REF
2025-05-12,OUT_088,C_2414,Visit Pack,Fixed,Lapsed,N/A,836,125.39999999999999,OLD_SYSTEM_REF
2025-05-12,OUT_089,C_5271,PSP,Flexible,LM,N/A,1967,295.05,OLD_SYSTEM_REF
2025-05-12,OUT_093,C_7047,Visit Pack,Fixed,MM,N/A,803,120.44999999999999,OLD_SYSTEM_REF
2025-05-12,OUT_098,C_2427,PSP,Flexible,Repeat,N/A,1994,299.09999999999997,OLD_SYSTEM_REF
2025-05-12,OUT_099,C_7236,BOS,Flexible,LM,manchurian,1944,291.59999999999997,OLD_SYSTEM_REF
2025-05-13,OUT_001,C_6331,PSP,Flexible,MM,N/A,1396,209.4,OLD_SYSTEM_REF
2025-05-13,OUT_006,C_7245,PSP,Flexible,Lapsed,N/A,1472,220.79999999999998,OLD_SYSTEM_REF
2025-05-13,OUT_007,C_2788,PSP,Flexible,Repeat,N/A,1231,184.65,OLD_SYSTEM_REF
2025-05-13,OUT_010,C_4733,PSP,Flexible,MM,N/A,1382,207.29999999999998,OLD_SYSTEM_REF
2025-05-13,OUT_014,C_2452,BOS,Flexible,MM,dal makhani,1361,204.15,OLD_SYSTEM_REF
2025-05-13,OUT_018,C_8978,Visit Pack,Fixed,UM,N/A,1452,217.79999999999998,OLD_SYSTEM_REF
2025-05-13,OUT_021,C_6649,PSP,Flexible,UM,N/A,1770,265.5,OLD_SYSTEM_REF
2025-05-13,OUT_032,C_3864,PSP,Flexible,Lapsed,N/A,1835,275.25,OLD_SYSTEM_REF
2025-05-13,OUT_048,C_1515,BOS,Flexible,Repeat,burger,1806,270.9,OLD_SYSTEM_REF
2025-05-13,OUT_054,C_1112,Visit Pack,Fixed,Repeat,N/A,1594,239.1,OLD_SYSTEM_REF
2025-05-13,OUT_058,C_1779,BOS,Flexible,Lapsed,dosa,1707,256.05,OLD_SYSTEM_REF
2025-05-13,OUT_059,C_8854,BOS,Flexible,MM,manchurian,517,77.55,OLD_SYSTEM_REF
2025-05-13,OUT_061,C_7186,PSP,Flexible,MM,N/A,1254,188.1,OLD_SYSTEM_REF
2025-05-13,OUT_063,C_4003,PSP,Flexible,MM,N/A,1907,286.05,OLD_SYSTEM_REF
2025-05-13,OUT_073,C_1787,BOS,Flexible,LM,pizza,909,136.35,OLD_SYSTEM_REF
2025-05-13,OUT_077,C_6997,PSP,Flexible,LM,N/A,699,104.85,OLD_SYSTEM_REF
2025-05-13,OUT_079,C_4427,PSP,Flexible,Lapsed,N/A,1737,260.55,OLD_SYSTEM_REF
2025-05-13,OUT_081,C_7048,PSP,Flexible,UM,N/A,1002,150.29999999999998,OLD_SYSTEM_REF
2025-05-13,OUT_082,C_6680,BOS,Flexible,Lapsed,dosa,840,126.0,OLD_SYSTEM_REF
2025-05-13,OUT_095,C_4970,BOS,Flexible,UM,burger,1547,232.04999999999998,OLD_SYSTEM_REF
2025-05-13,OUT_098,C_2458,Visit Pack,Fixed,MM,N/A,1905,285.75,OLD_SYSTEM_REF
2025-05-14,OUT_004,C_5727,PSP,Flexible,MM,N/A,877,131.54999999999998,OLD_SYSTEM_REF
2025-05-14,OUT_006,C_9847,Visit Pack,Fixed,Lapsed,N/A,555,83.25,OLD_SYSTEM_REF
2025-05-14,OUT_008,C_5255,BOS,Flexible,MM,pizza,832,124.8,OLD_SYSTEM_REF
2025-05-14,OUT_012,C_6229,BOS,Flexible,Lapsed,dal makhani,1854,278.09999999999997,OLD_SYSTEM_REF
2025-05-14,OUT_016,C_2045,PSP,Flexible,Repeat,N/A,1985,297.75,OLD_SYSTEM_REF
2025-05-14,OUT_019,C_8294,PSP,Flexible,Repeat,N/A,559,83.85,OLD_SYSTEM_REF
2025-05-14,OUT_022,C_9406,BOS,Flexible,Lapsed,pizza,1236,185.4,OLD_SYSTEM_REF
2025-05-14,OUT_026,C_7682,PSP,Flexible,Repeat,N/A,628,94.2,OLD_SYSTEM_REF
2025-05-14,OUT_031,C_2169,Visit Pack,Fixed,MM,N/A,1363,204.45,OLD_SYSTEM_REF
2025-05-14,OUT_040,C_5706,PSP,Flexible,Lapsed,N/A,1911,286.65,OLD_SYSTEM_REF
2025-05-14,OUT_058,C_6596,Visit Pack,Fixed,MM,N/A,1384,207.6,OLD_SYSTEM_REF
2025-05-14,OUT_068,C_9725,PSP,Flexible,Lapsed,N/A,655,98.25,OLD_SYSTEM_REF
2025-05-14,OUT_072,C_5190,BOS,Flexible,Repeat,dal makhani,1226,183.9,OLD_SYSTEM_REF
2025-05-14,OUT_073,C_8795,PSP,Flexible,LM,N/A,867,130.04999999999998,OLD_SYSTEM_REF
2025-05-14,OUT_075,C_1760,BOS,Flexible,UM,pizza,707,106.05,OLD_SYSTEM_REF
2025-05-14,OUT_076,C_1331,Visit Pack,Fixed,MM,N/A,906,135.9,OLD_SYSTEM_REF
2025-05-14,OUT_077,C_3291,Visit Pack,Fixed,MM,N/A,1087,163.04999999999998,OLD_SYSTEM_REF
2025-05-14,OUT_080,C_7840,Visit Pack,Fixed,Lapsed,N/A,1939,290.84999999999997,OLD_SYSTEM_REF
2025-05-14,OUT_082,C_6817,Visit Pack,Fixed,LM,N/A,1067,160.04999999999998,OLD_SYSTEM_REF
2025-05-14,OUT_083,C_3691,Visit Pack,Fixed,Repeat,N/A,1858,278.7,OLD_SYSTEM_REF
2025-05-14,OUT_088,C_5326,PSP,Flexible,LM,N/A,1661,249.14999999999998,OLD_SYSTEM_REF
2025-05-14,OUT_092,C_3042,PSP,Flexible,Lapsed,N/A,1727,259.05,OLD_SYSTEM_REF
2025-05-15,OUT_003,C_7925,Visit Pack,Fixed,Lapsed,N/A,1114,167.1,OLD_SYSTEM_REF
2025-05-15,OUT_005,C_7442,Visit Pack,Fixed,MM,N/A,1859,278.84999999999997,OLD_SYSTEM_REF
2025-05-15,OUT_014,C_6590,Visit Pack,Fixed,Repeat,N/A,1845,276.75,OLD_SYSTEM_REF
2025-05-15,OUT_015,C_5052,PSP,Flexible,MM,N/A,1347,202.04999999999998,OLD_SYSTEM_REF
2025-05-15,OUT_020,C_8688,BOS,Flexible,Repeat,pizza,1048,157.2,OLD_SYSTEM_REF
2025-05-15,OUT_022,C_1108,PSP,Flexible,MM,N/A,1535,230.25,OLD_SYSTEM_REF
2025-05-15,OUT_028,C_9750,BOS,Flexible,Repeat,dal makhani,1368,205.2,OLD_SYSTEM_REF
2025-05-15,OUT_044,C_5757,BOS,Flexible,Lapsed,dal makhani,1797,269.55,OLD_SYSTEM_REF
2025-05-15,OUT_049,C_2367,BOS,Flexible,Lapsed,dal makhani,801,120.14999999999999,OLD_SYSTEM_REF
2025-05-15,OUT_051,C_5736,Visit Pack,Fixed,UM,N/A,1627,244.04999999999998,OLD_SYSTEM_REF
2025-05-15,OUT_053,C_9514,PSP,Flexible,Repeat,N/A,1373,205.95,OLD_SYSTEM_REF
2025-05-15,OUT_059,C_1561,PSP,Flexible,MM,N/A,974,146.1,OLD_SYSTEM_REF
2025-05-15,OUT_071,C_3647,PSP,Flexible,UM,N/A,682,102.3,OLD_SYSTEM_REF
2025-05-15,OUT_072,C_7637,BOS,Flexible,LM,dal makhani,1811,271.65,OLD_SYSTEM_REF
2025-05-15,OUT_084,C_6794,PSP,Flexible,Repeat,N/A,566,84.89999999999999,OLD_SYSTEM_REF
2025-05-15,OUT_093,C_9942,BOS,Flexible,Lapsed,manchurian,1236,185.4,OLD_SYSTEM_REF
2025-05-16,OUT_002,C_5288,Visit Pack,Fixed,Lapsed,N/A,1564,234.6,OLD_SYSTEM_REF
2025-05-16,OUT_006,C_9981,BOS,Flexible,Repeat,dosa,504,75.6,OLD_SYSTEM_REF
2025-05-16,OUT_007,C_1080,Visit Pack,Fixed,Lapsed,N/A,517,77.55,OLD_SYSTEM_REF
2025-05-16,OUT_009,C_5465,Visit Pack,Fixed,UM,N/A,1394,209.1,OLD_SYSTEM_REF
2025-05-16,OUT_015,C_5947,Visit Pack,Fixed,UM,N/A,901,135.15,OLD_SYSTEM_REF
2025-05-16,OUT_018,C_1233,PSP,Flexible,UM,N/A,1711,256.65,OLD_SYSTEM_REF
2025-05-16,OUT_023,C_7578,BOS,Flexible,MM,burger,1878,281.7,OLD_SYSTEM_REF
2025-05-16,OUT_027,C_5967,PSP,Flexible,Repeat,N/A,1370,205.5,OLD_SYSTEM_REF
2025-05-16,OUT_028,C_5373,BOS,Flexible,MM,dal makhani,853,127.94999999999999,OLD_SYSTEM_REF
2025-05-16,OUT_031,C_4471,PSP,Flexible,Lapsed,N/A,1130,169.5,OLD_SYSTEM_REF
2025-05-16,OUT_035,C_9796,Visit Pack,Fixed,UM,N/A,1040,156.0,OLD_SYSTEM_REF
2025-05-16,OUT_052,C_2603,BOS,Flexible,Lapsed,pizza,897,134.54999999999998,OLD_SYSTEM_REF
2025-05-16,OUT_054,C_6024,Visit Pack,Fixed,Repeat,N/A,1328,199.2,OLD_SYSTEM_REF
2025-05-16,OUT_062,C_8668,BOS,Flexible,Lapsed,dal makhani,1263,189.45,OLD_SYSTEM_REF
2025-05-16,OUT_071,C_4493,PSP,Flexible,MM,N/A,1680,252.0,OLD_SYSTEM_REF
2025-05-16,OUT_072,C_3216,Visit Pack,Fixed,LM,N/A,546,81.89999999999999,OLD_SYSTEM_REF
2025-05-16,OUT_076,C_1842,PSP,Flexible,LM,N/A,1960,294.0,OLD_SYSTEM_REF
2025-05-16,OUT_082,C_4249,PSP,Flexible,Repeat,N/A,717,107.55,OLD_SYSTEM_REF
2025-05-16,OUT_083,C_1581,Visit Pack,Fixed,UM,N/A,1785,267.75,OLD_SYSTEM_REF
2025-05-16,OUT_086,C_4053,Visit Pack,Fixed,LM,N/A,1077,161.54999999999998,OLD_SYSTEM_REF
2025-05-16,OUT_093,C_2146,Visit Pack,Fixed,UM,N/A,940,141.0,OLD_SYSTEM_REF
2025-05-17,OUT_001,C_8083,PSP,Flexible,MM,N/A,738,110.7,OLD_SYSTEM_REF
2025-05-17,OUT_002,C_4477,PSP,Flexible,UM,N/A,1030,154.5,OLD_SYSTEM_REF
2025-05-17,OUT_005,C_6098,Visit Pack,Fixed,Lapsed,N/A,813,121.94999999999999,OLD_SYSTEM_REF
2025-05-17,OUT_006,C_6829,Visit Pack,Fixed,Repeat,N/A,1660,249.0,OLD_SYSTEM_REF
2025-05-17,OUT_008,C_7212,BOS,Flexible,Repeat,pizza,1407,211.04999999999998,OLD_SYSTEM_REF
2025-05-17,OUT_017,C_3222,BOS,Flexible,MM,pizza,1073,160.95,OLD_SYSTEM_REF
2025-05-17,OUT_018,C_4544,PSP,Flexible,LM,N/A,1462,219.29999999999998,OLD_SYSTEM_REF
2025-05-17,OUT_021,C_8321,BOS,Flexible,Lapsed,dosa,1506,225.9,OLD_SYSTEM_REF
2025-05-17,OUT_031,C_9129,BOS,Flexible,UM,manchurian,706,105.89999999999999,OLD_SYSTEM_REF
2025-05-17,OUT_034,C_5725,PSP,Flexible,UM,N/A,1527,229.04999999999998,OLD_SYSTEM_REF
2025-05-17,OUT_035,C_2250,BOS,Flexible,LM,manchurian,1033,154.95,OLD_SYSTEM_REF
2025-05-17,OUT_037,C_8540,PSP,Flexible,Lapsed,N/A,692,103.8,OLD_SYSTEM_REF
2025-05-17,OUT_042,C_3322,Visit Pack,Fixed,Repeat,N/A,1332,199.79999999999998,OLD_SYSTEM_REF
2025-05-17,OUT_050,C_7502,BOS,Flexible,MM,pizza,1079,161.85,OLD_SYSTEM_REF
2025-05-17,OUT_055,C_4071,Visit Pack,Fixed,Repeat,N/A,1089,163.35,OLD_SYSTEM_REF
2025-05-17,OUT_073,C_4808,Visit Pack,Fixed,MM,N/A,1077,161.54999999999998,OLD_SYSTEM_REF
2025-05-17,OUT_080,C_8408,Visit Pack,Fixed,UM,N/A,1376,206.4,OLD_SYSTEM_REF
2025-05-17,OUT_081,C_8929,PSP,Flexible,UM,N/A,854,128.1,OLD_SYSTEM_REF
2025-05-17,OUT_092,C_1681,PSP,Flexible,MM,N/A,1651,247.64999999999998,OLD_SYSTEM_REF
2025-05-17,OUT_100,C_9220,Visit Pack,Fixed,Repeat,N/A,1733,259.95,OLD_SYSTEM_REF
2025-05-18,OUT_003,C_1176,Visit Pack,Fixed,Lapsed,N/A,1369,205.35,OLD_SYSTEM_REF
2025-05-18,OUT_008,C_3589,Visit Pack,Fixed,LM,N/A,1221,183.15,OLD_SYSTEM_REF
2025-05-18,OUT_015,C_1244,BOS,Flexible,MM,dosa,1545,231.75,OLD_SYSTEM_REF
2025-05-18,OUT_016,C_4646,BOS,Flexible,LM,dosa,1456,218.4,OLD_SYSTEM_REF
2025-05-18,OUT_023,C_3249,Visit Pack,Fixed,Repeat,N/A,1507,226.04999999999998,OLD_SYSTEM_REF
2025-05-18,OUT_036,C_3524,BOS,Flexible,UM,dal makhani,647,97.05,OLD_SYSTEM_REF
2025-05-18,OUT_038,C_4353,Visit Pack,Fixed,MM,N/A,1332,199.79999999999998,OLD_SYSTEM_REF
2025-05-18,OUT_045,C_4950,Visit Pack,Fixed,Lapsed,N/A,1464,219.6,OLD_SYSTEM_REF
2025-05-18,OUT_058,C_1125,PSP,Flexible,Lapsed,N/A,947,142.04999999999998,OLD_SYSTEM_REF
2025-05-18,OUT_060,C_7278,BOS,Flexible,Repeat,dal makhani,514,77.1,OLD_SYSTEM_REF
2025-05-18,OUT_067,C_3543,PSP,Flexible,UM,N/A,1268,190.2,OLD_SYSTEM_REF
2025-05-18,OUT_069,C_5894,BOS,Flexible,Lapsed,manchurian,1223,183.45,OLD_SYSTEM_REF
2025-05-18,OUT_071,C_8193,BOS,Flexible,MM,manchurian,765,114.75,OLD_SYSTEM_REF
2025-05-18,OUT_072,C_9420,BOS,Flexible,UM,dal makhani,1941,291.15,OLD_SYSTEM_REF
2025-05-18,OUT_073,C_1077,Visit Pack,Fixed,Lapsed,N/A,1021,153.15,OLD_SYSTEM_REF
2025-05-18,OUT_077,C_2379,PSP,Flexible,Lapsed,N/A,875,131.25,OLD_SYSTEM_REF
2025-05-18,OUT_079,C_8176,Visit Pack,Fixed,Lapsed,N/A,744,111.6,OLD_SYSTEM_REF
2025-05-18,OUT_082,C_1021,PSP,Flexible,Repeat,N/A,1763,264.45,OLD_SYSTEM_REF
2025-05-18,OUT_086,C_5634,PSP,Flexible,MM,N/A,570,85.5,OLD_SYSTEM_REF
2025-05-18,OUT_088,C_3721,Visit Pack,Fixed,Lapsed,N/A,977,146.54999999999998,OLD_SYSTEM_REF
2025-05-18,OUT_091,C_9521,BOS,Flexible,LM,dosa,621,93.14999999999999,OLD_SYSTEM_REF
2025-05-18,OUT_095,C_2416,PSP,Flexible,Repeat,N/A,1535,230.25,OLD_SYSTEM_REF
2025-05-19,OUT_001,C_9621,BOS,Flexible,LM,dal makhani,1252,187.79999999999998,OLD_SYSTEM_REF
2025-05-19,OUT_003,C_8009,BOS,Flexible,MM,manchurian,581,87.14999999999999,OLD_SYSTEM_REF
2025-05-19,OUT_004,C_2700,BOS,Flexible,MM,dosa,1086,162.9,OLD_SYSTEM_REF
2025-05-19,OUT_010,C_8796,Visit Pack,Fixed,Repeat,N/A,1599,239.85,OLD_SYSTEM_REF
2025-05-19,OUT_012,C_6482,BOS,Flexible,Lapsed,dal makhani,1365,204.75,OLD_SYSTEM_REF
2025-05-19,OUT_015,C_4446,BOS,Flexible,Lapsed,dosa,1994,299.09999999999997,OLD_SYSTEM_REF
2025-05-19,OUT_020,C_7739,Visit Pack,Fixed,LM,N/A,810,121.5,OLD_SYSTEM_REF
2025-05-19,OUT_028,C_1961,BOS,Flexible,UM,dal makhani,1310,196.5,OLD_SYSTEM_REF
2025-05-19,OUT_044,C_7291,PSP,Flexible,UM,N/A,718,107.7,OLD_SYSTEM_REF
2025-05-19,OUT_045,C_7073,BOS,Flexible,MM,burger,1074,161.1,OLD_SYSTEM_REF
2025-05-19,OUT_050,C_1241,BOS,Flexible,UM,pizza,1031,154.65,OLD_SYSTEM_REF
2025-05-19,OUT_058,C_7267,PSP,Flexible,Repeat,N/A,505,75.75,OLD_SYSTEM_REF
2025-05-19,OUT_059,C_2557,PSP,Flexible,Repeat,N/A,945,141.75,OLD_SYSTEM_REF
2025-05-19,OUT_061,C_5499,BOS,Flexible,Repeat,dosa,1310,196.5,OLD_SYSTEM_REF
2025-05-19,OUT_065,C_4256,Visit Pack,Fixed,Lapsed,N/A,1797,269.55,OLD_SYSTEM_REF
2025-05-19,OUT_071,C_5186,BOS,Flexible,Repeat,manchurian,560,84.0,OLD_SYSTEM_REF
2025-05-19,OUT_073,C_1501,BOS,Flexible,MM,pizza,803,120.44999999999999,OLD_SYSTEM_REF
2025-05-19,OUT_075,C_4531,Visit Pack,Fixed,UM,N/A,1427,214.04999999999998,OLD_SYSTEM_REF
2025-05-19,OUT_079,C_2513,BOS,Flexible,LM,burger,961,144.15,OLD_SYSTEM_REF
2025-05-19,OUT_081,C_6064,PSP,Flexible,Repeat,N/A,1235,185.25,OLD_SYSTEM_REF
2025-05-19,OUT_085,C_7761,PSP,Flexible,MM,N/A,803,120.44999999999999,OLD_SYSTEM_REF
2025-05-19,OUT_097,C_6964,Visit Pack,Fixed,UM,N/A,1383,207.45,OLD_SYSTEM_REF
2025-05-19,OUT_099,C_4513,Visit Pack,Fixed,UM,N/A,1080,162.0,OLD_SYSTEM_REF
2025-05-20,OUT_018,C_9573,PSP,Flexible,UM,N/A,1795,269.25,OLD_SYSTEM_REF
2025-05-20,OUT_026,C_8207,PSP,Flexible,MM,N/A,1796,269.4,OLD_SYSTEM_REF
2025-05-20,OUT_030,C_7716,Visit Pack,Fixed,MM,N/A,1363,204.45,OLD_SYSTEM_REF
2025-05-20,OUT_033,C_2218,BOS,Flexible,Repeat,dosa,1292,193.79999999999998,OLD_SYSTEM_REF
2025-05-20,OUT_034,C_5464,BOS,Flexible,Lapsed,dosa,968,145.2,OLD_SYSTEM_REF
2025-05-20,OUT_037,C_3581,BOS,Flexible,MM,dal makhani,1997,299.55,OLD_SYSTEM_REF
2025-05-20,OUT_038,C_1468,BOS,Flexible,UM,burger,592,88.8,OLD_SYSTEM_REF
2025-05-20,OUT_046,C_9938,BOS,Flexible,LM,pizza,905,135.75,OLD_SYSTEM_REF
2025-05-20,OUT_054,C_8887,PSP,Flexible,UM,N/A,989,148.35,OLD_SYSTEM_REF
2025-05-20,OUT_058,C_7824,Visit Pack,Fixed,LM,N/A,1242,186.29999999999998,OLD_SYSTEM_REF
2025-05-20,OUT_063,C_6169,PSP,Flexible,Repeat,N/A,626,93.89999999999999,OLD_SYSTEM_REF
2025-05-20,OUT_071,C_1294,PSP,Flexible,UM,N/A,1683,252.45,OLD_SYSTEM_REF
2025-05-20,OUT_077,C_7926,PSP,Flexible,Repeat,N/A,1269,190.35,OLD_SYSTEM_REF
2025-05-20,OUT_082,C_6555,BOS,Flexible,MM,dosa,596,89.39999999999999,OLD_SYSTEM_REF
2025-05-20,OUT_095,C_7845,BOS,Flexible,UM,burger,681,102.14999999999999,OLD_SYSTEM_REF
2025-05-21,OUT_001,C_5143,Visit Pack,Fixed,MM,N/A,982,147.29999999999998,OLD_SYSTEM_REF
2025-05-21,OUT_003,C_9126,BOS,Flexible,Lapsed,manchurian,1278,191.7,OLD_SYSTEM_REF
2025-05-21,OUT_005,C_1054,Visit Pack,Fixed,UM,N/A,1029,154.35,OLD_SYSTEM_REF
2025-05-21,OUT_013,C_7887,PSP,Flexible,LM,N/A,1307,196.04999999999998,OLD_SYSTEM_REF
2025-05-21,OUT_019,C_1694,PSP,Flexible,LM,N/A,1800,270.0,OLD_SYSTEM_REF
2025-05-21,OUT_022,C_8374,PSP,Flexible,Lapsed,N/A,1050,157.5,OLD_SYSTEM_REF
2025-05-21,OUT_029,C_1113,PSP,Flexible,LM,N/A,806,120.89999999999999,OLD_SYSTEM_REF
2025-05-21,OUT_037,C_7880,BOS,Flexible,LM,dal makhani,936,140.4,OLD_SYSTEM_REF
2025-05-21,OUT_045,C_8782,PSP,Flexible,UM,N/A,578,86.7,OLD_SYSTEM_REF
2025-05-21,OUT_063,C_5338,BOS,Flexible,UM,burger,1909,286.34999999999997,OLD_SYSTEM_REF
2025-05-21,OUT_075,C_3671,PSP,Flexible,LM,N/A,1227,184.04999999999998,OLD_SYSTEM_REF
2025-05-21,OUT_078,C_9792,BOS,Flexible,Lapsed,burger,919,137.85,OLD_SYSTEM_REF
2025-05-21,OUT_085,C_2849,BOS,Flexible,Lapsed,dosa,949,142.35,OLD_SYSTEM_REF
2025-05-21,OUT_092,C_4944,Visit Pack,Fixed,LM,N/A,1336,200.4,OLD_SYSTEM_REF
2025-05-22,OUT_002,C_1272,PSP,Flexible,LM,N/A,797,119.55,OLD_SYSTEM_REF
2025-05-22,OUT_007,C_8209,PSP,Flexible,MM,N/A,1572,235.79999999999998,OLD_SYSTEM_REF
2025-05-22,OUT_012,C_1188,BOS,Flexible,MM,dal makhani,1586,237.89999999999998,OLD_SYSTEM_REF
2025-05-22,OUT_020,C_1688,Visit Pack,Fixed,Lapsed,N/A,1211,181.65,OLD_SYSTEM_REF
2025-05-22,OUT_028,C_1048,PSP,Flexible,Lapsed,N/A,1990,298.5,OLD_SYSTEM_REF
2025-05-22,OUT_045,C_4528,Visit Pack,Fixed,LM,N/A,510,76.5,OLD_SYSTEM_REF
2025-05-22,OUT_050,C_1551,Visit Pack,Fixed,MM,N/A,1171,175.65,OLD_SYSTEM_REF
2025-05-22,OUT_057,C_5207,Visit Pack,Fixed,LM,N/A,1724,258.59999999999997,OLD_SYSTEM_REF
2025-05-22,OUT_067,C_8107,PSP,Flexible,MM,N/A,1636,245.39999999999998,OLD_SYSTEM_REF
2025-05-22,OUT_070,C_2861,Visit Pack,Fixed,Repeat,N/A,1812,271.8,OLD_SYSTEM_REF
2025-05-22,OUT_076,C_8528,Visit Pack,Fixed,UM,N/A,1256,188.4,OLD_SYSTEM_REF
2025-05-22,OUT_077,C_8833,Visit Pack,Fixed,Repeat,N/A,1295,194.25,OLD_SYSTEM_REF
2025-05-22,OUT_079,C_8477,BOS,Flexible,MM,burger,1903,285.45,OLD_SYSTEM_REF
2025-05-22,OUT_080,C_3501,Visit Pack,Fixed,LM,N/A,1726,258.9,OLD_SYSTEM_REF
2025-05-22,OUT_084,C_8626,BOS,Flexible,Repeat,dal makhani,1686,252.89999999999998,OLD_SYSTEM_REF
2025-05-22,OUT_093,C_5809,Visit Pack,Fixed,Lapsed,N/A,1989,298.34999999999997,OLD_SYSTEM_REF
2025-05-23,OUT_024,C_9542,BOS,Flexible,Repeat,dosa,1706,255.89999999999998,OLD_SYSTEM_REF
2025-05-23,OUT_027,C_8650,BOS,Flexible,Repeat,manchurian,797,119.55,OLD_SYSTEM_REF
2025-05-23,OUT_031,C_8838,PSP,Flexible,Repeat,N/A,1876,281.4,OLD_SYSTEM_REF
2025-05-23,OUT_035,C_2267,PSP,Flexible,UM,N/A,1582,237.29999999999998,OLD_SYSTEM_REF
2025-05-23,OUT_036,C_9796,BOS,Flexible,Repeat,dal makhani,1963,294.45,OLD_SYSTEM_REF
2025-05-23,OUT_040,C_7851,PSP,Flexible,UM,N/A,1113,166.95,OLD_SYSTEM_REF
2025-05-23,OUT_049,C_6415,Visit Pack,Fixed,UM,N/A,653,97.95,OLD_SYSTEM_REF
2025-05-23,OUT_055,C_7639,Visit Pack,Fixed,MM,N/A,1840,276.0,OLD_SYSTEM_REF
2025-05-23,OUT_058,C_7630,BOS,Flexible,LM,dosa,1229,184.35,OLD_SYSTEM_REF
2025-05-23,OUT_061,C_5801,Visit Pack,Fixed,UM,N/A,1259,188.85,OLD_SYSTEM_REF
2025-05-23,OUT_074,C_5152,BOS,Flexible,Repeat,dosa,581,87.14999999999999,OLD_SYSTEM_REF
2025-05-23,OUT_078,C_6733,Visit Pack,Fixed,Lapsed,N/A,1049,157.35,OLD_SYSTEM_REF
2025-05-23,OUT_081,C_6484,BOS,Flexible,LM,pizza,1212,181.79999999999998,OLD_SYSTEM_REF
2025-05-23,OUT_083,C_6050,PSP,Flexible,UM,N/A,1861,279.15,OLD_SYSTEM_REF
2025-05-23,OUT_096,C_2879,PSP,Flexible,Repeat,N/A,1144,171.6,OLD_SYSTEM_REF
2025-05-23,OUT_098,C_3606,Visit Pack,Fixed,Repeat,N/A,1934,290.09999999999997,OLD_SYSTEM_REF
2025-05-23,OUT_100,C_2322,BOS,Flexible,Lapsed,dosa,1824,273.59999999999997,OLD_SYSTEM_REF
2025-05-24,OUT_001,C_2347,Visit Pack,Fixed,LM,N/A,1966,294.9,OLD_SYSTEM_REF
2025-05-24,OUT_003,C_9742,BOS,Flexible,LM,manchurian,1188,178.2,OLD_SYSTEM_REF
2025-05-24,OUT_012,C_4750,Visit Pack,Fixed,Lapsed,N/A,1277,191.54999999999998,OLD_SYSTEM_REF
2025-05-24,OUT_013,C_2086,Visit Pack,Fixed,Lapsed,N/A,1701,255.14999999999998,OLD_SYSTEM_REF
2025-05-24,OUT_023,C_7390,PSP,Flexible,Lapsed,N/A,1788,268.2,OLD_SYSTEM_REF
2025-05-24,OUT_035,C_3353,Visit Pack,Fixed,LM,N/A,808,121.19999999999999,OLD_SYSTEM_REF
2025-05-24,OUT_046,C_8657,PSP,Flexible,Lapsed,N/A,1668,250.2,OLD_SYSTEM_REF
2025-05-24,OUT_047,C_7826,Visit Pack,Fixed,MM,N/A,1332,199.79999999999998,OLD_SYSTEM_REF
2025-05-24,OUT_056,C_5389,PSP,Flexible,LM,N/A,547,82.05,OLD_SYSTEM_REF
2025-05-24,OUT_060,C_5589,BOS,Flexible,MM,dal makhani,1079,161.85,OLD_SYSTEM_REF
2025-05-24,OUT_062,C_8512,Visit Pack,Fixed,LM,N/A,1951,292.65,OLD_SYSTEM_REF
2025-05-24,OUT_067,C_3346,Visit Pack,Fixed,MM,N/A,1114,167.1,OLD_SYSTEM_REF
2025-05-24,OUT_068,C_6590,Visit Pack,Fixed,UM,N/A,653,97.95,OLD_SYSTEM_REF
2025-05-24,OUT_072,C_9349,PSP,Flexible,LM,N/A,1447,217.04999999999998,OLD_SYSTEM_REF
2025-05-24,OUT_073,C_2772,PSP,Flexible,Repeat,N/A,827,124.05,OLD_SYSTEM_REF
2025-05-24,OUT_075,C_9004,Visit Pack,Fixed,UM,N/A,1563,234.45,OLD_SYSTEM_REF
2025-05-24,OUT_076,C_8405,BOS,Flexible,Repeat,dosa,1616,242.39999999999998,OLD_SYSTEM_REF
2025-05-24,OUT_078,C_1757,Visit Pack,Fixed,MM,N/A,1809,271.34999999999997,OLD_SYSTEM_REF
2025-05-24,OUT_079,C_8060,BOS,Flexible,UM,burger,542,81.3,OLD_SYSTEM_REF
2025-05-24,OUT_085,C_5203,PSP,Flexible,Lapsed,N/A,1940,291.0,OLD_SYSTEM_REF
2025-05-24,OUT_089,C_4421,Visit Pack,Fixed,MM,N/A,1596,239.39999999999998,OLD_SYSTEM_REF
2025-05-24,OUT_099,C_9978,PSP,Flexible,LM,N/A,570,85.5,OLD_SYSTEM_REF
2025-05-25,OUT_001,C_5548,PSP,Flexible,LM,N/A,1280,192.0,OLD_SYSTEM_REF
2025-05-25,OUT_005,C_2526,Visit Pack,Fixed,MM,N/A,1657,248.54999999999998,OLD_SYSTEM_REF
2025-05-25,OUT_008,C_9215,PSP,Flexible,Lapsed,N/A,1859,278.84999999999997,OLD_SYSTEM_REF
2025-05-25,OUT_010,C_3759,BOS,Flexible,MM,pizza,1939,290.84999999999997,OLD_SYSTEM_REF
2025-05-25,OUT_011,C_2957,BOS,Flexible,LM,burger,594,89.1,OLD_SYSTEM_REF
2025-05-25,OUT_012,C_8657,PSP,Flexible,UM,N/A,1810,271.5,OLD_SYSTEM_REF
2025-05-25,OUT_015,C_4054,PSP,Flexible,LM,N/A,1695,254.25,OLD_SYSTEM_REF
2025-05-25,OUT_024,C_7125,Visit Pack,Fixed,Repeat,N/A,816,122.39999999999999,OLD_SYSTEM_REF
2025-05-25,OUT_029,C_7343,Visit Pack,Fixed,LM,N/A,587,88.05,OLD_SYSTEM_REF
2025-05-25,OUT_039,C_1238,Visit Pack,Fixed,MM,N/A,1672,250.79999999999998,OLD_SYSTEM_REF
2025-05-25,OUT_044,C_4071,Visit Pack,Fixed,Repeat,N/A,700,105.0,OLD_SYSTEM_REF
2025-05-25,OUT_048,C_7371,Visit Pack,Fixed,LM,N/A,711,106.64999999999999,OLD_SYSTEM_REF
2025-05-25,OUT_049,C_1109,BOS,Flexible,MM,dal makhani,1717,257.55,OLD_SYSTEM_REF
2025-05-25,OUT_056,C_8122,Visit Pack,Fixed,Repeat,N/A,854,128.1,OLD_SYSTEM_REF
2025-05-25,OUT_062,C_6126,BOS,Flexible,Lapsed,dal makhani,725,108.75,OLD_SYSTEM_REF
2025-05-25,OUT_064,C_2916,BOS,Flexible,Lapsed,manchurian,1624,243.6,OLD_SYSTEM_REF
2025-05-25,OUT_072,C_6460,BOS,Flexible,UM,dal makhani,1592,238.79999999999998,OLD_SYSTEM_REF
2025-05-25,OUT_073,C_2978,Visit Pack,Fixed,Lapsed,N/A,1945,291.75,OLD_SYSTEM_REF
2025-05-25,OUT_077,C_3929,Visit Pack,Fixed,MM,N/A,539,80.85,OLD_SYSTEM_REF
2025-05-25,OUT_080,C_1696,Visit Pack,Fixed,Lapsed,N/A,1036,155.4,OLD_SYSTEM_REF
2025-05-25,OUT_085,C_9656,BOS,Flexible,UM,dosa,893,133.95,OLD_SYSTEM_REF
2025-05-25,OUT_089,C_2509,Visit Pack,Fixed,LM,N/A,1610,241.5,OLD_SYSTEM_REF
2025-05-25,OUT_099,C_7425,Visit Pack,Fixed,Repeat,N/A,1857,278.55,OLD_SYSTEM_REF
2025-05-26,OUT_007,C_4225,PSP,Flexible,UM,N/A,1332,199.79999999999998,OLD_SYSTEM_REF
2025-05-26,OUT_011,C_6003,BOS,Flexible,LM,burger,588,88.2,OLD_SYSTEM_REF
2025-05-26,OUT_012,C_3074,Visit Pack,Fixed,Repeat,N/A,1539,230.85,OLD_SYSTEM_REF
2025-05-26,OUT_020,C_5213,PSP,Flexible,LM,N/A,1434,215.1,OLD_SYSTEM_REF
2025-05-26,OUT_031,C_9274,Visit Pack,Fixed,LM,N/A,1755,263.25,OLD_SYSTEM_REF
2025-05-26,OUT_032,C_1221,Visit Pack,Fixed,UM,N/A,1511,226.65,OLD_SYSTEM_REF
2025-05-26,OUT_036,C_5443,BOS,Flexible,Repeat,dal makhani,1549,232.35,OLD_SYSTEM_REF
2025-05-26,OUT_038,C_4936,PSP,Flexible,Lapsed,N/A,1830,274.5,OLD_SYSTEM_REF
2025-05-26,OUT_040,C_3412,Visit Pack,Fixed,LM,N/A,1931,289.65,OLD_SYSTEM_REF
2025-05-26,OUT_048,C_3314,BOS,Flexible,MM,burger,1131,169.65,OLD_SYSTEM_REF
2025-05-26,OUT_051,C_5521,PSP,Flexible,UM,N/A,716,107.39999999999999,OLD_SYSTEM_REF
2025-05-26,OUT_058,C_1826,BOS,Flexible,UM,dosa,1056,158.4,OLD_SYSTEM_REF
2025-05-26,OUT_059,C_2413,PSP,Flexible,UM,N/A,1943,291.45,OLD_SYSTEM_REF
2025-05-26,OUT_072,C_7371,BOS,Flexible,MM,dal makhani,1917,287.55,OLD_SYSTEM_REF
2025-05-26,OUT_073,C_6695,PSP,Flexible,LM,N/A,979,146.85,OLD_SYSTEM_REF
2025-05-26,OUT_075,C_9247,Visit Pack,Fixed,Repeat,N/A,927,139.04999999999998,OLD_SYSTEM_REF
2025-05-26,OUT_079,C_4473,BOS,Flexible,UM,burger,799,119.85,OLD_SYSTEM_REF
2025-05-26,OUT_092,C_9874,Visit Pack,Fixed,UM,N/A,1182,177.29999999999998,OLD_SYSTEM_REF
2025-05-27,OUT_001,C_5584,PSP,Flexible,LM,N/A,1575,236.25,OLD_SYSTEM_REF
2025-05-27,OUT_003,C_5089,PSP,Flexible,MM,N/A,1242,186.29999999999998,OLD_SYSTEM_REF
2025-05-27,OUT_006,C_7917,Visit Pack,Fixed,LM,N/A,1527,229.04999999999998,OLD_SYSTEM_REF
2025-05-27,OUT_007,C_6668,Visit Pack,Fixed,LM,N/A,1254,188.1,OLD_SYSTEM_REF
2025-05-27,OUT_011,C_4816,BOS,Flexible,UM,burger,924,138.6,OLD_SYSTEM_REF
2025-05-27,OUT_015,C_8872,BOS,Flexible,Repeat,dosa,1766,264.9,OLD_SYSTEM_REF
2025-05-27,OUT_023,C_9281,Visit Pack,Fixed,Repeat,N/A,552,82.8,OLD_SYSTEM_REF
2025-05-27,OUT_030,C_4061,BOS,Flexible,Lapsed,burger,1385,207.75,OLD_SYSTEM_REF
2025-05-27,OUT_044,C_3205,PSP,Flexible,Lapsed,N/A,634,95.1,OLD_SYSTEM_REF
2025-05-27,OUT_061,C_3509,PSP,Flexible,LM,N/A,1329,199.35,OLD_SYSTEM_REF
2025-05-27,OUT_065,C_9760,PSP,Flexible,UM,N/A,1126,168.9,OLD_SYSTEM_REF
2025-05-27,OUT_074,C_9305,Visit Pack,Fixed,Lapsed,N/A,1102,165.29999999999998,OLD_SYSTEM_REF
2025-05-27,OUT_080,C_4054,BOS,Flexible,Repeat,manchurian,1817,272.55,OLD_SYSTEM_REF
2025-05-27,OUT_082,C_8249,PSP,Flexible,Lapsed,N/A,1361,204.15,OLD_SYSTEM_REF
2025-05-27,OUT_088,C_2294,BOS,Flexible,Lapsed,burger,831,124.64999999999999,OLD_SYSTEM_REF
2025-05-27,OUT_089,C_8763,BOS,Flexible,UM,manchurian,1781,267.15,OLD_SYSTEM_REF
2025-05-27,OUT_093,C_5661,Visit Pack,Fixed,UM,N/A,1576,236.39999999999998,OLD_SYSTEM_REF
2025-05-27,OUT_094,C_4584,PSP,Flexible,Repeat,N/A,570,85.5,OLD_SYSTEM_REF
2025-05-27,OUT_095,C_6232,PSP,Flexible,Repeat,N/A,1031,154.65,OLD_SYSTEM_REF
2025-05-28,OUT_002,C_1463,Visit Pack,Fixed,UM,N/A,1879,281.84999999999997,OLD_SYSTEM_REF
2025-05-28,OUT_004,C_1966,Visit Pack,Fixed,MM,N/A,643,96.45,OLD_SYSTEM_REF
2025-05-28,OUT_008,C_2305,Visit Pack,Fixed,UM,N/A,1305,195.75,OLD_SYSTEM_REF
2025-05-28,OUT_014,C_2278,BOS,Flexible,Lapsed,dal makhani,1958,293.7,OLD_SYSTEM_REF
2025-05-28,OUT_015,C_3412,PSP,Flexible,LM,N/A,559,83.85,OLD_SYSTEM_REF
2025-05-28,OUT_021,C_6083,BOS,Flexible,Repeat,dosa,540,81.0,OLD_SYSTEM_REF
2025-05-28,OUT_040,C_1244,Visit Pack,Fixed,Lapsed,N/A,1508,226.2,OLD_SYSTEM_REF
2025-05-28,OUT_044,C_7158,BOS,Flexible,LM,dal makhani,1796,269.4,OLD_SYSTEM_REF
2025-05-28,OUT_051,C_7605,PSP,Flexible,Repeat,N/A,947,142.04999999999998,OLD_SYSTEM_REF
2025-05-28,OUT_083,C_6211,PSP,Flexible,UM,N/A,1531,229.65,OLD_SYSTEM_REF
2025-05-28,OUT_086,C_5066,BOS,Flexible,Repeat,dal makhani,1725,258.75,OLD_SYSTEM_REF
2025-05-28,OUT_099,C_9923,Visit Pack,Fixed,LM,N/A,1502,225.29999999999998,OLD_SYSTEM_REF
2025-05-29,OUT_004,C_4442,PSP,Flexible,MM,N/A,985,147.75,OLD_SYSTEM_REF
2025-05-29,OUT_005,C_1049,Visit Pack,Fixed,LM,N/A,771,115.64999999999999,OLD_SYSTEM_REF
2025-05-29,OUT_009,C_9321,BOS,Flexible,Lapsed,dal makhani,1390,208.5,OLD_SYSTEM_REF
2025-05-29,OUT_022,C_9806,BOS,Flexible,MM,pizza,1551,232.64999999999998,OLD_SYSTEM_REF
2025-05-29,OUT_031,C_4087,Visit Pack,Fixed,UM,N/A,1100,165.0,OLD_SYSTEM_REF
2025-05-29,OUT_036,C_6083,PSP,Flexible,Repeat,N/A,652,97.8,OLD_SYSTEM_REF
2025-05-29,OUT_037,C_5673,BOS,Flexible,Lapsed,dal makhani,1792,268.8,OLD_SYSTEM_REF
2025-05-29,OUT_040,C_3594,PSP,Flexible,LM,N/A,1819,272.84999999999997,OLD_SYSTEM_REF
2025-05-29,OUT_053,C_7419,BOS,Flexible,Repeat,manchurian,1966,294.9,OLD_SYSTEM_REF
2025-05-29,OUT_054,C_9281,Visit Pack,Fixed,Lapsed,N/A,1296,194.4,OLD_SYSTEM_REF
2025-05-29,OUT_058,C_5040,BOS,Flexible,MM,dosa,1029,154.35,OLD_SYSTEM_REF
2025-05-29,OUT_063,C_2255,BOS,Flexible,Lapsed,burger,848,127.19999999999999,OLD_SYSTEM_REF
2025-05-29,OUT_066,C_3600,PSP,Flexible,UM,N/A,814,122.1,OLD_SYSTEM_REF
2025-05-29,OUT_068,C_1366,BOS,Flexible,MM,manchurian,1094,164.1,OLD_SYSTEM_REF
2025-05-29,OUT_069,C_2714,Visit Pack,Fixed,Lapsed,N/A,735,110.25,OLD_SYSTEM_REF
2025-05-29,OUT_073,C_7304,PSP,Flexible,UM,N/A,855,128.25,OLD_SYSTEM_REF
2025-05-29,OUT_086,C_5052,Visit Pack,Fixed,MM,N/A,964,144.6,OLD_SYSTEM_REF
2025-05-29,OUT_096,C_4217,BOS,Flexible,Repeat,burger,1334,200.1,OLD_SYSTEM_REF
2025-05-29,OUT_097,C_7751,BOS,Flexible,LM,burger,1098,164.7,OLD_SYSTEM_REF
2025-05-29,OUT_100,C_5291,PSP,Flexible,MM,N/A,1615,242.25,OLD_SYSTEM_REF
2025-05-30,OUT_005,C_2435,BOS,Flexible,Repeat,dosa,511,76.64999999999999,OLD_SYSTEM_REF
2025-05-30,OUT_019,C_3452,PSP,Flexible,LM,N/A,1708,256.2,OLD_SYSTEM_REF
2025-05-30,OUT_028,C_5349,Visit Pack,Fixed,MM,N/A,1996,299.4,OLD_SYSTEM_REF
2025-05-30,OUT_031,C_5543,BOS,Flexible,UM,manchurian,1056,158.4,OLD_SYSTEM_REF
2025-05-30,OUT_035,C_5218,BOS,Flexible,Repeat,manchurian,1941,291.15,OLD_SYSTEM_REF
2025-05-30,OUT_040,C_5902,Visit Pack,Fixed,Lapsed,N/A,761,114.14999999999999,OLD_SYSTEM_REF
2025-05-30,OUT_042,C_8033,Visit Pack,Fixed,LM,N/A,553,82.95,OLD_SYSTEM_REF
2025-05-30,OUT_051,C_6937,Visit Pack,Fixed,UM,N/A,1723,258.45,OLD_SYSTEM_REF
2025-05-30,OUT_053,C_4461,PSP,Flexible,MM,N/A,1634,245.1,OLD_SYSTEM_REF
2025-05-30,OUT_056,C_7406,Visit Pack,Fixed,MM,N/A,1880,282.0,OLD_SYSTEM_REF
2025-05-30,OUT_059,C_8020,BOS,Flexible,LM,manchurian,1311,196.65,OLD_SYSTEM_REF
2025-05-30,OUT_062,C_3766,BOS,Flexible,LM,dal makhani,995,149.25,OLD_SYSTEM_REF
2025-05-30,OUT_065,C_4471,BOS,Flexible,UM,burger,570,85.5,OLD_SYSTEM_REF
2025-05-30,OUT_070,C_3784,Visit Pack,Fixed,LM,N/A,1390,208.5,OLD_SYSTEM_REF
2025-05-30,OUT_078,C_2398,BOS,Flexible,UM,burger,717,107.55,OLD_SYSTEM_REF
2025-05-30,OUT_082,C_6345,Visit Pack,Fixed,Lapsed,N/A,1475,221.25,OLD_SYSTEM_REF
2025-05-30,OUT_083,C_4433,BOS,Flexible,LM,manchurian,975,146.25,OLD_SYSTEM_REF
2025-05-30,OUT_091,C_6800,PSP,Flexible,UM,N/A,780,117.0,OLD_SYSTEM_REF
2025-05-30,OUT_097,C_9133,PSP,Flexible,UM,N/A,1558,233.7,OLD_SYSTEM_REF
2025-05-30,OUT_100,C_9818,BOS,Flexible,MM,dosa,972,145.79999999999998,OLD_SYSTEM_REF
2025-05-31,OUT_001,C_3106,BOS,Flexible,LM,dal makhani,1595,239.25,OLD_SYSTEM_REF
2025-05-31,OUT_005,C_7150,Visit Pack,Fixed,MM,N/A,1037,155.54999999999998,OLD_SYSTEM_REF
2025-05-31,OUT_007,C_8067,BOS,Flexible,LM,dal makhani,505,75.75,OLD_SYSTEM_REF
2025-05-31,OUT_014,C_3660,BOS,Flexible,MM,dal makhani,509,76.35,OLD_SYSTEM_REF
2025-05-31,OUT_019,C_4519,BOS,Flexible,Repeat,dal makhani,1179,176.85,OLD_SYSTEM_REF
2025-05-31,OUT_021,C_5118,PSP,Flexible,UM,N/A,780,117.0,OLD_SYSTEM_REF
2025-05-31,OUT_036,C_8507,PSP,Flexible,Lapsed,N/A,1704,255.6,OLD_SYSTEM_REF
2025-05-31,OUT_054,C_8365,BOS,Flexible,Repeat,pizza,936,140.4,OLD_SYSTEM_REF
2025-05-31,OUT_062,C_7938,PSP,Flexible,MM,N/A,1004,150.6,OLD_SYSTEM_REF
2025-05-31,OUT_065,C_3839,PSP,Flexible,MM,N/A,995,149.25,OLD_SYSTEM_REF
2025-05-31,OUT_066,C_8349,Visit Pack,Fixed,Repeat,N/A,1837,275.55,OLD_SYSTEM_REF
2025-05-31,OUT_081,C_3187,PSP,Flexible,UM,N/A,1234,185.1,OLD_SYSTEM_REF
2025-05-31,OUT_084,C_1349,Visit Pack,Fixed,Repeat,N/A,1095,164.25,OLD_SYSTEM_REF
2025-05-31,OUT_089,C_3119,Visit Pack,Fixed,LM,N/A,1005,150.75,OLD_SYSTEM_REF
2025-05-31,OUT_090,C_1064,Visit Pack,Fixed,Lapsed,N/A,1917,287.55,OLD_SYSTEM_REF
2025-05-31,OUT_092,C_6660,BOS,Flexible,LM,pizza,589,88.35,OLD_SYSTEM_REF
2025-05-31,OUT_094,C_3569,Visit Pack,Fixed,Repeat,N/A,1391,208.65,OLD_SYSTEM_REF
2025-05-31,OUT_099,C_2423,PSP,Flexible,UM,N/A,1444,216.6,OLD_SYSTEM_REF
2025-05-31,OUT_100,C_3749,BOS,Flexible,MM,dosa,1949,292.34999999999997,OLD_SYSTEM_REF
2025-06-01,OUT_017,C_3797,Visit Pack,Fixed,LM,N/A,1509,226.35,OLD_SYSTEM_REF
2025-06-01,OUT_018,C_8664,Visit Pack,Fixed,Repeat,N/A,1435,215.25,OLD_SYSTEM_REF
2025-06-01,OUT_020,C_9751,PSP,Flexible,UM,N/A,1684,252.6,OLD_SYSTEM_REF
2025-06-01,OUT_023,C_9881,PSP,Flexible,LM,N/A,1061,159.15,OLD_SYSTEM_REF
2025-06-01,OUT_024,C_1221,PSP,Flexible,Lapsed,N/A,1111,166.65,OLD_SYSTEM_REF
2025-06-01,OUT_031,C_2918,PSP,Flexible,LM,N/A,1105,165.75,OLD_SYSTEM_REF
2025-06-01,OUT_032,C_3298,Visit Pack,Fixed,Lapsed,N/A,943,141.45,OLD_SYSTEM_REF
2025-06-01,OUT_035,C_8482,BOS,Flexible,LM,manchurian,1247,187.04999999999998,OLD_SYSTEM_REF
2025-06-01,OUT_038,C_2801,PSP,Flexible,LM,N/A,1880,282.0,OLD_SYSTEM_REF
2025-06-01,OUT_046,C_1350,PSP,Flexible,UM,N/A,1499,224.85,OLD_SYSTEM_REF
2025-06-01,OUT_047,C_7980,BOS,Flexible,Lapsed,dal makhani,1463,219.45,OLD_SYSTEM_REF
2025-06-01,OUT_052,C_8234,BOS,Flexible,Lapsed,pizza,517,77.55,OLD_SYSTEM_REF
2025-06-01,OUT_074,C_2446,PSP,Flexible,Lapsed,N/A,1441,216.15,OLD_SYSTEM_REF
2025-06-01,OUT_080,C_4649,PSP,Flexible,LM,N/A,828,124.19999999999999,OLD_SYSTEM_REF
2025-06-01,OUT_082,C_3941,PSP,Flexible,MM,N/A,1200,180.0,OLD_SYSTEM_REF
2025-06-01,OUT_086,C_9733,PSP,Flexible,Lapsed,N/A,749,112.35,OLD_SYSTEM_REF
2025-06-01,OUT_095,C_2053,Visit Pack,Fixed,LM,N/A,1709,256.34999999999997,OLD_SYSTEM_REF
2025-06-01,OUT_099,C_9551,BOS,Flexible,Lapsed,manchurian,1594,239.1,OLD_SYSTEM_REF
2025-06-02,OUT_004,C_7330,Visit Pack,Fixed,LM,N/A,889,133.35,OLD_SYSTEM_REF
2025-06-02,OUT_013,C_5323,PSP,Flexible,UM,N/A,541,81.14999999999999,OLD_SYSTEM_REF
2025-06-02,OUT_018,C_2761,Visit Pack,Fixed,UM,N/A,963,144.45,OLD_SYSTEM_REF
2025-06-02,OUT_021,C_5446,PSP,Flexible,MM,N/A,1611,241.64999999999998,OLD_SYSTEM_REF
2025-06-02,OUT_022,C_5350,PSP,Flexible,Lapsed,N/A,919,137.85,OLD_SYSTEM_REF
2025-06-02,OUT_028,C_8980,BOS,Flexible,Lapsed,dal makhani,1509,226.35,OLD_SYSTEM_REF
2025-06-02,OUT_051,C_7822,Visit Pack,Fixed,Lapsed,N/A,502,75.3,OLD_SYSTEM_REF
2025-06-02,OUT_054,C_4538,BOS,Flexible,MM,pizza,729,109.35,OLD_SYSTEM_REF
2025-06-02,OUT_057,C_8710,PSP,Flexible,Lapsed,N/A,806,120.89999999999999,OLD_SYSTEM_REF
2025-06-02,OUT_059,C_5719,PSP,Flexible,UM,N/A,1565,234.75,OLD_SYSTEM_REF
2025-06-02,OUT_063,C_1047,PSP,Flexible,LM,N/A,615,92.25,OLD_SYSTEM_REF
2025-06-02,OUT_066,C_5556,PSP,Flexible,UM,N/A,1443,216.45,OLD_SYSTEM_REF
2025-06-02,OUT_068,C_2806,PSP,Flexible,UM,N/A,559,83.85,OLD_SYSTEM_REF
2025-06-02,OUT_072,C_3657,PSP,Flexible,UM,N/A,1475,221.25,OLD_SYSTEM_REF
2025-06-02,OUT_080,C_2394,Visit Pack,Fixed,Lapsed,N/A,715,107.25,OLD_SYSTEM_REF
2025-06-02,OUT_096,C_7158,BOS,Flexible,MM,burger,1047,157.04999999999998,OLD_SYSTEM_REF
2025-06-02,OUT_097,C_8607,Visit Pack,Fixed,UM,N/A,1992,298.8,OLD_SYSTEM_REF
2025-06-03,OUT_002,C_7943,BOS,Flexible,MM,dal makhani,1141,171.15,OLD_SYSTEM_REF
2025-06-03,OUT_008,C_2905,BOS,Flexible,MM,pizza,1098,164.7,OLD_SYSTEM_REF
2025-06-03,OUT_011,C_2562,PSP,Flexible,Lapsed,N/A,1771,265.65,OLD_SYSTEM_REF
2025-06-03,OUT_012,C_5359,BOS,Flexible,LM,dal makhani,1115,167.25,OLD_SYSTEM_REF
2025-06-03,OUT_013,C_8672,PSP,Flexible,Repeat,N/A,1243,186.45,OLD_SYSTEM_REF
2025-06-03,OUT_016,C_3276,PSP,Flexible,LM,N/A,1623,243.45,OLD_SYSTEM_REF
2025-06-03,OUT_020,C_5204,PSP,Flexible,LM,N/A,1512,226.79999999999998,OLD_SYSTEM_REF
2025-06-03,OUT_027,C_2044,PSP,Flexible,LM,N/A,807,121.05,OLD_SYSTEM_REF
2025-06-03,OUT_030,C_5335,Visit Pack,Fixed,UM,N/A,1415,212.25,OLD_SYSTEM_REF
2025-06-03,OUT_033,C_5926,PSP,Flexible,LM,N/A,1115,167.25,OLD_SYSTEM_REF
2025-06-03,OUT_038,C_7897,Visit Pack,Fixed,LM,N/A,1325,198.75,OLD_SYSTEM_REF
2025-06-03,OUT_056,C_2700,Visit Pack,Fixed,LM,N/A,843,126.44999999999999,OLD_SYSTEM_REF
2025-06-03,OUT_059,C_2076,PSP,Flexible,UM,N/A,1158,173.7,OLD_SYSTEM_REF
2025-06-03,OUT_067,C_7906,BOS,Flexible,Lapsed,dosa,1853,277.95,OLD_SYSTEM_REF
2025-06-03,OUT_068,C_3278,Visit Pack,Fixed,MM,N/A,1774,266.09999999999997,OLD_SYSTEM_REF
2025-06-03,OUT_072,C_4750,BOS,Flexible,LM,dal makhani,1921,288.15,OLD_SYSTEM_REF
2025-06-03,OUT_073,C_1020,PSP,Flexible,UM,N/A,745,111.75,OLD_SYSTEM_REF
2025-06-03,OUT_084,C_5259,BOS,Flexible,MM,dal makhani,1586,237.89999999999998,OLD_SYSTEM_REF
2025-06-03,OUT_088,C_3097,BOS,Flexible,MM,burger,1759,263.84999999999997,OLD_SYSTEM_REF
2025-06-03,OUT_091,C_1941,BOS,Flexible,UM,dosa,1192,178.79999999999998,OLD_SYSTEM_REF
2025-06-03,OUT_092,C_4649,BOS,Flexible,UM,pizza,1224,183.6,OLD_SYSTEM_REF
2025-06-03,OUT_099,C_7098,BOS,Flexible,MM,manchurian,523,78.45,OLD_SYSTEM_REF
2025-06-04,OUT_011,C_9340,Visit Pack,Fixed,LM,N/A,1128,169.2,OLD_SYSTEM_REF
2025-06-04,OUT_017,C_7798,Visit Pack,Fixed,LM,N/A,1046,156.9,OLD_SYSTEM_REF
2025-06-04,OUT_022,C_4428,BOS,Flexible,UM,pizza,1979,296.84999999999997,OLD_SYSTEM_REF
2025-06-04,OUT_024,C_8111,Visit Pack,Fixed,Lapsed,N/A,595,89.25,OLD_SYSTEM_REF
2025-06-04,OUT_028,C_2371,Visit Pack,Fixed,LM,N/A,617,92.55,OLD_SYSTEM_REF
2025-06-04,OUT_036,C_9924,Visit Pack,Fixed,Lapsed,N/A,1956,293.4,OLD_SYSTEM_REF
2025-06-04,OUT_037,C_4195,BOS,Flexible,LM,dal makhani,1620,243.0,OLD_SYSTEM_REF
2025-06-04,OUT_038,C_2277,BOS,Flexible,Repeat,burger,1838,275.7,OLD_SYSTEM_REF
2025-06-04,OUT_040,C_5360,PSP,Flexible,LM,N/A,1035,155.25,OLD_SYSTEM_REF
2025-06-04,OUT_051,C_3233,Visit Pack,Fixed,UM,N/A,966,144.9,OLD_SYSTEM_REF
2025-06-04,OUT_065,C_4029,Visit Pack,Fixed,LM,N/A,737,110.55,OLD_SYSTEM_REF
2025-06-04,OUT_067,C_2500,PSP,Flexible,Repeat,N/A,1227,184.04999999999998,OLD_SYSTEM_REF
2025-06-04,OUT_072,C_6826,BOS,Flexible,UM,dal makhani,797,119.55,OLD_SYSTEM_REF
2025-06-04,OUT_078,C_3187,PSP,Flexible,Lapsed,N/A,1831,274.65,OLD_SYSTEM_REF
2025-06-04,OUT_079,C_4478,Visit Pack,Fixed,UM,N/A,1183,177.45,OLD_SYSTEM_REF
2025-06-04,OUT_083,C_2910,BOS,Flexible,UM,manchurian,686,102.89999999999999,OLD_SYSTEM_REF
2025-06-04,OUT_088,C_1657,Visit Pack,Fixed,Lapsed,N/A,1746,261.9,OLD_SYSTEM_REF
2025-06-04,OUT_090,C_5299,BOS,Flexible,Repeat,dal makhani,1343,201.45,OLD_SYSTEM_REF
2025-06-04,OUT_091,C_4046,PSP,Flexible,UM,N/A,1307,196.04999999999998,OLD_SYSTEM_REF
2025-06-04,OUT_098,C_9983,Visit Pack,Fixed,Lapsed,N/A,1080,162.0,OLD_SYSTEM_REF
2025-06-05,OUT_002,C_9672,BOS,Flexible,MM,dal makhani,1003,150.45,OLD_SYSTEM_REF
2025-06-05,OUT_006,C_4513,PSP,Flexible,MM,N/A,1123,168.45,OLD_SYSTEM_REF
2025-06-05,OUT_022,C_2638,BOS,Flexible,LM,pizza,689,103.35,OLD_SYSTEM_REF
2025-06-05,OUT_025,C_5840,BOS,Flexible,LM,burger,1470,220.5,OLD_SYSTEM_REF
2025-06-05,OUT_040,C_5367,Visit Pack,Fixed,LM,N/A,611,91.64999999999999,OLD_SYSTEM_REF
2025-06-05,OUT_056,C_7028,BOS,Flexible,Repeat,dal makhani,1203,180.45,OLD_SYSTEM_REF
2025-06-05,OUT_057,C_2524,BOS,Flexible,LM,dal makhani,1341,201.15,OLD_SYSTEM_REF
2025-06-05,OUT_058,C_1908,BOS,Flexible,Repeat,dosa,1466,219.9,OLD_SYSTEM_REF
2025-06-05,OUT_059,C_2397,Visit Pack,Fixed,LM,N/A,866,129.9,OLD_SYSTEM_REF
2025-06-05,OUT_065,C_4466,Visit Pack,Fixed,Lapsed,N/A,582,87.3,OLD_SYSTEM_REF
2025-06-05,OUT_077,C_8677,PSP,Flexible,Repeat,N/A,1353,202.95,OLD_SYSTEM_REF
2025-06-05,OUT_080,C_8550,BOS,Flexible,Lapsed,manchurian,1167,175.04999999999998,OLD_SYSTEM_REF
2025-06-05,OUT_081,C_4503,BOS,Flexible,LM,pizza,804,120.6,OLD_SYSTEM_REF
2025-06-05,OUT_084,C_6630,PSP,Flexible,MM,N/A,965,144.75,OLD_SYSTEM_REF
2025-06-05,OUT_087,C_4117,BOS,Flexible,Lapsed,manchurian,1817,272.55,OLD_SYSTEM_REF
2025-06-05,OUT_096,C_9197,Visit Pack,Fixed,LM,N/A,1900,285.0,OLD_SYSTEM_REF
2025-06-06,OUT_002,C_2419,Visit Pack,Fixed,LM,N/A,574,86.1,OLD_SYSTEM_REF
2025-06-06,OUT_009,C_7433,BOS,Flexible,MM,dal makhani,1576,236.39999999999998,OLD_SYSTEM_REF
2025-06-06,OUT_012,C_9280,Visit Pack,Fixed,UM,N/A,1443,216.45,OLD_SYSTEM_REF
2025-06-06,OUT_024,C_5253,PSP,Flexible,Repeat,N/A,1204,180.6,OLD_SYSTEM_REF
2025-06-06,OUT_030,C_3331,Visit Pack,Fixed,MM,N/A,1337,200.54999999999998,OLD_SYSTEM_REF
2025-06-06,OUT_031,C_9539,BOS,Flexible,Lapsed,manchurian,585,87.75,OLD_SYSTEM_REF
2025-06-06,OUT_033,C_3099,Visit Pack,Fixed,UM,N/A,1171,175.65,OLD_SYSTEM_REF
2025-06-06,OUT_040,C_3490,BOS,Flexible,MM,manchurian,780,117.0,OLD_SYSTEM_REF
2025-06-06,OUT_041,C_3702,Visit Pack,Fixed,LM,N/A,1416,212.4,OLD_SYSTEM_REF
2025-06-06,OUT_047,C_7616,BOS,Flexible,Lapsed,dal makhani,1158,173.7,OLD_SYSTEM_REF
2025-06-06,OUT_055,C_8878,Visit Pack,Fixed,Repeat,N/A,1848,277.2,OLD_SYSTEM_REF
2025-06-06,OUT_060,C_6735,BOS,Flexible,Lapsed,dal makhani,1030,154.5,OLD_SYSTEM_REF
2025-06-06,OUT_061,C_3312,Visit Pack,Fixed,UM,N/A,1531,229.65,OLD_SYSTEM_REF
2025-06-06,OUT_064,C_3650,Visit Pack,Fixed,LM,N/A,1880,282.0,OLD_SYSTEM_REF
2025-06-06,OUT_067,C_5234,BOS,Flexible,Repeat,dosa,639,95.85,OLD_SYSTEM_REF
2025-06-06,OUT_070,C_6378,PSP,Flexible,Repeat,N/A,1380,207.0,OLD_SYSTEM_REF
2025-06-06,OUT_072,C_2414,BOS,Flexible,LM,dal makhani,582,87.3,OLD_SYSTEM_REF
2025-06-06,OUT_074,C_5265,Visit Pack,Fixed,LM,N/A,565,84.75,OLD_SYSTEM_REF
2025-06-06,OUT_078,C_7143,PSP,Flexible,LM,N/A,1291,193.65,OLD_SYSTEM_REF
2025-06-06,OUT_080,C_6314,PSP,Flexible,LM,N/A,1359,203.85,OLD_SYSTEM_REF
2025-06-06,OUT_082,C_5671,BOS,Flexible,LM,dosa,955,143.25,OLD_SYSTEM_REF
2025-06-06,OUT_083,C_4416,BOS,Flexible,Repeat,manchurian,549,82.35,OLD_SYSTEM_REF
2025-06-06,OUT_084,C_3437,Visit Pack,Fixed,Lapsed,N/A,647,97.05,OLD_SYSTEM_REF
2025-06-06,OUT_098,C_7552,Visit Pack,Fixed,LM,N/A,791,118.64999999999999,OLD_SYSTEM_REF
2025-06-07,OUT_005,C_3861,PSP,Flexible,MM,N/A,1382,207.29999999999998,OLD_SYSTEM_REF
2025-06-07,OUT_015,C_3652,BOS,Flexible,Repeat,dosa,1519,227.85,OLD_SYSTEM_REF
2025-06-07,OUT_019,C_6726,BOS,Flexible,UM,dal makhani,545,81.75,OLD_SYSTEM_REF
2025-06-07,OUT_020,C_5813,BOS,Flexible,UM,pizza,1252,187.79999999999998,OLD_SYSTEM_REF
2025-06-07,OUT_029,C_9320,PSP,Flexible,LM,N/A,828,124.19999999999999,OLD_SYSTEM_REF
2025-06-07,OUT_033,C_5345,PSP,Flexible,MM,N/A,1421,213.15,OLD_SYSTEM_REF
2025-06-07,OUT_042,C_9392,Visit Pack,Fixed,Lapsed,N/A,503,75.45,OLD_SYSTEM_REF
2025-06-07,OUT_047,C_7563,BOS,Flexible,Lapsed,dal makhani,922,138.29999999999998,OLD_SYSTEM_REF
2025-06-07,OUT_049,C_2878,BOS,Flexible,MM,dal makhani,732,109.8,OLD_SYSTEM_REF
2025-06-07,OUT_052,C_7520,Visit Pack,Fixed,Lapsed,N/A,793,118.94999999999999,OLD_SYSTEM_REF
2025-06-07,OUT_059,C_6076,BOS,Flexible,Repeat,manchurian,1284,192.6,OLD_SYSTEM_REF
2025-06-07,OUT_066,C_5947,BOS,Flexible,MM,manchurian,1366,204.9,OLD_SYSTEM_REF
2025-06-07,OUT_072,C_4965,PSP,Flexible,Repeat,N/A,805,120.75,OLD_SYSTEM_REF
2025-06-07,OUT_083,C_2860,BOS,Flexible,UM,manchurian,1580,237.0,OLD_SYSTEM_REF
2025-06-07,OUT_089,C_9097,Visit Pack,Fixed,UM,N/A,520,78.0,OLD_SYSTEM_REF
2025-06-07,OUT_093,C_5063,PSP,Flexible,LM,N/A,1963,294.45,OLD_SYSTEM_REF
2025-06-07,OUT_097,C_1443,Visit Pack,Fixed,MM,N/A,1275,191.25,OLD_SYSTEM_REF
2025-06-08,OUT_002,C_2107,PSP,Flexible,LM,N/A,1658,248.7,OLD_SYSTEM_REF
2025-06-08,OUT_003,C_2470,Visit Pack,Fixed,MM,N/A,1183,177.45,OLD_SYSTEM_REF
2025-06-08,OUT_004,C_8427,Visit Pack,Fixed,LM,N/A,715,107.25,OLD_SYSTEM_REF
2025-06-08,OUT_007,C_8783,PSP,Flexible,Lapsed,N/A,665,99.75,OLD_SYSTEM_REF
2025-06-08,OUT_012,C_1925,BOS,Flexible,MM,dal makhani,1199,179.85,OLD_SYSTEM_REF
2025-06-08,OUT_014,C_9831,PSP,Flexible,MM,N/A,1325,198.75,OLD_SYSTEM_REF
2025-06-08,OUT_019,C_1707,PSP,Flexible,Lapsed,N/A,1418,212.7,OLD_SYSTEM_REF
2025-06-08,OUT_020,C_6947,BOS,Flexible,Repeat,pizza,861,129.15,OLD_SYSTEM_REF
2025-06-08,OUT_022,C_5720,BOS,Flexible,MM,pizza,879,131.85,OLD_SYSTEM_REF
2025-06-08,OUT_024,C_8566,PSP,Flexible,UM,N/A,1840,276.0,OLD_SYSTEM_REF
2025-06-08,OUT_035,C_3855,BOS,Flexible,Lapsed,manchurian,714,107.1,OLD_SYSTEM_REF
2025-06-08,OUT_037,C_2902,Visit Pack,Fixed,Lapsed,N/A,905,135.75,OLD_SYSTEM_REF
2025-06-08,OUT_060,C_5966,Visit Pack,Fixed,LM,N/A,1911,286.65,OLD_SYSTEM_REF
2025-06-08,OUT_061,C_8384,Visit Pack,Fixed,Lapsed,N/A,1854,278.09999999999997,OLD_SYSTEM_REF
2025-06-08,OUT_077,C_9037,Visit Pack,Fixed,Lapsed,N/A,1829,274.34999999999997,OLD_SYSTEM_REF
2025-06-08,OUT_078,C_1293,BOS,Flexible,Repeat,burger,1345,201.75,OLD_SYSTEM_REF
2025-06-08,OUT_079,C_3116,BOS,Flexible,MM,burger,1337,200.54999999999998,OLD_SYSTEM_REF
2025-06-08,OUT_081,C_1266,BOS,Flexible,UM,pizza,1116,167.4,OLD_SYSTEM_REF
2025-06-08,OUT_083,C_9787,PSP,Flexible,UM,N/A,1168,175.2,OLD_SYSTEM_REF
2025-06-08,OUT_087,C_7912,PSP,Flexible,LM,N/A,1677,251.54999999999998,OLD_SYSTEM_REF
2025-06-08,OUT_091,C_2981,Visit Pack,Fixed,MM,N/A,1608,241.2,OLD_SYSTEM_REF
2025-06-08,OUT_093,C_1342,BOS,Flexible,MM,manchurian,524,78.6,OLD_SYSTEM_REF
2025-06-08,OUT_099,C_4729,Visit Pack,Fixed,MM,N/A,856,128.4,OLD_SYSTEM_REF
2025-06-09,OUT_016,C_3688,BOS,Flexible,MM,dosa,676,101.39999999999999,OLD_SYSTEM_REF
2025-06-09,OUT_018,C_9226,Visit Pack,Fixed,LM,N/A,887,133.04999999999998,OLD_SYSTEM_REF
2025-06-09,OUT_024,C_2536,BOS,Flexible,Lapsed,dosa,558,83.7,OLD_SYSTEM_REF
2025-06-09,OUT_026,C_4930,Visit Pack,Fixed,MM,N/A,1138,170.7,OLD_SYSTEM_REF
2025-06-09,OUT_032,C_6648,PSP,Flexible,LM,N/A,1952,292.8,OLD_SYSTEM_REF
2025-06-09,OUT_035,C_1456,PSP,Flexible,UM,N/A,703,105.45,OLD_SYSTEM_REF
2025-06-09,OUT_044,C_6623,Visit Pack,Fixed,Lapsed,N/A,1601,240.14999999999998,OLD_SYSTEM_REF
2025-06-09,OUT_047,C_5146,PSP,Flexible,Lapsed,N/A,918,137.7,OLD_SYSTEM_REF
2025-06-09,OUT_050,C_8175,Visit Pack,Fixed,LM,N/A,769,115.35,OLD_SYSTEM_REF
2025-06-09,OUT_052,C_1855,Visit Pack,Fixed,Repeat,N/A,977,146.54999999999998,OLD_SYSTEM_REF
2025-06-09,OUT_068,C_6196,BOS,Flexible,Repeat,manchurian,747,112.05,OLD_SYSTEM_REF
2025-06-09,OUT_076,C_9751,Visit Pack,Fixed,Lapsed,N/A,864,129.6,OLD_SYSTEM_REF
2025-06-09,OUT_085,C_3765,BOS,Flexible,Repeat,dosa,1594,239.1,OLD_SYSTEM_REF
2025-06-09,OUT_088,C_1719,BOS,Flexible,Repeat,burger,619,92.85,OLD_SYSTEM_REF
2025-06-09,OUT_092,C_6786,BOS,Flexible,MM,pizza,1760,264.0,OLD_SYSTEM_REF
2025-06-09,OUT_093,C_3176,BOS,Flexible,Repeat,manchurian,588,88.2,OLD_SYSTEM_REF
2025-06-09,OUT_095,C_5021,PSP,Flexible,Repeat,N/A,1916,287.4,OLD_SYSTEM_REF
2025-06-09,OUT_096,C_8797,Visit Pack,Fixed,UM,N/A,1953,292.95,OLD_SYSTEM_REF
2025-06-09,OUT_097,C_6262,PSP,Flexible,LM,N/A,962,144.29999999999998,OLD_SYSTEM_REF
2025-06-10,OUT_003,C_8426,PSP,Flexible,LM,N/A,682,102.3,OLD_SYSTEM_REF
2025-06-10,OUT_012,C_8998,PSP,Flexible,Repeat,N/A,592,88.8,OLD_SYSTEM_REF
2025-06-10,OUT_016,C_3714,Visit Pack,Fixed,LM,N/A,1382,207.29999999999998,OLD_SYSTEM_REF
2025-06-10,OUT_019,C_1031,BOS,Flexible,UM,dal makhani,1093,163.95,OLD_SYSTEM_REF
2025-06-10,OUT_022,C_8861,BOS,Flexible,UM,pizza,1532,229.79999999999998,OLD_SYSTEM_REF
2025-06-10,OUT_026,C_4180,Visit Pack,Fixed,UM,N/A,949,142.35,OLD_SYSTEM_REF
2025-06-10,OUT_031,C_5415,PSP,Flexible,MM,N/A,1446,216.9,OLD_SYSTEM_REF
2025-06-10,OUT_032,C_8225,Visit Pack,Fixed,MM,N/A,684,102.6,OLD_SYSTEM_REF
2025-06-10,OUT_033,C_7048,BOS,Flexible,UM,dosa,745,111.75,OLD_SYSTEM_REF
2025-06-10,OUT_040,C_9865,BOS,Flexible,Repeat,manchurian,1257,188.54999999999998,OLD_SYSTEM_REF
2025-06-10,OUT_045,C_3181,Visit Pack,Fixed,Repeat,N/A,1678,251.7,OLD_SYSTEM_REF
2025-06-10,OUT_048,C_4854,BOS,Flexible,Lapsed,burger,1321,198.15,OLD_SYSTEM_REF
2025-06-10,OUT_052,C_7873,Visit Pack,Fixed,MM,N/A,522,78.3,OLD_SYSTEM_REF
2025-06-10,OUT_053,C_8536,PSP,Flexible,Lapsed,N/A,1841,276.15,OLD_SYSTEM_REF
2025-06-10,OUT_055,C_4646,Visit Pack,Fixed,Lapsed,N/A,1652,247.79999999999998,OLD_SYSTEM_REF
2025-06-10,OUT_056,C_2104,PSP,Flexible,Lapsed,N/A,1251,187.65,OLD_SYSTEM_REF
2025-06-10,OUT_069,C_2341,PSP,Flexible,UM,N/A,872,130.79999999999998,OLD_SYSTEM_REF
2025-06-10,OUT_070,C_3727,PSP,Flexible,Repeat,N/A,594,89.1,OLD_SYSTEM_REF
2025-06-10,OUT_072,C_8526,PSP,Flexible,MM,N/A,1031,154.65,OLD_SYSTEM_REF
2025-06-10,OUT_073,C_9259,Visit Pack,Fixed,UM,N/A,1713,256.95,OLD_SYSTEM_REF
2025-06-10,OUT_075,C_5938,BOS,Flexible,MM,pizza,1486,222.9,OLD_SYSTEM_REF
2025-06-10,OUT_077,C_8788,Visit Pack,Fixed,MM,N/A,544,81.6,OLD_SYSTEM_REF
2025-06-10,OUT_081,C_3753,PSP,Flexible,Repeat,N/A,578,86.7,OLD_SYSTEM_REF
2025-06-10,OUT_090,C_7286,PSP,Flexible,MM,N/A,577,86.55,OLD_SYSTEM_REF
2025-06-10,OUT_096,C_8637,PSP,Flexible,UM,N/A,1359,203.85,OLD_SYSTEM_REF
2025-06-10,OUT_100,C_5934,Visit Pack,Fixed,Repeat,N/A,1243,186.45,OLD_SYSTEM_REF
2025-06-11,OUT_006,C_9818,PSP,Flexible,MM,N/A,1465,219.75,OLD_SYSTEM_REF
2025-06-11,OUT_021,C_6335,Visit Pack,Fixed,MM,N/A,1508,226.2,OLD_SYSTEM_REF
2025-06-11,OUT_027,C_1382,Visit Pack,Fixed,UM,N/A,798,119.69999999999999,OLD_SYSTEM_REF
2025-06-11,OUT_032,C_3563,BOS,Flexible,Repeat,manchurian,1127,169.04999999999998,OLD_SYSTEM_REF
2025-06-11,OUT_035,C_8940,BOS,Flexible,UM,manchurian,1613,241.95,OLD_SYSTEM_REF
2025-06-11,OUT_037,C_1926,PSP,Flexible,Lapsed,N/A,1940,291.0,OLD_SYSTEM_REF
2025-06-11,OUT_038,C_4782,Visit Pack,Fixed,Lapsed,N/A,1939,290.84999999999997,OLD_SYSTEM_REF
2025-06-11,OUT_040,C_5769,PSP,Flexible,LM,N/A,1078,161.7,OLD_SYSTEM_REF
2025-06-11,OUT_047,C_9098,BOS,Flexible,Lapsed,dal makhani,1732,259.8,OLD_SYSTEM_REF
2025-06-11,OUT_056,C_7348,PSP,Flexible,Repeat,N/A,1476,221.4,OLD_SYSTEM_REF
2025-06-11,OUT_067,C_2399,PSP,Flexible,Lapsed,N/A,545,81.75,OLD_SYSTEM_REF
2025-06-11,OUT_068,C_4347,BOS,Flexible,UM,manchurian,807,121.05,OLD_SYSTEM_REF
2025-06-11,OUT_074,C_3886,Visit Pack,Fixed,UM,N/A,1208,181.2,OLD_SYSTEM_REF
2025-06-11,OUT_081,C_8835,PSP,Flexible,UM,N/A,1125,168.75,OLD_SYSTEM_REF
2025-06-11,OUT_082,C_3807,PSP,Flexible,MM,N/A,747,112.05,OLD_SYSTEM_REF
2025-06-11,OUT_087,C_3138,PSP,Flexible,Lapsed,N/A,1369,205.35,OLD_SYSTEM_REF
2025-06-11,OUT_091,C_4008,BOS,Flexible,Lapsed,dosa,1300,195.0,OLD_SYSTEM_REF
2025-06-11,OUT_094,C_6813,Visit Pack,Fixed,MM,N/A,1716,257.4,OLD_SYSTEM_REF
2025-06-11,OUT_095,C_5023,PSP,Flexible,MM,N/A,1238,185.7,OLD_SYSTEM_REF
2025-06-11,OUT_096,C_9861,Visit Pack,Fixed,MM,N/A,1096,164.4,OLD_SYSTEM_REF
2025-06-11,OUT_099,C_7509,PSP,Flexible,Repeat,N/A,1031,154.65,OLD_SYSTEM_REF
2025-06-12,OUT_004,C_9031,Visit Pack,Fixed,MM,N/A,705,105.75,OLD_SYSTEM_REF
2025-06-12,OUT_024,C_6346,PSP,Flexible,UM,N/A,638,95.7,OLD_SYSTEM_REF
2025-06-12,OUT_026,C_5453,BOS,Flexible,Lapsed,pizza,584,87.6,OLD_SYSTEM_REF
2025-06-12,OUT_041,C_1770,Visit Pack,Fixed,Repeat,N/A,1294,194.1,OLD_SYSTEM_REF
2025-06-12,OUT_043,C_8763,PSP,Flexible,MM,N/A,1525,228.75,OLD_SYSTEM_REF
2025-06-12,OUT_044,C_8743,PSP,Flexible,LM,N/A,828,124.19999999999999,OLD_SYSTEM_REF
2025-06-12,OUT_045,C_6510,Visit Pack,Fixed,Lapsed,N/A,502,75.3,OLD_SYSTEM_REF
2025-06-12,OUT_048,C_4025,Visit Pack,Fixed,Repeat,N/A,1088,163.2,OLD_SYSTEM_REF
2025-06-12,OUT_049,C_5676,PSP,Flexible,Lapsed,N/A,1329,199.35,OLD_SYSTEM_REF
2025-06-12,OUT_054,C_6196,BOS,Flexible,Lapsed,pizza,1096,164.4,OLD_SYSTEM_REF
2025-06-12,OUT_055,C_8011,PSP,Flexible,Repeat,N/A,1658,248.7,OLD_SYSTEM_REF
2025-06-12,OUT_057,C_7146,BOS,Flexible,Repeat,dal makhani,1510,226.5,OLD_SYSTEM_REF
2025-06-12,OUT_063,C_9904,Visit Pack,Fixed,UM,N/A,729,109.35,OLD_SYSTEM_REF
2025-06-12,OUT_065,C_5897,PSP,Flexible,UM,N/A,502,75.3,OLD_SYSTEM_REF
2025-06-12,OUT_069,C_8647,Visit Pack,Fixed,MM,N/A,1971,295.65,OLD_SYSTEM_REF
2025-06-12,OUT_070,C_2824,BOS,Flexible,Repeat,dosa,1221,183.15,OLD_SYSTEM_REF
2025-06-12,OUT_074,C_6830,BOS,Flexible,LM,dosa,1918,287.7,OLD_SYSTEM_REF
2025-06-12,OUT_077,C_6932,Visit Pack,Fixed,Repeat,N/A,1319,197.85,OLD_SYSTEM_REF
2025-06-12,OUT_083,C_5444,BOS,Flexible,Lapsed,manchurian,1500,225.0,OLD_SYSTEM_REF
2025-06-12,OUT_084,C_9810,Visit Pack,Fixed,MM,N/A,1408,211.2,OLD_SYSTEM_REF
2025-06-12,OUT_087,C_3209,Visit Pack,Fixed,Lapsed,N/A,963,144.45,OLD_SYSTEM_REF
2025-06-12,OUT_090,C_8988,BOS,Flexible,LM,dal makhani,969,145.35,OLD_SYSTEM_REF
2025-06-12,OUT_094,C_4975,BOS,Flexible,Lapsed,dosa,822,123.3,OLD_SYSTEM_REF
2025-06-13,OUT_007,C_7915,Visit Pack,Fixed,UM,N/A,618,92.7,OLD_SYSTEM_REF
2025-06-13,OUT_009,C_5305,BOS,Flexible,LM,dal makhani,689,103.35,OLD_SYSTEM_REF
2025-06-13,OUT_012,C_8321,PSP,Flexible,Lapsed,N/A,1399,209.85,OLD_SYSTEM_REF
2025-06-13,OUT_014,C_7911,Visit Pack,Fixed,LM,N/A,848,127.19999999999999,OLD_SYSTEM_REF
2025-06-13,OUT_015,C_8968,BOS,Flexible,LM,dosa,733,109.95,OLD_SYSTEM_REF
2025-06-13,OUT_030,C_9312,BOS,Flexible,Lapsed,burger,1207,181.04999999999998,OLD_SYSTEM_REF
2025-06-13,OUT_034,C_2368,Visit Pack,Fixed,Repeat,N/A,1347,202.04999999999998,OLD_SYSTEM_REF
2025-06-13,OUT_056,C_6982,PSP,Flexible,LM,N/A,559,83.85,OLD_SYSTEM_REF
2025-06-13,OUT_057,C_6271,Visit Pack,Fixed,Repeat,N/A,1439,215.85,OLD_SYSTEM_REF
2025-06-13,OUT_060,C_6640,Visit Pack,Fixed,Repeat,N/A,1729,259.34999999999997,OLD_SYSTEM_REF
2025-06-13,OUT_061,C_9810,PSP,Flexible,UM,N/A,502,75.3,OLD_SYSTEM_REF
2025-06-13,OUT_064,C_3448,BOS,Flexible,UM,manchurian,1539,230.85,OLD_SYSTEM_REF
2025-06-13,OUT_065,C_5175,PSP,Flexible,Repeat,N/A,1310,196.5,OLD_SYSTEM_REF
2025-06-13,OUT_067,C_5547,BOS,Flexible,Repeat,dosa,755,113.25,OLD_SYSTEM_REF
2025-06-13,OUT_068,C_7583,BOS,Flexible,LM,manchurian,1356,203.4,OLD_SYSTEM_REF
2025-06-13,OUT_071,C_6484,PSP,Flexible,LM,N/A,733,109.95,OLD_SYSTEM_REF
2025-06-13,OUT_078,C_5079,BOS,Flexible,MM,burger,945,141.75,OLD_SYSTEM_REF
2025-06-13,OUT_083,C_3848,BOS,Flexible,UM,manchurian,1579,236.85,OLD_SYSTEM_REF
2025-06-13,OUT_092,C_1351,Visit Pack,Fixed,MM,N/A,968,145.2,OLD_SYSTEM_REF
2025-06-13,OUT_095,C_4362,Visit Pack,Fixed,MM,N/A,1092,163.79999999999998,OLD_SYSTEM_REF
2025-06-13,OUT_100,C_9379,BOS,Flexible,Repeat,dosa,1154,173.1,OLD_SYSTEM_REF
2025-06-14,OUT_012,C_5833,BOS,Flexible,MM,dal makhani,538,80.7,OLD_SYSTEM_REF
2025-06-14,OUT_015,C_2907,BOS,Flexible,LM,dosa,814,122.1,OLD_SYSTEM_REF
2025-06-14,OUT_021,C_2196,PSP,Flexible,Lapsed,N/A,1936,290.4,OLD_SYSTEM_REF
2025-06-14,OUT_025,C_5728,Visit Pack,Fixed,MM,N/A,1905,285.75,OLD_SYSTEM_REF
2025-06-14,OUT_029,C_1793,BOS,Flexible,Repeat,dosa,1775,266.25,OLD_SYSTEM_REF
2025-06-14,OUT_031,C_8552,PSP,Flexible,LM,N/A,596,89.39999999999999,OLD_SYSTEM_REF
2025-06-14,OUT_033,C_5849,Visit Pack,Fixed,Lapsed,N/A,1705,255.75,OLD_SYSTEM_REF
2025-06-14,OUT_036,C_6299,BOS,Flexible,UM,dal makhani,762,114.3,OLD_SYSTEM_REF
2025-06-14,OUT_040,C_4357,Visit Pack,Fixed,MM,N/A,743,111.45,OLD_SYSTEM_REF
2025-06-14,OUT_041,C_4707,PSP,Flexible,LM,N/A,799,119.85,OLD_SYSTEM_REF
2025-06-14,OUT_044,C_5697,PSP,Flexible,UM,N/A,1441,216.15,OLD_SYSTEM_REF
2025-06-14,OUT_057,C_8436,Visit Pack,Fixed,MM,N/A,921,138.15,OLD_SYSTEM_REF
2025-06-14,OUT_059,C_7440,BOS,Flexible,UM,manchurian,1475,221.25,OLD_SYSTEM_REF
2025-06-14,OUT_060,C_5749,BOS,Flexible,Lapsed,dal makhani,1741,261.15,OLD_SYSTEM_REF
2025-06-14,OUT_068,C_2087,Visit Pack,Fixed,Lapsed,N/A,1702,255.29999999999998,OLD_SYSTEM_REF
2025-06-14,OUT_071,C_6701,BOS,Flexible,MM,manchurian,1745,261.75,OLD_SYSTEM_REF
2025-06-14,OUT_077,C_7351,BOS,Flexible,LM,dosa,1147,172.04999999999998,OLD_SYSTEM_REF
2025-06-14,OUT_080,C_5750,BOS,Flexible,LM,manchurian,1488,223.2,OLD_SYSTEM_REF
2025-06-14,OUT_085,C_1074,Visit Pack,Fixed,MM,N/A,949,142.35,OLD_SYSTEM_REF
2025-06-14,OUT_086,C_9263,Visit Pack,Fixed,Lapsed,N/A,1137,170.54999999999998,OLD_SYSTEM_REF
2025-06-14,OUT_088,C_2193,PSP,Flexible,MM,N/A,853,127.94999999999999,OLD_SYSTEM_REF
2025-06-14,OUT_091,C_3153,PSP,Flexible,UM,N/A,1462,219.29999999999998,OLD_SYSTEM_REF
2025-06-14,OUT_092,C_1100,Visit Pack,Fixed,UM,N/A,1639,245.85,OLD_SYSTEM_REF
2025-06-14,OUT_097,C_9622,Visit Pack,Fixed,LM,N/A,987,148.04999999999998,OLD_SYSTEM_REF
2025-06-14,OUT_100,C_6425,BOS,Flexible,Repeat,dosa,1344,201.6,OLD_SYSTEM_REF
2025-06-15,OUT_004,C_1903,BOS,Flexible,LM,dosa,1231,184.65,OLD_SYSTEM_REF
2025-06-15,OUT_007,C_1289,Visit Pack,Fixed,LM,N/A,987,148.04999999999998,OLD_SYSTEM_REF
2025-06-15,OUT_017,C_7224,Visit Pack,Fixed,LM,N/A,935,140.25,OLD_SYSTEM_REF
2025-06-15,OUT_020,C_6479,Visit Pack,Fixed,Lapsed,N/A,774,116.1,OLD_SYSTEM_REF
2025-06-15,OUT_024,C_6468,BOS,Flexible,UM,dosa,1051,157.65,OLD_SYSTEM_REF
2025-06-15,OUT_027,C_8612,PSP,Flexible,Repeat,N/A,1763,264.45,OLD_SYSTEM_REF
2025-06-15,OUT_028,C_9537,PSP,Flexible,MM,N/A,1648,247.2,OLD_SYSTEM_REF
2025-06-15,OUT_032,C_3786,Visit Pack,Fixed,LM,N/A,1190,178.5,OLD_SYSTEM_REF
2025-06-15,OUT_053,C_7731,PSP,Flexible,LM,N/A,956,143.4,OLD_SYSTEM_REF
2025-06-15,OUT_057,C_1920,BOS,Flexible,Lapsed,dal makhani,1698,254.7,OLD_SYSTEM_REF
2025-06-15,OUT_061,C_3710,PSP,Flexible,UM,N/A,1180,177.0,OLD_SYSTEM_REF
2025-06-15,OUT_066,C_5526,Visit Pack,Fixed,LM,N/A,1625,243.75,OLD_SYSTEM_REF
2025-06-15,OUT_068,C_9837,Visit Pack,Fixed,UM,N/A,814,122.1,OLD_SYSTEM_REF
2025-06-15,OUT_073,C_7699,BOS,Flexible,UM,pizza,1615,242.25,OLD_SYSTEM_REF
2025-06-15,OUT_074,C_8876,BOS,Flexible,Repeat,dosa,1043,156.45,OLD_SYSTEM_REF
2025-06-15,OUT_080,C_4032,PSP,Flexible,Repeat,N/A,1710,256.5,OLD_SYSTEM_REF
2025-06-15,OUT_092,C_3399,Visit Pack,Fixed,LM,N/A,572,85.8,OLD_SYSTEM_REF
2025-06-15,OUT_093,C_8229,PSP,Flexible,LM,N/A,1520,228.0,OLD_SYSTEM_REF
2025-06-15,OUT_095,C_3835,Visit Pack,Fixed,UM,N/A,659,98.85,OLD_SYSTEM_REF
2025-06-15,OUT_097,C_3862,PSP,Flexible,MM,N/A,1752,262.8,OLD_SYSTEM_REF
2025-06-15,OUT_099,C_9970,PSP,Flexible,Repeat,N/A,924,138.6,OLD_SYSTEM_REF
2025-06-15,OUT_100,C_3975,PSP,Flexible,UM,N/A,580,87.0,OLD_SYSTEM_REF
2025-06-16,OUT_007,C_1831,PSP,Flexible,LM,N/A,1602,240.29999999999998,OLD_SYSTEM_REF
2025-06-16,OUT_012,C_2113,Visit Pack,Fixed,Repeat,N/A,1299,194.85,OLD_SYSTEM_REF
2025-06-16,OUT_027,C_6835,PSP,Flexible,LM,N/A,1083,162.45,OLD_SYSTEM_REF
2025-06-16,OUT_056,C_8536,Visit Pack,Fixed,LM,N/A,1713,256.95,OLD_SYSTEM_REF
2025-06-16,OUT_057,C_2287,PSP,Flexible,UM,N/A,1530,229.5,OLD_SYSTEM_REF
2025-06-16,OUT_062,C_5899,PSP,Flexible,Lapsed,N/A,1343,201.45,OLD_SYSTEM_REF
2025-06-16,OUT_064,C_7576,BOS,Flexible,Lapsed,manchurian,1810,271.5,OLD_SYSTEM_REF
2025-06-16,OUT_067,C_9646,BOS,Flexible,Lapsed,dosa,1246,186.9,OLD_SYSTEM_REF
2025-06-16,OUT_068,C_2178,PSP,Flexible,Lapsed,N/A,1135,170.25,OLD_SYSTEM_REF
2025-06-16,OUT_070,C_1128,PSP,Flexible,UM,N/A,1539,230.85,OLD_SYSTEM_REF
2025-06-16,OUT_079,C_7132,Visit Pack,Fixed,UM,N/A,934,140.1,OLD_SYSTEM_REF
2025-06-16,OUT_096,C_1020,BOS,Flexible,MM,burger,1659,248.85,OLD_SYSTEM_REF
2025-06-16,OUT_098,C_2726,BOS,Flexible,UM,dosa,815,122.25,OLD_SYSTEM_REF
2025-06-17,OUT_002,C_6987,PSP,Flexible,Lapsed,N/A,1907,286.05,OLD_SYSTEM_REF
2025-06-17,OUT_004,C_4933,Visit Pack,Fixed,UM,N/A,1398,209.7,OLD_SYSTEM_REF
2025-06-17,OUT_016,C_2288,Visit Pack,Fixed,UM,N/A,1888,283.2,OLD_SYSTEM_REF
2025-06-17,OUT_027,C_9804,Visit Pack,Fixed,Repeat,N/A,1285,192.75,OLD_SYSTEM_REF
2025-06-17,OUT_035,C_4642,Visit Pack,Fixed,UM,N/A,1619,242.85,OLD_SYSTEM_REF
2025-06-17,OUT_036,C_8262,PSP,Flexible,UM,N/A,1572,235.79999999999998,OLD_SYSTEM_REF
2025-06-17,OUT_041,C_1350,PSP,Flexible,LM,N/A,578,86.7,OLD_SYSTEM_REF
2025-06-17,OUT_043,C_5164,PSP,Flexible,Repeat,N/A,1936,290.4,OLD_SYSTEM_REF
2025-06-17,OUT_044,C_7301,BOS,Flexible,MM,dal makhani,1821,273.15,OLD_SYSTEM_REF
2025-06-17,OUT_049,C_6456,PSP,Flexible,MM,N/A,1029,154.35,OLD_SYSTEM_REF
2025-06-17,OUT_065,C_8266,Visit Pack,Fixed,Repeat,N/A,1917,287.55,OLD_SYSTEM_REF
2025-06-17,OUT_068,C_1890,BOS,Flexible,Repeat,manchurian,599,89.85,OLD_SYSTEM_REF
2025-06-17,OUT_071,C_8351,Visit Pack,Fixed,Lapsed,N/A,1933,289.95,OLD_SYSTEM_REF
2025-06-17,OUT_072,C_5648,BOS,Flexible,LM,dal makhani,1900,285.0,OLD_SYSTEM_REF
2025-06-17,OUT_081,C_4150,Visit Pack,Fixed,UM,N/A,1134,170.1,OLD_SYSTEM_REF
2025-06-17,OUT_087,C_9500,BOS,Flexible,LM,manchurian,1002,150.29999999999998,OLD_SYSTEM_REF
2025-06-17,OUT_088,C_6666,PSP,Flexible,LM,N/A,868,130.2,OLD_SYSTEM_REF
2025-06-17,OUT_089,C_8539,Visit Pack,Fixed,MM,N/A,1548,232.2,OLD_SYSTEM_REF
2025-06-18,OUT_002,C_6447,Visit Pack,Fixed,MM,N/A,1484,222.6,OLD_SYSTEM_REF
2025-06-18,OUT_004,C_8328,Visit Pack,Fixed,Repeat,N/A,932,139.79999999999998,OLD_SYSTEM_REF
2025-06-18,OUT_008,C_5174,BOS,Flexible,Repeat,pizza,884,132.6,OLD_SYSTEM_REF
2025-06-18,OUT_012,C_9095,BOS,Flexible,Repeat,dal makhani,835,125.25,OLD_SYSTEM_REF
2025-06-18,OUT_014,C_2351,Visit Pack,Fixed,MM,N/A,684,102.6,OLD_SYSTEM_REF
2025-06-18,OUT_017,C_1200,PSP,Flexible,MM,N/A,896,134.4,OLD_SYSTEM_REF
2025-06-18,OUT_020,C_4075,Visit Pack,Fixed,MM,N/A,1695,254.25,OLD_SYSTEM_REF
2025-06-18,OUT_030,C_7739,PSP,Flexible,MM,N/A,1457,218.54999999999998,OLD_SYSTEM_REF
2025-06-18,OUT_041,C_8858,BOS,Flexible,Lapsed,manchurian,951,142.65,OLD_SYSTEM_REF
2025-06-18,OUT_054,C_6105,PSP,Flexible,MM,N/A,597,89.55,OLD_SYSTEM_REF
2025-06-18,OUT_056,C_9906,BOS,Flexible,Lapsed,dal makhani,829,124.35,OLD_SYSTEM_REF
2025-06-18,OUT_058,C_7554,PSP,Flexible,MM,N/A,1338,200.7,OLD_SYSTEM_REF
2025-06-18,OUT_064,C_2841,PSP,Flexible,Repeat,N/A,1012,151.79999999999998,OLD_SYSTEM_REF
2025-06-18,OUT_073,C_5270,BOS,Flexible,UM,pizza,912,136.79999999999998,OLD_SYSTEM_REF
2025-06-18,OUT_079,C_7947,Visit Pack,Fixed,Repeat,N/A,1873,280.95,OLD_SYSTEM_REF
2025-06-18,OUT_100,C_1863,Visit Pack,Fixed,Lapsed,N/A,1121,168.15,OLD_SYSTEM_REF
2025-06-19,OUT_010,C_9981,PSP,Flexible,MM,N/A,1505,225.75,OLD_SYSTEM_REF
2025-06-19,OUT_021,C_3703,BOS,Flexible,Lapsed,dosa,1727,259.05,OLD_SYSTEM_REF
2025-06-19,OUT_022,C_4665,PSP,Flexible,Repeat,N/A,1864,279.59999999999997,OLD_SYSTEM_REF
2025-06-19,OUT_031,C_9432,PSP,Flexible,Repeat,N/A,620,93.0,OLD_SYSTEM_REF
2025-06-19,OUT_040,C_8495,Visit Pack,Fixed,UM,N/A,1554,233.1,OLD_SYSTEM_REF
2025-06-19,OUT_061,C_2265,PSP,Flexible,Lapsed,N/A,871,130.65,OLD_SYSTEM_REF
2025-06-19,OUT_062,C_5902,BOS,Flexible,Lapsed,dal makhani,1574,236.1,OLD_SYSTEM_REF
2025-06-19,OUT_071,C_6083,PSP,Flexible,UM,N/A,794,119.1,OLD_SYSTEM_REF
2025-06-19,OUT_073,C_3726,Visit Pack,Fixed,Lapsed,N/A,1314,197.1,OLD_SYSTEM_REF
2025-06-19,OUT_081,C_1810,Visit Pack,Fixed,MM,N/A,1972,295.8,OLD_SYSTEM_REF
2025-06-19,OUT_085,C_2910,BOS,Flexible,UM,dosa,1538,230.7,OLD_SYSTEM_REF
2025-06-19,OUT_086,C_3939,BOS,Flexible,LM,dal makhani,875,131.25,OLD_SYSTEM_REF
2025-06-19,OUT_089,C_9881,Visit Pack,Fixed,LM,N/A,1817,272.55,OLD_SYSTEM_REF
2025-06-19,OUT_098,C_1861,PSP,Flexible,Lapsed,N/A,1882,282.3,OLD_SYSTEM_REF
2025-06-19,OUT_099,C_8124,BOS,Flexible,Repeat,manchurian,1718,257.7,OLD_SYSTEM_REF
2025-06-20,OUT_001,C_3118,BOS,Flexible,Lapsed,dal makhani,1998,299.7,OLD_SYSTEM_REF
2025-06-20,OUT_010,C_9654,BOS,Flexible,MM,pizza,821,123.14999999999999,OLD_SYSTEM_REF
2025-06-20,OUT_019,C_7859,BOS,Flexible,LM,dal makhani,1117,167.54999999999998,OLD_SYSTEM_REF
2025-06-20,OUT_025,C_5615,Visit Pack,Fixed,Lapsed,N/A,713,106.95,OLD_SYSTEM_REF
2025-06-20,OUT_032,C_4699,Visit Pack,Fixed,LM,N/A,1404,210.6,OLD_SYSTEM_REF
2025-06-20,OUT_033,C_4436,PSP,Flexible,Repeat,N/A,858,128.7,OLD_SYSTEM_REF
2025-06-20,OUT_034,C_9491,Visit Pack,Fixed,Lapsed,N/A,1386,207.9,OLD_SYSTEM_REF
2025-06-20,OUT_046,C_8055,Visit Pack,Fixed,LM,N/A,1259,188.85,OLD_SYSTEM_REF
2025-06-20,OUT_057,C_9242,PSP,Flexible,LM,N/A,1047,157.04999999999998,OLD_SYSTEM_REF
2025-06-20,OUT_072,C_4416,BOS,Flexible,MM,dal makhani,1586,237.89999999999998,OLD_SYSTEM_REF
2025-06-20,OUT_074,C_7505,BOS,Flexible,UM,dosa,733,109.95,OLD_SYSTEM_REF
2025-06-20,OUT_080,C_4101,BOS,Flexible,Repeat,manchurian,1178,176.7,OLD_SYSTEM_REF
2025-06-20,OUT_090,C_7606,PSP,Flexible,UM,N/A,871,130.65,OLD_SYSTEM_REF
2025-06-20,OUT_092,C_6535,PSP,Flexible,LM,N/A,1047,157.04999999999998,OLD_SYSTEM_REF
2025-06-20,OUT_099,C_2857,BOS,Flexible,MM,manchurian,1963,294.45,OLD_SYSTEM_REF
2025-06-21,OUT_001,C_3302,BOS,Flexible,MM,dal makhani,1948,292.2,OLD_SYSTEM_REF
2025-06-21,OUT_003,C_3999,PSP,Flexible,UM,N/A,1071,160.65,OLD_SYSTEM_REF
2025-06-21,OUT_004,C_9994,PSP,Flexible,MM,N/A,1906,285.9,OLD_SYSTEM_REF
2025-06-21,OUT_013,C_4291,Visit Pack,Fixed,LM,N/A,1297,194.54999999999998,OLD_SYSTEM_REF
2025-06-21,OUT_023,C_3127,BOS,Flexible,Lapsed,burger,1260,189.0,OLD_SYSTEM_REF
2025-06-21,OUT_028,C_8273,Visit Pack,Fixed,UM,N/A,1520,228.0,OLD_SYSTEM_REF
2025-06-21,OUT_033,C_6273,BOS,Flexible,UM,dosa,966,144.9,OLD_SYSTEM_REF
2025-06-21,OUT_038,C_4700,Visit Pack,Fixed,Lapsed,N/A,1964,294.59999999999997,OLD_SYSTEM_REF
2025-06-21,OUT_039,C_4216,Visit Pack,Fixed,Repeat,N/A,1780,267.0,OLD_SYSTEM_REF
2025-06-21,OUT_044,C_4674,PSP,Flexible,UM,N/A,719,107.85,OLD_SYSTEM_REF
2025-06-21,OUT_046,C_4573,Visit Pack,Fixed,MM,N/A,710,106.5,OLD_SYSTEM_REF
2025-06-21,OUT_053,C_7628,BOS,Flexible,UM,manchurian,913,136.95,OLD_SYSTEM_REF
2025-06-21,OUT_058,C_6976,PSP,Flexible,Repeat,N/A,1917,287.55,OLD_SYSTEM_REF
2025-06-21,OUT_059,C_6235,BOS,Flexible,Lapsed,manchurian,1191,178.65,OLD_SYSTEM_REF
2025-06-21,OUT_060,C_2224,Visit Pack,Fixed,UM,N/A,1996,299.4,OLD_SYSTEM_REF
2025-06-21,OUT_065,C_4021,BOS,Flexible,MM,burger,1858,278.7,OLD_SYSTEM_REF
2025-06-21,OUT_067,C_9035,BOS,Flexible,Lapsed,dosa,1277,191.54999999999998,OLD_SYSTEM_REF
2025-06-21,OUT_075,C_9484,Visit Pack,Fixed,UM,N/A,831,124.64999999999999,OLD_SYSTEM_REF
2025-06-21,OUT_080,C_9154,BOS,Flexible,LM,manchurian,764,114.6,OLD_SYSTEM_REF
2025-06-21,OUT_084,C_6062,BOS,Flexible,LM,dal makhani,1025,153.75,OLD_SYSTEM_REF
2025-06-21,OUT_085,C_9781,BOS,Flexible,MM,dosa,1551,232.64999999999998,OLD_SYSTEM_REF
2025-06-21,OUT_091,C_5916,BOS,Flexible,UM,dosa,1466,219.9,OLD_SYSTEM_REF
2025-06-21,OUT_097,C_3139,BOS,Flexible,Lapsed,burger,968,145.2,OLD_SYSTEM_REF
2025-06-21,OUT_099,C_2077,Visit Pack,Fixed,LM,N/A,1338,200.7,OLD_SYSTEM_REF
2025-06-22,OUT_001,C_1173,Visit Pack,Fixed,LM,N/A,950,142.5,OLD_SYSTEM_REF
2025-06-22,OUT_010,C_3499,BOS,Flexible,LM,pizza,1075,161.25,OLD_SYSTEM_REF
2025-06-22,OUT_011,C_6276,Visit Pack,Fixed,Lapsed,N/A,1838,275.7,OLD_SYSTEM_REF
2025-06-22,OUT_014,C_3583,PSP,Flexible,Repeat,N/A,1816,272.4,OLD_SYSTEM_REF
2025-06-22,OUT_025,C_8006,PSP,Flexible,Lapsed,N/A,1065,159.75,OLD_SYSTEM_REF
2025-06-22,OUT_027,C_3053,PSP,Flexible,UM,N/A,1167,175.04999999999998,OLD_SYSTEM_REF
2025-06-22,OUT_033,C_6056,Visit Pack,Fixed,UM,N/A,1054,158.1,OLD_SYSTEM_REF
2025-06-22,OUT_034,C_9636,Visit Pack,Fixed,MM,N/A,1531,229.65,OLD_SYSTEM_REF
2025-06-22,OUT_037,C_7339,Visit Pack,Fixed,LM,N/A,1456,218.4,OLD_SYSTEM_REF
2025-06-22,OUT_038,C_7775,PSP,Flexible,Lapsed,N/A,1780,267.0,OLD_SYSTEM_REF
2025-06-22,OUT_039,C_2947,PSP,Flexible,LM,N/A,1328,199.2,OLD_SYSTEM_REF
2025-06-22,OUT_052,C_6475,PSP,Flexible,UM,N/A,1912,286.8,OLD_SYSTEM_REF
2025-06-22,OUT_056,C_5633,Visit Pack,Fixed,Repeat,N/A,1610,241.5,OLD_SYSTEM_REF
2025-06-22,OUT_058,C_8209,BOS,Flexible,Lapsed,dosa,1951,292.65,OLD_SYSTEM_REF
2025-06-22,OUT_063,C_9555,BOS,Flexible,LM,burger,1543,231.45,OLD_SYSTEM_REF
2025-06-22,OUT_071,C_8869,Visit Pack,Fixed,Repeat,N/A,646,96.89999999999999,OLD_SYSTEM_REF
2025-06-22,OUT_072,C_4910,Visit Pack,Fixed,MM,N/A,1686,252.89999999999998,OLD_SYSTEM_REF
2025-06-22,OUT_074,C_1384,PSP,Flexible,Repeat,N/A,1138,170.7,OLD_SYSTEM_REF
2025-06-22,OUT_075,C_2354,PSP,Flexible,LM,N/A,839,125.85,OLD_SYSTEM_REF
2025-06-22,OUT_077,C_9696,BOS,Flexible,MM,dosa,1996,299.4,OLD_SYSTEM_REF
2025-06-22,OUT_078,C_1585,PSP,Flexible,LM,N/A,1284,192.6,OLD_SYSTEM_REF
2025-06-22,OUT_079,C_6105,Visit Pack,Fixed,MM,N/A,1971,295.65,OLD_SYSTEM_REF
2025-06-22,OUT_088,C_6668,PSP,Flexible,LM,N/A,1504,225.6,OLD_SYSTEM_REF
2025-06-22,OUT_095,C_4555,Visit Pack,Fixed,UM,N/A,776,116.39999999999999,OLD_SYSTEM_REF
2025-06-22,OUT_100,C_6903,Visit Pack,Fixed,Lapsed,N/A,839,125.85,OLD_SYSTEM_REF
2025-06-23,OUT_003,C_3055,PSP,Flexible,Lapsed,N/A,1467,220.04999999999998,OLD_SYSTEM_REF
2025-06-23,OUT_004,C_1547,BOS,Flexible,Lapsed,dosa,1074,161.1,OLD_SYSTEM_REF
2025-06-23,OUT_007,C_5120,BOS,Flexible,MM,dal makhani,1122,168.29999999999998,OLD_SYSTEM_REF
2025-06-23,OUT_009,C_2101,Visit Pack,Fixed,MM,N/A,1239,185.85,OLD_SYSTEM_REF
2025-06-23,OUT_020,C_3240,Visit Pack,Fixed,UM,N/A,920,138.0,OLD_SYSTEM_REF
2025-06-23,OUT_022,C_9912,Visit Pack,Fixed,LM,N/A,1455,218.25,OLD_SYSTEM_REF
2025-06-23,OUT_031,C_5587,BOS,Flexible,Repeat,manchurian,501,75.14999999999999,OLD_SYSTEM_REF
2025-06-23,OUT_038,C_1730,Visit Pack,Fixed,UM,N/A,1377,206.54999999999998,OLD_SYSTEM_REF
2025-06-23,OUT_040,C_9297,PSP,Flexible,MM,N/A,1879,281.84999999999997,OLD_SYSTEM_REF
2025-06-23,OUT_042,C_2236,PSP,Flexible,Repeat,N/A,964,144.6,OLD_SYSTEM_REF
2025-06-23,OUT_044,C_4611,Visit Pack,Fixed,UM,N/A,677,101.55,OLD_SYSTEM_REF
2025-06-23,OUT_051,C_6888,PSP,Flexible,MM,N/A,961,144.15,OLD_SYSTEM_REF
2025-06-23,OUT_063,C_3597,Visit Pack,Fixed,LM,N/A,1917,287.55,OLD_SYSTEM_REF
2025-06-23,OUT_067,C_6124,Visit Pack,Fixed,Lapsed,N/A,1134,170.1,OLD_SYSTEM_REF
2025-06-23,OUT_068,C_6474,BOS,Flexible,Lapsed,manchurian,1241,186.15,OLD_SYSTEM_REF
2025-06-23,OUT_069,C_6630,Visit Pack,Fixed,UM,N/A,1456,218.4,OLD_SYSTEM_REF
2025-06-23,OUT_071,C_8748,BOS,Flexible,LM,manchurian,1987,298.05,OLD_SYSTEM_REF
2025-06-23,OUT_072,C_9692,BOS,Flexible,Lapsed,dal makhani,1084,162.6,OLD_SYSTEM_REF
2025-06-23,OUT_083,C_8107,Visit Pack,Fixed,LM,N/A,1601,240.14999999999998,OLD_SYSTEM_REF
2025-06-23,OUT_084,C_5941,BOS,Flexible,Lapsed,dal makhani,936,140.4,OLD_SYSTEM_REF
2025-06-23,OUT_085,C_9364,BOS,Flexible,LM,dosa,789,118.35,OLD_SYSTEM_REF
2025-06-23,OUT_086,C_4809,BOS,Flexible,LM,dal makhani,766,114.89999999999999,OLD_SYSTEM_REF
2025-06-23,OUT_096,C_3469,BOS,Flexible,UM,burger,1760,264.0,OLD_SYSTEM_REF
2025-06-24,OUT_006,C_4785,BOS,Flexible,UM,dosa,779,116.85,OLD_SYSTEM_REF
2025-06-24,OUT_010,C_9380,BOS,Flexible,MM,pizza,1856,278.4,OLD_SYSTEM_REF
2025-06-24,OUT_020,C_1345,BOS,Flexible,MM,pizza,1941,291.15,OLD_SYSTEM_REF
2025-06-24,OUT_022,C_1121,Visit Pack,Fixed,MM,N/A,1025,153.75,OLD_SYSTEM_REF
2025-06-24,OUT_024,C_5909,BOS,Flexible,UM,dosa,1239,185.85,OLD_SYSTEM_REF
2025-06-24,OUT_030,C_4521,PSP,Flexible,LM,N/A,1597,239.54999999999998,OLD_SYSTEM_REF
2025-06-24,OUT_035,C_5934,Visit Pack,Fixed,LM,N/A,1880,282.0,OLD_SYSTEM_REF
2025-06-24,OUT_042,C_3383,Visit Pack,Fixed,Lapsed,N/A,1560,234.0,OLD_SYSTEM_REF
2025-06-24,OUT_046,C_2396,PSP,Flexible,Lapsed,N/A,1140,171.0,OLD_SYSTEM_REF
2025-06-24,OUT_055,C_4657,PSP,Flexible,LM,N/A,603,90.45,OLD_SYSTEM_REF
2025-06-24,OUT_057,C_8123,PSP,Flexible,Lapsed,N/A,635,95.25,OLD_SYSTEM_REF
2025-06-24,OUT_064,C_3733,Visit Pack,Fixed,MM,N/A,1468,220.2,OLD_SYSTEM_REF
2025-06-24,OUT_072,C_5792,BOS,Flexible,UM,dal makhani,1087,163.04999999999998,OLD_SYSTEM_REF
2025-06-24,OUT_073,C_6617,PSP,Flexible,Lapsed,N/A,1723,258.45,OLD_SYSTEM_REF
2025-06-24,OUT_075,C_1824,PSP,Flexible,MM,N/A,853,127.94999999999999,OLD_SYSTEM_REF
2025-06-24,OUT_078,C_2628,BOS,Flexible,Lapsed,burger,1631,244.64999999999998,OLD_SYSTEM_REF
2025-06-24,OUT_082,C_2522,PSP,Flexible,LM,N/A,1161,174.15,OLD_SYSTEM_REF
2025-06-25,OUT_002,C_7659,Visit Pack,Fixed,MM,N/A,1363,204.45,OLD_SYSTEM_REF
2025-06-25,OUT_006,C_6752,Visit Pack,Fixed,LM,N/A,808,121.19999999999999,OLD_SYSTEM_REF
2025-06-25,OUT_010,C_6276,PSP,Flexible,LM,N/A,1353,202.95,OLD_SYSTEM_REF
2025-06-25,OUT_017,C_6791,BOS,Flexible,Repeat,pizza,529,79.35,OLD_SYSTEM_REF
2025-06-25,OUT_021,C_5124,PSP,Flexible,Lapsed,N/A,1280,192.0,OLD_SYSTEM_REF
2025-06-25,OUT_022,C_4088,BOS,Flexible,Lapsed,pizza,1248,187.2,OLD_SYSTEM_REF
2025-06-25,OUT_025,C_6991,BOS,Flexible,UM,burger,1407,211.04999999999998,OLD_SYSTEM_REF
2025-06-25,OUT_027,C_9396,Visit Pack,Fixed,MM,N/A,1110,166.5,OLD_SYSTEM_REF
2025-06-25,OUT_038,C_4118,PSP,Flexible,MM,N/A,1416,212.4,OLD_SYSTEM_REF
2025-06-25,OUT_047,C_7457,PSP,Flexible,MM,N/A,1561,234.14999999999998,OLD_SYSTEM_REF
2025-06-25,OUT_048,C_1950,Visit Pack,Fixed,Lapsed,N/A,1262,189.29999999999998,OLD_SYSTEM_REF
2025-06-25,OUT_057,C_1814,Visit Pack,Fixed,MM,N/A,1882,282.3,OLD_SYSTEM_REF
2025-06-25,OUT_068,C_1263,PSP,Flexible,Lapsed,N/A,925,138.75,OLD_SYSTEM_REF
2025-06-25,OUT_070,C_8472,BOS,Flexible,LM,dosa,703,105.45,OLD_SYSTEM_REF
2025-06-25,OUT_095,C_9824,BOS,Flexible,Lapsed,burger,1384,207.6,OLD_SYSTEM_REF
2025-06-25,OUT_100,C_8063,Visit Pack,Fixed,UM,N/A,1889,283.34999999999997,OLD_SYSTEM_REF
2025-06-26,OUT_004,C_2971,Visit Pack,Fixed,Repeat,N/A,1135,170.25,OLD_SYSTEM_REF
2025-06-26,OUT_013,C_6597,PSP,Flexible,MM,N/A,847,127.05,OLD_SYSTEM_REF
2025-06-26,OUT_022,C_3463,PSP,Flexible,LM,N/A,843,126.44999999999999,OLD_SYSTEM_REF
2025-06-26,OUT_028,C_9694,PSP,Flexible,MM,N/A,1794,269.09999999999997,OLD_SYSTEM_REF
2025-06-26,OUT_034,C_9038,BOS,Flexible,MM,dosa,505,75.75,OLD_SYSTEM_REF
2025-06-26,OUT_039,C_8435,BOS,Flexible,Lapsed,dal makhani,1237,185.54999999999998,OLD_SYSTEM_REF
2025-06-26,OUT_041,C_3326,PSP,Flexible,Repeat,N/A,720,108.0,OLD_SYSTEM_REF
2025-06-26,OUT_058,C_5819,BOS,Flexible,Repeat,dosa,735,110.25,OLD_SYSTEM_REF
2025-06-26,OUT_069,C_3526,PSP,Flexible,Lapsed,N/A,1112,166.79999999999998,OLD_SYSTEM_REF
2025-06-26,OUT_086,C_7603,Visit Pack,Fixed,UM,N/A,1148,172.2,OLD_SYSTEM_REF
2025-06-26,OUT_087,C_6918,PSP,Flexible,LM,N/A,1594,239.1,OLD_SYSTEM_REF
2025-06-26,OUT_088,C_5517,Visit Pack,Fixed,UM,N/A,1127,169.04999999999998,OLD_SYSTEM_REF
2025-06-26,OUT_093,C_8527,Visit Pack,Fixed,LM,N/A,1802,270.3,OLD_SYSTEM_REF
2025-06-26,OUT_097,C_8686,BOS,Flexible,Lapsed,burger,1950,292.5,OLD_SYSTEM_REF
2025-06-26,OUT_098,C_8919,PSP,Flexible,Lapsed,N/A,1801,270.15,OLD_SYSTEM_REF
2025-06-27,OUT_004,C_2124,PSP,Flexible,Repeat,N/A,1688,253.2,OLD_SYSTEM_REF
2025-06-27,OUT_006,C_1060,Visit Pack,Fixed,MM,N/A,1309,196.35,OLD_SYSTEM_REF
2025-06-27,OUT_009,C_5929,Visit Pack,Fixed,LM,N/A,620,93.0,OLD_SYSTEM_REF
2025-06-27,OUT_014,C_6888,BOS,Flexible,Lapsed,dal makhani,1878,281.7,OLD_SYSTEM_REF
2025-06-27,OUT_017,C_6814,PSP,Flexible,Repeat,N/A,1239,185.85,OLD_SYSTEM_REF
2025-06-27,OUT_024,C_9553,BOS,Flexible,LM,dosa,1913,286.95,OLD_SYSTEM_REF
2025-06-27,OUT_025,C_2939,BOS,Flexible,MM,burger,1582,237.29999999999998,OLD_SYSTEM_REF
2025-06-27,OUT_028,C_5175,PSP,Flexible,Lapsed,N/A,688,103.2,OLD_SYSTEM_REF
2025-06-27,OUT_041,C_5914,PSP,Flexible,Repeat,N/A,1655,248.25,OLD_SYSTEM_REF
2025-06-27,OUT_042,C_3185,BOS,Flexible,Repeat,pizza,1456,218.4,OLD_SYSTEM_REF
2025-06-27,OUT_052,C_2273,BOS,Flexible,Repeat,pizza,518,77.7,OLD_SYSTEM_REF
2025-06-27,OUT_054,C_2875,Visit Pack,Fixed,UM,N/A,1609,241.35,OLD_SYSTEM_REF
2025-06-27,OUT_055,C_8338,Visit Pack,Fixed,Lapsed,N/A,1633,244.95,OLD_SYSTEM_REF
2025-06-27,OUT_059,C_3623,Visit Pack,Fixed,UM,N/A,1920,288.0,OLD_SYSTEM_REF
2025-06-27,OUT_060,C_8046,Visit Pack,Fixed,LM,N/A,1385,207.75,OLD_SYSTEM_REF
2025-06-27,OUT_063,C_6630,Visit Pack,Fixed,LM,N/A,1077,161.54999999999998,OLD_SYSTEM_REF
2025-06-27,OUT_064,C_6092,Visit Pack,Fixed,UM,N/A,1295,194.25,OLD_SYSTEM_REF
2025-06-27,OUT_065,C_6508,PSP,Flexible,Repeat,N/A,829,124.35,OLD_SYSTEM_REF
2025-06-27,OUT_066,C_2779,BOS,Flexible,MM,manchurian,556,83.39999999999999,OLD_SYSTEM_REF
2025-06-27,OUT_069,C_1431,PSP,Flexible,Lapsed,N/A,1260,189.0,OLD_SYSTEM_REF
2025-06-27,OUT_071,C_7598,Visit Pack,Fixed,LM,N/A,1722,258.3,OLD_SYSTEM_REF
2025-06-27,OUT_073,C_6130,BOS,Flexible,UM,pizza,1838,275.7,OLD_SYSTEM_REF
2025-06-27,OUT_084,C_9376,Visit Pack,Fixed,Lapsed,N/A,507,76.05,OLD_SYSTEM_REF
2025-06-27,OUT_088,C_4139,BOS,Flexible,UM,burger,1132,169.79999999999998,OLD_SYSTEM_REF
2025-06-27,OUT_090,C_7641,Visit Pack,Fixed,UM,N/A,654,98.1,OLD_SYSTEM_REF
2025-06-27,OUT_098,C_1349,BOS,Flexible,Repeat,dosa,518,77.7,OLD_SYSTEM_REF
2025-06-28,OUT_003,C_2170,PSP,Flexible,UM,N/A,1509,226.35,OLD_SYSTEM_REF
2025-06-28,OUT_012,C_9724,PSP,Flexible,Lapsed,N/A,785,117.75,OLD_SYSTEM_REF
2025-06-28,OUT_016,C_3330,Visit Pack,Fixed,Repeat,N/A,666,99.89999999999999,OLD_SYSTEM_REF
2025-06-28,OUT_024,C_9307,BOS,Flexible,Lapsed,dosa,1096,164.4,OLD_SYSTEM_REF
2025-06-28,OUT_028,C_8397,BOS,Flexible,UM,dal makhani,1023,153.45,OLD_SYSTEM_REF
2025-06-28,OUT_038,C_4173,BOS,Flexible,MM,burger,755,113.25,OLD_SYSTEM_REF
2025-06-28,OUT_053,C_7336,BOS,Flexible,LM,manchurian,1809,271.34999999999997,OLD_SYSTEM_REF
2025-06-28,OUT_055,C_4112,BOS,Flexible,MM,dosa,1236,185.4,OLD_SYSTEM_REF
2025-06-28,OUT_058,C_5888,Visit Pack,Fixed,MM,N/A,866,129.9,OLD_SYSTEM_REF
2025-06-28,OUT_060,C_8175,PSP,Flexible,LM,N/A,996,149.4,OLD_SYSTEM_REF
2025-06-28,OUT_066,C_5101,BOS,Flexible,UM,manchurian,1251,187.65,OLD_SYSTEM_REF
2025-06-28,OUT_070,C_3908,Visit Pack,Fixed,LM,N/A,1715,257.25,OLD_SYSTEM_REF
2025-06-28,OUT_072,C_8506,BOS,Flexible,Lapsed,dal makhani,1674,251.1,OLD_SYSTEM_REF
2025-06-28,OUT_078,C_1794,PSP,Flexible,MM,N/A,806,120.89999999999999,OLD_SYSTEM_REF
2025-06-28,OUT_082,C_7284,PSP,Flexible,Lapsed,N/A,1018,152.7,OLD_SYSTEM_REF
2025-06-28,OUT_084,C_3556,PSP,Flexible,Repeat,N/A,1701,255.14999999999998,OLD_SYSTEM_REF
2025-06-28,OUT_086,C_9034,BOS,Flexible,LM,dal makhani,1612,241.79999999999998,OLD_SYSTEM_REF
2025-06-28,OUT_092,C_2684,BOS,Flexible,LM,pizza,1476,221.4,OLD_SYSTEM_REF
2025-06-28,OUT_098,C_4311,BOS,Flexible,UM,dosa,1740,261.0,OLD_SYSTEM_REF
2025-06-28,OUT_100,C_4389,Visit Pack,Fixed,Repeat,N/A,1217,182.54999999999998,OLD_SYSTEM_REF
2025-06-29,OUT_001,C_6274,BOS,Flexible,UM,dal makhani,1743,261.45,OLD_SYSTEM_REF
2025-06-29,OUT_005,C_5894,Visit Pack,Fixed,MM,N/A,1041,156.15,OLD_SYSTEM_REF
2025-06-29,OUT_006,C_9255,Visit Pack,Fixed,Repeat,N/A,1974,296.09999999999997,OLD_SYSTEM_REF
2025-06-29,OUT_007,C_6488,PSP,Flexible,UM,N/A,1125,168.75,OLD_SYSTEM_REF
2025-06-29,OUT_008,C_2914,PSP,Flexible,Lapsed,N/A,875,131.25,OLD_SYSTEM_REF
2025-06-29,OUT_011,C_6503,BOS,Flexible,LM,burger,821,123.14999999999999,OLD_SYSTEM_REF
2025-06-29,OUT_015,C_3530,Visit Pack,Fixed,Repeat,N/A,1991,298.65,OLD_SYSTEM_REF
2025-06-29,OUT_017,C_5848,BOS,Flexible,Lapsed,pizza,1681,252.14999999999998,OLD_SYSTEM_REF
2025-06-29,OUT_024,C_1906,BOS,Flexible,Repeat,dosa,1024,153.6,OLD_SYSTEM_REF
2025-06-29,OUT_029,C_2727,Visit Pack,Fixed,UM,N/A,1440,216.0,OLD_SYSTEM_REF
2025-06-29,OUT_033,C_6475,Visit Pack,Fixed,Repeat,N/A,1947,292.05,OLD_SYSTEM_REF
2025-06-29,OUT_039,C_2190,PSP,Flexible,UM,N/A,923,138.45,OLD_SYSTEM_REF
2025-06-29,OUT_046,C_4480,Visit Pack,Fixed,Lapsed,N/A,1283,192.45,OLD_SYSTEM_REF
2025-06-29,OUT_049,C_7559,PSP,Flexible,LM,N/A,832,124.8,OLD_SYSTEM_REF
2025-06-29,OUT_053,C_6300,BOS,Flexible,LM,manchurian,720,108.0,OLD_SYSTEM_REF
2025-06-29,OUT_062,C_1824,BOS,Flexible,LM,dal makhani,1606,240.89999999999998,OLD_SYSTEM_REF
2025-06-29,OUT_076,C_1572,PSP,Flexible,Lapsed,N/A,640,96.0,OLD_SYSTEM_REF
2025-06-29,OUT_079,C_3174,BOS,Flexible,UM,burger,1015,152.25,OLD_SYSTEM_REF
2025-06-29,OUT_083,C_9143,Visit Pack,Fixed,Repeat,N/A,1495,224.25,OLD_SYSTEM_REF
2025-06-29,OUT_085,C_2481,BOS,Flexible,LM,dosa,1535,230.25,OLD_SYSTEM_REF
2025-06-29,OUT_087,C_4611,BOS,Flexible,MM,manchurian,1185,177.75,OLD_SYSTEM_REF
2025-06-29,OUT_097,C_8354,Visit Pack,Fixed,Lapsed,N/A,968,145.2,OLD_SYSTEM_REF
2025-06-29,OUT_100,C_5072,Visit Pack,Fixed,MM,N/A,911,136.65,OLD_SYSTEM_REF
2025-06-30,OUT_009,C_8966,Visit Pack,Fixed,LM,N/A,1937,290.55,OLD_SYSTEM_REF
2025-06-30,OUT_010,C_3108,Visit Pack,Fixed,UM,N/A,1435,215.25,OLD_SYSTEM_REF
2025-06-30,OUT_011,C_5932,PSP,Flexible,LM,N/A,862,129.29999999999998,OLD_SYSTEM_REF
2025-06-30,OUT_015,C_5893,BOS,Flexible,Repeat,dosa,1935,290.25,OLD_SYSTEM_REF
2025-06-30,OUT_017,C_2155,BOS,Flexible,Repeat,pizza,1887,283.05,OLD_SYSTEM_REF
2025-06-30,OUT_019,C_9106,Visit Pack,Fixed,UM,N/A,1785,267.75,OLD_SYSTEM_REF
2025-06-30,OUT_025,C_6486,BOS,Flexible,UM,burger,1575,236.25,OLD_SYSTEM_REF
2025-06-30,OUT_029,C_9084,Visit Pack,Fixed,MM,N/A,852,127.8,OLD_SYSTEM_REF
2025-06-30,OUT_030,C_4986,Visit Pack,Fixed,MM,N/A,890,133.5,OLD_SYSTEM_REF
2025-06-30,OUT_033,C_1335,PSP,Flexible,UM,N/A,906,135.9,OLD_SYSTEM_REF
2025-06-30,OUT_034,C_6610,PSP,Flexible,Repeat,N/A,1003,150.45,OLD_SYSTEM_REF
2025-06-30,OUT_044,C_1259,Visit Pack,Fixed,LM,N/A,770,115.5,OLD_SYSTEM_REF
2025-06-30,OUT_061,C_9567,PSP,Flexible,UM,N/A,939,140.85,OLD_SYSTEM_REF
2025-06-30,OUT_064,C_1027,BOS,Flexible,Lapsed,manchurian,723,108.45,OLD_SYSTEM_REF
2025-06-30,OUT_067,C_7232,PSP,Flexible,UM,N/A,1300,195.0,OLD_SYSTEM_REF
2025-06-30,OUT_076,C_8562,PSP,Flexible,Lapsed,N/A,598,89.7,OLD_SYSTEM_REF
2025-06-30,OUT_078,C_7358,BOS,Flexible,LM,burger,1701,255.14999999999998,OLD_SYSTEM_REF
2025-06-30,OUT_079,C_9325,Visit Pack,Fixed,Lapsed,N/A,881,132.15,OLD_SYSTEM_REF
2025-06-30,OUT_093,C_3571,PSP,Flexible,LM,N/A,1362,204.29999999999998,OLD_SYSTEM_REF
2025-06-30,OUT_100,C_7445,Visit Pack,Fixed,UM,N/A,1351,202.65,OLD_SYSTEM_REF
2025-07-01,OUT_020,C_4644,PSP,Flexible,Lapsed,N/A,1651,247.64999999999998,OLD_SYSTEM_REF
2025-07-01,OUT_022,C_1770,PSP,Flexible,MM,N/A,920,138.0,OLD_SYSTEM_REF
2025-07-01,OUT_025,C_5426,PSP,Flexible,Repeat,N/A,531,79.64999999999999,OLD_SYSTEM_REF
2025-07-01,OUT_037,C_5864,PSP,Flexible,MM,N/A,1524,228.6,OLD_SYSTEM_REF
2025-07-01,OUT_038,C_1443,BOS,Flexible,Repeat,burger,1678,251.7,OLD_SYSTEM_REF
2025-07-01,OUT_039,C_7445,PSP,Flexible,Repeat,N/A,605,90.75,OLD_SYSTEM_REF
2025-07-01,OUT_041,C_4570,PSP,Flexible,UM,N/A,1323,198.45,OLD_SYSTEM_REF
2025-07-01,OUT_054,C_3887,BOS,Flexible,LM,pizza,594,89.1,OLD_SYSTEM_REF
2025-07-01,OUT_055,C_6110,BOS,Flexible,UM,dosa,1723,258.45,OLD_SYSTEM_REF
2025-07-01,OUT_056,C_9053,BOS,Flexible,Repeat,dal makhani,1109,166.35,OLD_SYSTEM_REF
2025-07-01,OUT_059,C_9268,BOS,Flexible,MM,manchurian,1806,270.9,OLD_SYSTEM_REF
2025-07-01,OUT_061,C_8562,PSP,Flexible,Repeat,N/A,1256,188.4,OLD_SYSTEM_REF
2025-07-01,OUT_067,C_1609,PSP,Flexible,Repeat,N/A,537,80.55,OLD_SYSTEM_REF
2025-07-01,OUT_069,C_6685,PSP,Flexible,Repeat,N/A,1366,204.9,OLD_SYSTEM_REF
2025-07-01,OUT_073,C_8736,PSP,Flexible,MM,N/A,1911,286.65,OLD_SYSTEM_REF
2025-07-01,OUT_074,C_7434,BOS,Flexible,Lapsed,dosa,1812,271.8,OLD_SYSTEM_REF
2025-07-01,OUT_077,C_5520,Visit Pack,Fixed,Repeat,N/A,1486,222.9,OLD_SYSTEM_REF
2025-07-01,OUT_078,C_6692,PSP,Flexible,Repeat,N/A,1081,162.15,OLD_SYSTEM_REF
2025-07-01,OUT_087,C_2816,PSP,Flexible,LM,N/A,890,133.5,OLD_SYSTEM_REF
2025-07-01,OUT_095,C_7149,PSP,Flexible,MM,N/A,1325,198.75,OLD_SYSTEM_REF
2025-07-01,OUT_098,C_4163,Visit Pack,Fixed,Repeat,N/A,561,84.14999999999999,OLD_SYSTEM_REF
2025-07-01,OUT_099,C_7554,Visit Pack,Fixed,LM,N/A,1477,221.54999999999998,OLD_SYSTEM_REF
2025-07-02,OUT_002,C_9848,PSP,Flexible,Lapsed,N/A,1956,293.4,OLD_SYSTEM_REF
2025-07-02,OUT_005,C_6370,Visit Pack,Fixed,LM,N/A,1075,161.25,OLD_SYSTEM_REF
2025-07-02,OUT_009,C_6102,Visit Pack,Fixed,LM,N/A,1587,238.04999999999998,OLD_SYSTEM_REF
2025-07-02,OUT_020,C_6177,PSP,Flexible,UM,N/A,1277,191.54999999999998,OLD_SYSTEM_REF
2025-07-02,OUT_026,C_9413,BOS,Flexible,UM,pizza,619,92.85,OLD_SYSTEM_REF
2025-07-02,OUT_033,C_9378,BOS,Flexible,MM,dosa,662,99.3,OLD_SYSTEM_REF
2025-07-02,OUT_034,C_9013,PSP,Flexible,UM,N/A,1029,154.35,OLD_SYSTEM_REF
2025-07-02,OUT_035,C_7745,Visit Pack,Fixed,Lapsed,N/A,1593,238.95,OLD_SYSTEM_REF
2025-07-02,OUT_039,C_3980,BOS,Flexible,Lapsed,dal makhani,1490,223.5,OLD_SYSTEM_REF
2025-07-02,OUT_041,C_9288,BOS,Flexible,Lapsed,manchurian,671,100.64999999999999,OLD_SYSTEM_REF
2025-07-02,OUT_047,C_8900,BOS,Flexible,Lapsed,dal makhani,1681,252.14999999999998,OLD_SYSTEM_REF
2025-07-02,OUT_048,C_5229,PSP,Flexible,Lapsed,N/A,940,141.0,OLD_SYSTEM_REF
2025-07-02,OUT_053,C_4611,Visit Pack,Fixed,MM,N/A,752,112.8,OLD_SYSTEM_REF
2025-07-02,OUT_059,C_5619,PSP,Flexible,MM,N/A,682,102.3,OLD_SYSTEM_REF
2025-07-02,OUT_060,C_3321,PSP,Flexible,Repeat,N/A,1577,236.54999999999998,OLD_SYSTEM_REF
2025-07-02,OUT_069,C_6736,PSP,Flexible,Repeat,N/A,1341,201.15,OLD_SYSTEM_REF
2025-07-02,OUT_071,C_1054,PSP,Flexible,Lapsed,N/A,785,117.75,OLD_SYSTEM_REF
2025-07-02,OUT_074,C_9378,PSP,Flexible,Repeat,N/A,1514,227.1,OLD_SYSTEM_REF
2025-07-02,OUT_079,C_3581,BOS,Flexible,Lapsed,burger,792,118.8,OLD_SYSTEM_REF
2025-07-02,OUT_081,C_8718,PSP,Flexible,MM,N/A,1722,258.3,OLD_SYSTEM_REF
2025-07-02,OUT_082,C_9867,PSP,Flexible,UM,N/A,979,146.85,OLD_SYSTEM_REF
2025-07-02,OUT_083,C_9159,BOS,Flexible,MM,manchurian,1268,190.2,OLD_SYSTEM_REF
2025-07-02,OUT_087,C_8001,BOS,Flexible,Lapsed,manchurian,1451,217.65,OLD_SYSTEM_REF
2025-07-02,OUT_093,C_5786,PSP,Flexible,LM,N/A,1864,279.59999999999997,OLD_SYSTEM_REF
2025-07-02,OUT_099,C_7942,BOS,Flexible,Lapsed,manchurian,752,112.8,OLD_SYSTEM_REF
2025-07-03,OUT_017,C_7949,BOS,Flexible,Repeat,pizza,1840,276.0,OLD_SYSTEM_REF
2025-07-03,OUT_021,C_6632,Visit Pack,Fixed,Repeat,N/A,675,101.25,OLD_SYSTEM_REF
2025-07-03,OUT_022,C_1349,BOS,Flexible,MM,pizza,1953,292.95,OLD_SYSTEM_REF
2025-07-03,OUT_030,C_5654,BOS,Flexible,Lapsed,burger,987,148.04999999999998,OLD_SYSTEM_REF
2025-07-03,OUT_049,C_8228,BOS,Flexible,LM,dal makhani,1052,157.79999999999998,OLD_SYSTEM_REF
2025-07-03,OUT_050,C_6178,PSP,Flexible,Repeat,N/A,761,114.14999999999999,OLD_SYSTEM_REF
2025-07-03,OUT_056,C_2659,Visit Pack,Fixed,Repeat,N/A,628,94.2,OLD_SYSTEM_REF
2025-07-03,OUT_063,C_9262,PSP,Flexible,MM,N/A,793,118.94999999999999,OLD_SYSTEM_REF
2025-07-03,OUT_066,C_9063,Visit Pack,Fixed,MM,N/A,1272,190.79999999999998,OLD_SYSTEM_REF
2025-07-03,OUT_067,C_9464,PSP,Flexible,MM,N/A,1747,262.05,OLD_SYSTEM_REF
2025-07-03,OUT_071,C_1756,Visit Pack,Fixed,UM,N/A,661,99.14999999999999,OLD_SYSTEM_REF
2025-07-03,OUT_075,C_2975,PSP,Flexible,LM,N/A,1581,237.14999999999998,OLD_SYSTEM_REF
2025-07-03,OUT_082,C_9896,BOS,Flexible,MM,dosa,1637,245.54999999999998,OLD_SYSTEM_REF
2025-07-03,OUT_088,C_5516,PSP,Flexible,Repeat,N/A,568,85.2,OLD_SYSTEM_REF
2025-07-03,OUT_089,C_2761,BOS,Flexible,LM,manchurian,1454,218.1,OLD_SYSTEM_REF
2025-07-03,OUT_090,C_7444,PSP,Flexible,LM,N/A,1723,258.45,OLD_SYSTEM_REF
2025-07-03,OUT_094,C_6370,PSP,Flexible,LM,N/A,791,118.64999999999999,OLD_SYSTEM_REF
2025-07-04,OUT_001,C_1856,Visit Pack,Fixed,UM,N/A,691,103.64999999999999,OLD_SYSTEM_REF
2025-07-04,OUT_009,C_3220,PSP,Flexible,UM,N/A,1893,283.95,OLD_SYSTEM_REF
2025-07-04,OUT_010,C_1041,BOS,Flexible,MM,pizza,670,100.5,OLD_SYSTEM_REF
2025-07-04,OUT_013,C_8654,PSP,Flexible,MM,N/A,1666,249.89999999999998,OLD_SYSTEM_REF
2025-07-04,OUT_014,C_1449,PSP,Flexible,LM,N/A,604,90.6,OLD_SYSTEM_REF
2025-07-04,OUT_026,C_8106,Visit Pack,Fixed,Repeat,N/A,734,110.1,OLD_SYSTEM_REF
2025-07-04,OUT_027,C_1667,Visit Pack,Fixed,LM,N/A,981,147.15,OLD_SYSTEM_REF
2025-07-04,OUT_045,C_1631,Visit Pack,Fixed,Lapsed,N/A,973,145.95,OLD_SYSTEM_REF
2025-07-04,OUT_047,C_3283,Visit Pack,Fixed,UM,N/A,961,144.15,OLD_SYSTEM_REF
2025-07-04,OUT_049,C_6955,BOS,Flexible,UM,dal makhani,1964,294.59999999999997,OLD_SYSTEM_REF
2025-07-04,OUT_058,C_7496,PSP,Flexible,UM,N/A,1724,258.59999999999997,OLD_SYSTEM_REF
2025-07-04,OUT_064,C_8674,BOS,Flexible,Lapsed,manchurian,811,121.64999999999999,OLD_SYSTEM_REF
2025-07-04,OUT_077,C_3789,Visit Pack,Fixed,MM,N/A,1166,174.9,OLD_SYSTEM_REF
2025-07-04,OUT_079,C_1162,PSP,Flexible,UM,N/A,1447,217.04999999999998,OLD_SYSTEM_REF
2025-07-04,OUT_084,C_3205,Visit Pack,Fixed,UM,N/A,1989,298.34999999999997,OLD_SYSTEM_REF
2025-07-04,OUT_088,C_8529,BOS,Flexible,MM,burger,1383,207.45,OLD_SYSTEM_REF
2025-07-04,OUT_091,C_6439,BOS,Flexible,UM,dosa,1013,151.95,OLD_SYSTEM_REF
2025-07-04,OUT_097,C_5433,Visit Pack,Fixed,LM,N/A,1205,180.75,OLD_SYSTEM_REF
2025-07-04,OUT_099,C_8702,BOS,Flexible,MM,manchurian,1250,187.5,OLD_SYSTEM_REF
2025-07-05,OUT_001,C_1160,Visit Pack,Fixed,LM,N/A,1823,273.45,OLD_SYSTEM_REF
2025-07-05,OUT_002,C_2434,Visit Pack,Fixed,Lapsed,N/A,1188,178.2,OLD_SYSTEM_REF
2025-07-05,OUT_004,C_3622,PSP,Flexible,Repeat,N/A,555,83.25,OLD_SYSTEM_REF
2025-07-05,OUT_006,C_8184,BOS,Flexible,Repeat,dosa,990,148.5,OLD_SYSTEM_REF
2025-07-05,OUT_010,C_3565,Visit Pack,Fixed,Lapsed,N/A,1267,190.04999999999998,OLD_SYSTEM_REF
2025-07-05,OUT_013,C_9459,Visit Pack,Fixed,LM,N/A,1787,268.05,OLD_SYSTEM_REF
2025-07-05,OUT_014,C_6798,Visit Pack,Fixed,Lapsed,N/A,1082,162.29999999999998,OLD_SYSTEM_REF
2025-07-05,OUT_017,C_5335,Visit Pack,Fixed,Lapsed,N/A,1441,216.15,OLD_SYSTEM_REF
2025-07-05,OUT_018,C_5174,PSP,Flexible,LM,N/A,1686,252.89999999999998,OLD_SYSTEM_REF
2025-07-05,OUT_019,C_7553,BOS,Flexible,Repeat,dal makhani,1170,175.5,OLD_SYSTEM_REF
2025-07-05,OUT_024,C_3199,Visit Pack,Fixed,UM,N/A,1300,195.0,OLD_SYSTEM_REF
2025-07-05,OUT_037,C_3892,Visit Pack,Fixed,UM,N/A,989,148.35,OLD_SYSTEM_REF
2025-07-05,OUT_040,C_7184,PSP,Flexible,UM,N/A,1326,198.9,OLD_SYSTEM_REF
2025-07-05,OUT_042,C_1908,Visit Pack,Fixed,Lapsed,N/A,1834,275.09999999999997,OLD_SYSTEM_REF
2025-07-05,OUT_045,C_9410,PSP,Flexible,UM,N/A,1144,171.6,OLD_SYSTEM_REF
2025-07-05,OUT_048,C_9491,Visit Pack,Fixed,LM,N/A,1471,220.65,OLD_SYSTEM_REF
2025-07-05,OUT_050,C_3539,PSP,Flexible,UM,N/A,903,135.45,OLD_SYSTEM_REF
2025-07-05,OUT_054,C_8058,Visit Pack,Fixed,LM,N/A,1255,188.25,OLD_SYSTEM_REF
2025-07-05,OUT_057,C_1421,PSP,Flexible,Repeat,N/A,917,137.54999999999998,OLD_SYSTEM_REF
2025-07-05,OUT_071,C_8168,Visit Pack,Fixed,MM,N/A,868,130.2,OLD_SYSTEM_REF
2025-07-05,OUT_075,C_8063,BOS,Flexible,UM,pizza,1607,241.04999999999998,OLD_SYSTEM_REF
2025-07-05,OUT_077,C_8783,BOS,Flexible,MM,dosa,1740,261.0,OLD_SYSTEM_REF
2025-07-05,OUT_079,C_5791,Visit Pack,Fixed,UM,N/A,1744,261.59999999999997,OLD_SYSTEM_REF
2025-07-05,OUT_080,C_7845,Visit Pack,Fixed,MM,N/A,1010,151.5,OLD_SYSTEM_REF
2025-07-05,OUT_081,C_4382,BOS,Flexible,UM,pizza,1413,211.95,OLD_SYSTEM_REF
2025-07-05,OUT_084,C_2419,BOS,Flexible,LM,dal makhani,1272,190.79999999999998,OLD_SYSTEM_REF
2025-07-05,OUT_095,C_9456,Visit Pack,Fixed,Lapsed,N/A,1473,220.95,OLD_SYSTEM_REF
2025-07-05,OUT_096,C_8893,Visit Pack,Fixed,MM,N/A,1772,265.8,OLD_SYSTEM_REF
2025-07-05,OUT_097,C_8580,BOS,Flexible,MM,burger,959,143.85,OLD_SYSTEM_REF
2025-07-06,OUT_003,C_1669,BOS,Flexible,LM,manchurian,815,122.25,OLD_SYSTEM_REF
2025-07-06,OUT_004,C_9314,Visit Pack,Fixed,Repeat,N/A,622,93.3,OLD_SYSTEM_REF
2025-07-06,OUT_007,C_1112,BOS,Flexible,UM,dal makhani,1614,242.1,OLD_SYSTEM_REF
2025-07-06,OUT_013,C_8483,PSP,Flexible,UM,N/A,1653,247.95,OLD_SYSTEM_REF
2025-07-06,OUT_017,C_2075,Visit Pack,Fixed,MM,N/A,1334,200.1,OLD_SYSTEM_REF
2025-07-06,OUT_021,C_8545,Visit Pack,Fixed,LM,N/A,1736,260.4,OLD_SYSTEM_REF
2025-07-06,OUT_029,C_4361,Visit Pack,Fixed,LM,N/A,1004,150.6,OLD_SYSTEM_REF
2025-07-06,OUT_031,C_9294,BOS,Flexible,LM,manchurian,1280,192.0,OLD_SYSTEM_REF
2025-07-06,OUT_034,C_3494,BOS,Flexible,UM,dosa,1753,262.95,OLD_SYSTEM_REF
2025-07-06,OUT_041,C_8100,BOS,Flexible,LM,manchurian,643,96.45,OLD_SYSTEM_REF
2025-07-06,OUT_044,C_8349,BOS,Flexible,MM,dal makhani,1792,268.8,OLD_SYSTEM_REF
2025-07-06,OUT_053,C_8124,PSP,Flexible,Lapsed,N/A,1916,287.4,OLD_SYSTEM_REF
2025-07-06,OUT_055,C_8726,PSP,Flexible,Lapsed,N/A,1984,297.59999999999997,OLD_SYSTEM_REF
2025-07-06,OUT_056,C_2834,BOS,Flexible,UM,dal makhani,1569,235.35,OLD_SYSTEM_REF
2025-07-06,OUT_059,C_3476,PSP,Flexible,UM,N/A,1615,242.25,OLD_SYSTEM_REF
2025-07-06,OUT_068,C_2455,BOS,Flexible,LM,manchurian,1182,177.29999999999998,OLD_SYSTEM_REF
2025-07-06,OUT_070,C_2882,PSP,Flexible,Lapsed,N/A,1870,280.5,OLD_SYSTEM_REF
2025-07-06,OUT_071,C_5438,Visit Pack,Fixed,LM,N/A,728,109.2,OLD_SYSTEM_REF
2025-07-06,OUT_078,C_7975,BOS,Flexible,UM,burger,1153,172.95,OLD_SYSTEM_REF
2025-07-06,OUT_081,C_5451,PSP,Flexible,Lapsed,N/A,1454,218.1,OLD_SYSTEM_REF
2025-07-06,OUT_086,C_8602,PSP,Flexible,UM,N/A,1953,292.95,OLD_SYSTEM_REF
2025-07-06,OUT_088,C_5856,BOS,Flexible,Repeat,burger,1776,266.4,OLD_SYSTEM_REF
2025-07-06,OUT_091,C_8852,BOS,Flexible,LM,dosa,506,75.89999999999999,OLD_SYSTEM_REF
2025-07-06,OUT_092,C_4338,BOS,Flexible,MM,pizza,846,126.89999999999999,OLD_SYSTEM_REF
2025-07-07,OUT_009,C_5519,Visit Pack,Fixed,Repeat,N/A,1157,173.54999999999998,OLD_SYSTEM_REF
2025-07-07,OUT_012,C_9131,BOS,Flexible,Lapsed,dal makhani,1001,150.15,OLD_SYSTEM_REF
2025-07-07,OUT_014,C_8758,PSP,Flexible,Repeat,N/A,1574,236.1,OLD_SYSTEM_REF
2025-07-07,OUT_025,C_7970,PSP,Flexible,LM,N/A,1605,240.75,OLD_SYSTEM_REF
2025-07-07,OUT_033,C_5363,Visit Pack,Fixed,Repeat,N/A,617,92.55,OLD_SYSTEM_REF
2025-07-07,OUT_040,C_9482,PSP,Flexible,Lapsed,N/A,1910,286.5,OLD_SYSTEM_REF
2025-07-07,OUT_044,C_7502,Visit Pack,Fixed,Lapsed,N/A,1055,158.25,OLD_SYSTEM_REF
2025-07-07,OUT_048,C_9862,Visit Pack,Fixed,Repeat,N/A,1698,254.7,OLD_SYSTEM_REF
2025-07-07,OUT_049,C_4109,BOS,Flexible,Lapsed,dal makhani,1429,214.35,OLD_SYSTEM_REF
2025-07-07,OUT_051,C_3693,Visit Pack,Fixed,UM,N/A,1737,260.55,OLD_SYSTEM_REF
2025-07-07,OUT_058,C_9796,Visit Pack,Fixed,Repeat,N/A,1350,202.5,OLD_SYSTEM_REF
2025-07-07,OUT_061,C_8038,BOS,Flexible,UM,dosa,1589,238.35,OLD_SYSTEM_REF
2025-07-07,OUT_075,C_2234,PSP,Flexible,Lapsed,N/A,1425,213.75,OLD_SYSTEM_REF
2025-07-07,OUT_077,C_9093,BOS,Flexible,Repeat,dosa,1618,242.7,OLD_SYSTEM_REF
2025-07-07,OUT_079,C_9398,Visit Pack,Fixed,Lapsed,N/A,1242,186.29999999999998,OLD_SYSTEM_REF
2025-07-07,OUT_084,C_6124,BOS,Flexible,LM,dal makhani,764,114.6,OLD_SYSTEM_REF
2025-07-07,OUT_092,C_4654,Visit Pack,Fixed,LM,N/A,1077,161.54999999999998,OLD_SYSTEM_REF
2025-07-07,OUT_093,C_2519,BOS,Flexible,Repeat,manchurian,1882,282.3,OLD_SYSTEM_REF
2025-07-07,OUT_097,C_3856,BOS,Flexible,Lapsed,burger,914,137.1,OLD_SYSTEM_REF
2025-07-08,OUT_002,C_2407,PSP,Flexible,Lapsed,N/A,918,137.7,OLD_SYSTEM_REF
2025-07-08,OUT_003,C_9535,BOS,Flexible,UM,manchurian,1203,180.45,OLD_SYSTEM_REF
2025-07-08,OUT_008,C_7176,PSP,Flexible,MM,N/A,1979,296.84999999999997,OLD_SYSTEM_REF
2025-07-08,OUT_011,C_8515,PSP,Flexible,Lapsed,N/A,1226,183.9,OLD_SYSTEM_REF
2025-07-08,OUT_018,C_7315,BOS,Flexible,LM,pizza,1172,175.79999999999998,OLD_SYSTEM_REF
2025-07-08,OUT_020,C_5238,PSP,Flexible,Repeat,N/A,1286,192.9,OLD_SYSTEM_REF
2025-07-08,OUT_026,C_1112,Visit Pack,Fixed,LM,N/A,1931,289.65,OLD_SYSTEM_REF
2025-07-08,OUT_033,C_1765,Visit Pack,Fixed,UM,N/A,943,141.45,OLD_SYSTEM_REF
2025-07-08,OUT_039,C_2779,Visit Pack,Fixed,UM,N/A,1010,151.5,OLD_SYSTEM_REF
2025-07-08,OUT_040,C_3198,PSP,Flexible,UM,N/A,538,80.7,OLD_SYSTEM_REF
2025-07-08,OUT_043,C_5784,PSP,Flexible,UM,N/A,1375,206.25,OLD_SYSTEM_REF
2025-07-08,OUT_054,C_7019,PSP,Flexible,UM,N/A,1576,236.39999999999998,OLD_SYSTEM_REF
2025-07-08,OUT_061,C_9772,Visit Pack,Fixed,LM,N/A,621,93.14999999999999,OLD_SYSTEM_REF
2025-07-08,OUT_065,C_6027,PSP,Flexible,Lapsed,N/A,730,109.5,OLD_SYSTEM_REF
2025-07-08,OUT_066,C_3525,Visit Pack,Fixed,Repeat,N/A,1906,285.9,OLD_SYSTEM_REF
2025-07-08,OUT_067,C_7119,Visit Pack,Fixed,Lapsed,N/A,1700,255.0,OLD_SYSTEM_REF
2025-07-08,OUT_068,C_5874,Visit Pack,Fixed,UM,N/A,1276,191.4,OLD_SYSTEM_REF
2025-07-08,OUT_073,C_9349,PSP,Flexible,Lapsed,N/A,882,132.29999999999998,OLD_SYSTEM_REF
2025-07-08,OUT_076,C_7334,PSP,Flexible,Lapsed,N/A,1294,194.1,OLD_SYSTEM_REF
2025-07-08,OUT_089,C_1283,PSP,Flexible,UM,N/A,594,89.1,OLD_SYSTEM_REF
2025-07-08,OUT_093,C_5812,Visit Pack,Fixed,UM,N/A,961,144.15,OLD_SYSTEM_REF
2025-07-08,OUT_097,C_5428,BOS,Flexible,MM,burger,1399,209.85,OLD_SYSTEM_REF
2025-07-08,OUT_098,C_2789,Visit Pack,Fixed,Repeat,N/A,1177,176.54999999999998,OLD_SYSTEM_REF
2025-07-08,OUT_099,C_1690,Visit Pack,Fixed,Lapsed,N/A,1082,162.29999999999998,OLD_SYSTEM_REF
2025-07-09,OUT_002,C_3251,BOS,Flexible,LM,dal makhani,1564,234.6,OLD_SYSTEM_REF
2025-07-09,OUT_011,C_4923,BOS,Flexible,Repeat,burger,1116,167.4,OLD_SYSTEM_REF
2025-07-09,OUT_012,C_8486,Visit Pack,Fixed,MM,N/A,1898,284.7,OLD_SYSTEM_REF
2025-07-09,OUT_014,C_7392,Visit Pack,Fixed,UM,N/A,1340,201.0,OLD_SYSTEM_REF
2025-07-09,OUT_033,C_5065,PSP,Flexible,Repeat,N/A,629,94.35,OLD_SYSTEM_REF
2025-07-09,OUT_037,C_4854,PSP,Flexible,UM,N/A,1203,180.45,OLD_SYSTEM_REF
2025-07-09,OUT_042,C_2947,PSP,Flexible,LM,N/A,810,121.5,OLD_SYSTEM_REF
2025-07-09,OUT_044,C_1816,BOS,Flexible,Lapsed,dal makhani,724,108.6,OLD_SYSTEM_REF
2025-07-09,OUT_047,C_6438,PSP,Flexible,Repeat,N/A,1392,208.79999999999998,OLD_SYSTEM_REF
2025-07-09,OUT_049,C_6824,PSP,Flexible,UM,N/A,1252,187.79999999999998,OLD_SYSTEM_REF
2025-07-09,OUT_051,C_4310,PSP,Flexible,Lapsed,N/A,1181,177.15,OLD_SYSTEM_REF
2025-07-09,OUT_055,C_3963,PSP,Flexible,Lapsed,N/A,1991,298.65,OLD_SYSTEM_REF
2025-07-09,OUT_058,C_8767,PSP,Flexible,Repeat,N/A,1977,296.55,OLD_SYSTEM_REF
2025-07-09,OUT_066,C_9615,Visit Pack,Fixed,MM,N/A,909,136.35,OLD_SYSTEM_REF
2025-07-09,OUT_069,C_6943,PSP,Flexible,LM,N/A,903,135.45,OLD_SYSTEM_REF
2025-07-09,OUT_072,C_3906,PSP,Flexible,Lapsed,N/A,535,80.25,OLD_SYSTEM_REF
2025-07-09,OUT_079,C_3018,Visit Pack,Fixed,UM,N/A,1488,223.2,OLD_SYSTEM_REF
2025-07-09,OUT_083,C_5713,BOS,Flexible,Repeat,manchurian,1078,161.7,OLD_SYSTEM_REF
2025-07-09,OUT_084,C_4073,PSP,Flexible,LM,N/A,667,100.05,OLD_SYSTEM_REF
2025-07-09,OUT_092,C_1882,PSP,Flexible,LM,N/A,1546,231.89999999999998,OLD_SYSTEM_REF
2025-07-10,OUT_002,C_4161,Visit Pack,Fixed,UM,N/A,1250,187.5,OLD_SYSTEM_REF
2025-07-10,OUT_006,C_2219,Visit Pack,Fixed,UM,N/A,1820,273.0,OLD_SYSTEM_REF
2025-07-10,OUT_008,C_4553,Visit Pack,Fixed,Lapsed,N/A,928,139.2,OLD_SYSTEM_REF
2025-07-10,OUT_010,C_9980,BOS,Flexible,UM,pizza,1439,215.85,OLD_SYSTEM_REF
2025-07-10,OUT_029,C_2448,Visit Pack,Fixed,Repeat,N/A,570,85.5,OLD_SYSTEM_REF
2025-07-10,OUT_034,C_9034,Visit Pack,Fixed,MM,N/A,1575,236.25,OLD_SYSTEM_REF
2025-07-10,OUT_037,C_1892,PSP,Flexible,LM,N/A,1149,172.35,OLD_SYSTEM_REF
2025-07-10,OUT_051,C_9474,PSP,Flexible,UM,N/A,1781,267.15,OLD_SYSTEM_REF
2025-07-10,OUT_052,C_4803,PSP,Flexible,LM,N/A,1214,182.1,OLD_SYSTEM_REF
2025-07-10,OUT_055,C_1577,Visit Pack,Fixed,MM,N/A,1204,180.6,OLD_SYSTEM_REF
2025-07-10,OUT_056,C_1578,Visit Pack,Fixed,MM,N/A,735,110.25,OLD_SYSTEM_REF
2025-07-10,OUT_057,C_3223,BOS,Flexible,Repeat,dal makhani,736,110.39999999999999,OLD_SYSTEM_REF
2025-07-10,OUT_061,C_9047,Visit Pack,Fixed,MM,N/A,1872,280.8,OLD_SYSTEM_REF
2025-07-10,OUT_068,C_8642,BOS,Flexible,Repeat,manchurian,795,119.25,OLD_SYSTEM_REF
2025-07-10,OUT_070,C_7327,Visit Pack,Fixed,Repeat,N/A,1863,279.45,OLD_SYSTEM_REF
2025-07-10,OUT_071,C_4712,PSP,Flexible,Repeat,N/A,1065,159.75,OLD_SYSTEM_REF
2025-07-10,OUT_074,C_2471,PSP,Flexible,UM,N/A,1819,272.84999999999997,OLD_SYSTEM_REF
2025-07-10,OUT_075,C_1874,Visit Pack,Fixed,MM,N/A,1778,266.7,OLD_SYSTEM_REF
2025-07-10,OUT_079,C_8808,PSP,Flexible,LM,N/A,1323,198.45,OLD_SYSTEM_REF
2025-07-10,OUT_088,C_2149,PSP,Flexible,UM,N/A,784,117.6,OLD_SYSTEM_REF
2025-07-10,OUT_091,C_7718,PSP,Flexible,LM,N/A,720,108.0,OLD_SYSTEM_REF
2025-07-10,OUT_096,C_9956,PSP,Flexible,Lapsed,N/A,512,76.8,OLD_SYSTEM_REF
2025-07-10,OUT_099,C_1401,Visit Pack,Fixed,MM,N/A,1004,150.6,OLD_SYSTEM_REF
2025-07-11,OUT_001,C_3171,Visit Pack,Fixed,Repeat,N/A,1481,222.15,OLD_SYSTEM_REF
2025-07-11,OUT_013,C_9240,BOS,Flexible,LM,dal makhani,1993,298.95,OLD_SYSTEM_REF
2025-07-11,OUT_015,C_3874,PSP,Flexible,Repeat,N/A,1297,194.54999999999998,OLD_SYSTEM_REF
2025-07-11,OUT_019,C_5197,BOS,Flexible,UM,dal makhani,1186,177.9,OLD_SYSTEM_REF
2025-07-11,OUT_038,C_7288,Visit Pack,Fixed,MM,N/A,1011,151.65,OLD_SYSTEM_REF
2025-07-11,OUT_041,C_6055,BOS,Flexible,UM,manchurian,1776,266.4,OLD_SYSTEM_REF
2025-07-11,OUT_045,C_4919,PSP,Flexible,MM,N/A,1454,218.1,OLD_SYSTEM_REF
2025-07-11,OUT_046,C_9542,Visit Pack,Fixed,Repeat,N/A,1064,159.6,OLD_SYSTEM_REF
2025-07-11,OUT_047,C_3646,BOS,Flexible,LM,dal makhani,1336,200.4,OLD_SYSTEM_REF
2025-07-11,OUT_068,C_7100,Visit Pack,Fixed,MM,N/A,1857,278.55,OLD_SYSTEM_REF
2025-07-11,OUT_073,C_6822,BOS,Flexible,Lapsed,pizza,1247,187.04999999999998,OLD_SYSTEM_REF
2025-07-11,OUT_075,C_9630,PSP,Flexible,Repeat,N/A,1976,296.4,OLD_SYSTEM_REF
2025-07-11,OUT_079,C_4885,Visit Pack,Fixed,LM,N/A,1094,164.1,OLD_SYSTEM_REF
2025-07-11,OUT_080,C_6385,Visit Pack,Fixed,MM,N/A,1760,264.0,OLD_SYSTEM_REF
2025-07-11,OUT_081,C_5333,BOS,Flexible,Lapsed,pizza,546,81.89999999999999,OLD_SYSTEM_REF
2025-07-11,OUT_088,C_4515,Visit Pack,Fixed,MM,N/A,1867,280.05,OLD_SYSTEM_REF
2025-07-11,OUT_090,C_4080,PSP,Flexible,UM,N/A,1542,231.29999999999998,OLD_SYSTEM_REF
2025-07-12,OUT_007,C_7659,Visit Pack,Fixed,LM,N/A,1851,277.65,OLD_SYSTEM_REF
2025-07-12,OUT_013,C_2205,PSP,Flexible,Repeat,N/A,930,139.5,OLD_SYSTEM_REF
2025-07-12,OUT_021,C_7338,BOS,Flexible,LM,dosa,1659,248.85,OLD_SYSTEM_REF
2025-07-12,OUT_022,C_8113,Visit Pack,Fixed,UM,N/A,1681,252.14999999999998,OLD_SYSTEM_REF
2025-07-12,OUT_025,C_3623,PSP,Flexible,MM,N/A,626,93.89999999999999,OLD_SYSTEM_REF
2025-07-12,OUT_027,C_5653,BOS,Flexible,LM,manchurian,1128,169.2,OLD_SYSTEM_REF
2025-07-12,OUT_029,C_6199,PSP,Flexible,UM,N/A,1911,286.65,OLD_SYSTEM_REF
2025-07-12,OUT_033,C_1255,BOS,Flexible,LM,dosa,1154,173.1,OLD_SYSTEM_REF
2025-07-12,OUT_035,C_6327,BOS,Flexible,MM,manchurian,1780,267.0,OLD_SYSTEM_REF
2025-07-12,OUT_038,C_5476,BOS,Flexible,MM,burger,1675,251.25,OLD_SYSTEM_REF
2025-07-12,OUT_039,C_7518,PSP,Flexible,UM,N/A,1818,272.7,OLD_SYSTEM_REF
2025-07-12,OUT_050,C_1361,PSP,Flexible,Lapsed,N/A,1480,222.0,OLD_SYSTEM_REF
2025-07-12,OUT_057,C_2103,PSP,Flexible,Repeat,N/A,1121,168.15,OLD_SYSTEM_REF
2025-07-12,OUT_060,C_9617,BOS,Flexible,Repeat,dal makhani,779,116.85,OLD_SYSTEM_REF
2025-07-12,OUT_067,C_7023,BOS,Flexible,MM,dosa,942,141.29999999999998,OLD_SYSTEM_REF
2025-07-12,OUT_072,C_5725,PSP,Flexible,UM,N/A,1373,205.95,OLD_SYSTEM_REF
2025-07-12,OUT_078,C_2493,BOS,Flexible,UM,burger,1415,212.25,OLD_SYSTEM_REF
2025-07-12,OUT_084,C_1911,BOS,Flexible,Lapsed,dal makhani,1921,288.15,OLD_SYSTEM_REF
2025-07-12,OUT_086,C_7615,PSP,Flexible,Repeat,N/A,1384,207.6,OLD_SYSTEM_REF
2025-07-12,OUT_089,C_6184,PSP,Flexible,LM,N/A,1597,239.54999999999998,OLD_SYSTEM_REF
2025-07-12,OUT_090,C_2537,Visit Pack,Fixed,MM,N/A,1192,178.79999999999998,OLD_SYSTEM_REF
2025-07-12,OUT_093,C_4217,PSP,Flexible,Lapsed,N/A,1281,192.15,OLD_SYSTEM_REF
2025-07-12,OUT_098,C_6786,Visit Pack,Fixed,Repeat,N/A,692,103.8,OLD_SYSTEM_REF
2025-07-12,OUT_099,C_7921,Visit Pack,Fixed,Lapsed,N/A,1165,174.75,OLD_SYSTEM_REF
2025-07-13,OUT_003,C_2016,PSP,Flexible,MM,N/A,1426,213.9,OLD_SYSTEM_REF
2025-07-13,OUT_009,C_9802,Visit Pack,Fixed,UM,N/A,1016,152.4,OLD_SYSTEM_REF
2025-07-13,OUT_022,C_6848,BOS,Flexible,MM,pizza,1906,285.9,OLD_SYSTEM_REF
2025-07-13,OUT_024,C_6892,Visit Pack,Fixed,MM,N/A,940,141.0,OLD_SYSTEM_REF
2025-07-13,OUT_025,C_3120,PSP,Flexible,Repeat,N/A,870,130.5,OLD_SYSTEM_REF
2025-07-13,OUT_028,C_8585,PSP,Flexible,LM,N/A,1023,153.45,OLD_SYSTEM_REF
2025-07-13,OUT_035,C_6302,PSP,Flexible,MM,N/A,1075,161.25,OLD_SYSTEM_REF
2025-07-13,OUT_044,C_3273,PSP,Flexible,Lapsed,N/A,1646,246.89999999999998,OLD_SYSTEM_REF
2025-07-13,OUT_046,C_1845,PSP,Flexible,LM,N/A,1019,152.85,OLD_SYSTEM_REF
2025-07-13,OUT_051,C_2381,BOS,Flexible,Lapsed,manchurian,696,104.39999999999999,OLD_SYSTEM_REF
2025-07-13,OUT_059,C_8330,PSP,Flexible,MM,N/A,1887,283.05,OLD_SYSTEM_REF
2025-07-13,OUT_060,C_9694,BOS,Flexible,Lapsed,dal makhani,1537,230.54999999999998,OLD_SYSTEM_REF
2025-07-13,OUT_062,C_8253,Visit Pack,Fixed,Lapsed,N/A,990,148.5,OLD_SYSTEM_REF
2025-07-13,OUT_065,C_8214,BOS,Flexible,Repeat,burger,1513,226.95,OLD_SYSTEM_REF
2025-07-13,OUT_066,C_6177,Visit Pack,Fixed,MM,N/A,662,99.3,OLD_SYSTEM_REF
2025-07-13,OUT_069,C_5647,PSP,Flexible,MM,N/A,501,75.14999999999999,OLD_SYSTEM_REF
2025-07-13,OUT_070,C_4557,Visit Pack,Fixed,MM,N/A,1701,255.14999999999998,OLD_SYSTEM_REF
2025-07-13,OUT_071,C_7618,Visit Pack,Fixed,Repeat,N/A,1700,255.0,OLD_SYSTEM_REF
2025-07-13,OUT_074,C_4020,BOS,Flexible,LM,dosa,656,98.39999999999999,OLD_SYSTEM_REF
2025-07-13,OUT_081,C_2998,BOS,Flexible,Lapsed,pizza,1909,286.34999999999997,OLD_SYSTEM_REF
2025-07-13,OUT_082,C_4081,PSP,Flexible,UM,N/A,1119,167.85,OLD_SYSTEM_REF
2025-07-13,OUT_084,C_4559,BOS,Flexible,UM,dal makhani,1167,175.04999999999998,OLD_SYSTEM_REF
2025-07-13,OUT_088,C_3163,BOS,Flexible,Repeat,burger,1360,204.0,OLD_SYSTEM_REF
2025-07-14,OUT_004,C_3801,Visit Pack,Fixed,Lapsed,N/A,931,139.65,OLD_SYSTEM_REF
2025-07-14,OUT_007,C_1136,PSP,Flexible,LM,N/A,774,116.1,OLD_SYSTEM_REF
2025-07-14,OUT_010,C_8952,BOS,Flexible,LM,pizza,853,127.94999999999999,OLD_SYSTEM_REF
2025-07-14,OUT_011,C_9916,PSP,Flexible,Lapsed,N/A,852,127.8,OLD_SYSTEM_REF
2025-07-14,OUT_014,C_8134,PSP,Flexible,UM,N/A,1678,251.7,OLD_SYSTEM_REF
2025-07-14,OUT_017,C_8093,Visit Pack,Fixed,UM,N/A,1628,244.2,OLD_SYSTEM_REF
2025-07-14,OUT_019,C_5431,BOS,Flexible,UM,dal makhani,1025,153.75,OLD_SYSTEM_REF
2025-07-14,OUT_021,C_7708,BOS,Flexible,UM,dosa,857,128.54999999999998,OLD_SYSTEM_REF
2025-07-14,OUT_023,C_1376,Visit Pack,Fixed,Lapsed,N/A,1666,249.89999999999998,OLD_SYSTEM_REF
2025-07-14,OUT_029,C_5444,PSP,Flexible,Repeat,N/A,874,131.1,OLD_SYSTEM_REF
2025-07-14,OUT_030,C_3563,Visit Pack,Fixed,UM,N/A,1551,232.64999999999998,OLD_SYSTEM_REF
2025-07-14,OUT_032,C_2110,PSP,Flexible,UM,N/A,1452,217.79999999999998,OLD_SYSTEM_REF
2025-07-14,OUT_034,C_4512,PSP,Flexible,MM,N/A,638,95.7,OLD_SYSTEM_REF
2025-07-14,OUT_038,C_8136,PSP,Flexible,Lapsed,N/A,1279,191.85,OLD_SYSTEM_REF
2025-07-14,OUT_050,C_4418,PSP,Flexible,UM,N/A,1994,299.09999999999997,OLD_SYSTEM_REF
2025-07-14,OUT_055,C_7378,PSP,Flexible,MM,N/A,1291,193.65,OLD_SYSTEM_REF
2025-07-14,OUT_056,C_5614,PSP,Flexible,LM,N/A,916,137.4,OLD_SYSTEM_REF
2025-07-14,OUT_060,C_8813,PSP,Flexible,MM,N/A,628,94.2,OLD_SYSTEM_REF
2025-07-14,OUT_062,C_2212,BOS,Flexible,LM,dal makhani,932,139.79999999999998,OLD_SYSTEM_REF
2025-07-14,OUT_063,C_2626,Visit Pack,Fixed,LM,N/A,1304,195.6,OLD_SYSTEM_REF
2025-07-14,OUT_064,C_2271,BOS,Flexible,MM,manchurian,976,146.4,OLD_SYSTEM_REF
2025-07-14,OUT_070,C_4140,Visit Pack,Fixed,Lapsed,N/A,1241,186.15,OLD_SYSTEM_REF
2025-07-14,OUT_079,C_5871,BOS,Flexible,Lapsed,burger,1368,205.2,OLD_SYSTEM_REF
2025-07-14,OUT_080,C_6153,Visit Pack,Fixed,Repeat,N/A,969,145.35,OLD_SYSTEM_REF
2025-07-14,OUT_085,C_5590,Visit Pack,Fixed,Lapsed,N/A,824,123.6,OLD_SYSTEM_REF
2025-07-14,OUT_089,C_5359,Visit Pack,Fixed,MM,N/A,1969,295.34999999999997,OLD_SYSTEM_REF
2025-07-14,OUT_100,C_3284,Visit Pack,Fixed,UM,N/A,1657,248.54999999999998,OLD_SYSTEM_REF
2025-07-15,OUT_022,C_5560,BOS,Flexible,UM,pizza,1233,184.95,OLD_SYSTEM_REF
2025-07-15,OUT_025,C_7934,Visit Pack,Fixed,LM,N/A,1702,255.29999999999998,OLD_SYSTEM_REF
2025-07-15,OUT_027,C_5648,Visit Pack,Fixed,LM,N/A,551,82.64999999999999,OLD_SYSTEM_REF
2025-07-15,OUT_029,C_7538,PSP,Flexible,UM,N/A,1406,210.9,OLD_SYSTEM_REF
2025-07-15,OUT_030,C_9416,PSP,Flexible,MM,N/A,781,117.14999999999999,OLD_SYSTEM_REF
2025-07-15,OUT_038,C_2237,PSP,Flexible,LM,N/A,1400,210.0,OLD_SYSTEM_REF
2025-07-15,OUT_040,C_2402,BOS,Flexible,Lapsed,manchurian,1892,283.8,OLD_SYSTEM_REF
2025-07-15,OUT_046,C_8517,PSP,Flexible,Lapsed,N/A,755,113.25,OLD_SYSTEM_REF
2025-07-15,OUT_049,C_9158,Visit Pack,Fixed,LM,N/A,1981,297.15,OLD_SYSTEM_REF
2025-07-15,OUT_050,C_6437,BOS,Flexible,UM,pizza,1444,216.6,OLD_SYSTEM_REF
2025-07-15,OUT_056,C_5509,PSP,Flexible,UM,N/A,928,139.2,OLD_SYSTEM_REF
2025-07-15,OUT_057,C_5887,BOS,Flexible,MM,dal makhani,725,108.75,OLD_SYSTEM_REF
2025-07-15,OUT_059,C_6449,Visit Pack,Fixed,Lapsed,N/A,887,133.04999999999998,OLD_SYSTEM_REF
2025-07-15,OUT_063,C_2585,BOS,Flexible,LM,burger,817,122.55,OLD_SYSTEM_REF
2025-07-15,OUT_070,C_2148,PSP,Flexible,Lapsed,N/A,1748,262.2,OLD_SYSTEM_REF
2025-07-15,OUT_072,C_6538,PSP,Flexible,LM,N/A,1552,232.79999999999998,OLD_SYSTEM_REF
2025-07-15,OUT_076,C_2788,Visit Pack,Fixed,Repeat,N/A,778,116.69999999999999,OLD_SYSTEM_REF
2025-07-15,OUT_081,C_4294,PSP,Flexible,Lapsed,N/A,1945,291.75,OLD_SYSTEM_REF
2025-07-15,OUT_082,C_5701,Visit Pack,Fixed,LM,N/A,533,79.95,OLD_SYSTEM_REF
2025-07-15,OUT_087,C_7855,Visit Pack,Fixed,LM,N/A,856,128.4,OLD_SYSTEM_REF
2025-07-15,OUT_088,C_2976,BOS,Flexible,UM,burger,1479,221.85,OLD_SYSTEM_REF
2025-07-15,OUT_089,C_7691,PSP,Flexible,Lapsed,N/A,1911,286.65,OLD_SYSTEM_REF
2025-07-15,OUT_091,C_2936,Visit Pack,Fixed,Repeat,N/A,1094,164.1,OLD_SYSTEM_REF
2025-07-15,OUT_093,C_7142,Visit Pack,Fixed,MM,N/A,966,144.9,OLD_SYSTEM_REF
2025-07-15,OUT_097,C_6939,Visit Pack,Fixed,LM,N/A,1123,168.45,OLD_SYSTEM_REF
2025-07-16,OUT_002,C_3487,Visit Pack,Fixed,UM,N/A,721,108.14999999999999,OLD_SYSTEM_REF
2025-07-16,OUT_008,C_5180,Visit Pack,Fixed,Repeat,N/A,668,100.2,OLD_SYSTEM_REF
2025-07-16,OUT_012,C_7179,Visit Pack,Fixed,MM,N/A,1871,280.65,OLD_SYSTEM_REF
2025-07-16,OUT_013,C_5521,Visit Pack,Fixed,LM,N/A,1153,172.95,OLD_SYSTEM_REF
2025-07-16,OUT_014,C_1036,PSP,Flexible,UM,N/A,1750,262.5,OLD_SYSTEM_REF
2025-07-16,OUT_019,C_5509,BOS,Flexible,Lapsed,dal makhani,1043,156.45,OLD_SYSTEM_REF
2025-07-16,OUT_026,C_9449,PSP,Flexible,UM,N/A,505,75.75,OLD_SYSTEM_REF
2025-07-16,OUT_029,C_4458,Visit Pack,Fixed,MM,N/A,614,92.1,OLD_SYSTEM_REF
2025-07-16,OUT_040,C_5274,PSP,Flexible,Lapsed,N/A,1708,256.2,OLD_SYSTEM_REF
2025-07-16,OUT_047,C_6576,Visit Pack,Fixed,Lapsed,N/A,660,99.0,OLD_SYSTEM_REF
2025-07-16,OUT_049,C_1074,PSP,Flexible,Repeat,N/A,597,89.55,OLD_SYSTEM_REF
2025-07-16,OUT_051,C_2013,BOS,Flexible,Repeat,manchurian,1904,285.59999999999997,OLD_SYSTEM_REF
2025-07-16,OUT_061,C_7625,Visit Pack,Fixed,MM,N/A,660,99.0,OLD_SYSTEM_REF
2025-07-16,OUT_068,C_3975,Visit Pack,Fixed,UM,N/A,744,111.6,OLD_SYSTEM_REF
2025-07-16,OUT_081,C_9375,BOS,Flexible,UM,pizza,1818,272.7,OLD_SYSTEM_REF
2025-07-16,OUT_087,C_3877,Visit Pack,Fixed,Lapsed,N/A,659,98.85,OLD_SYSTEM_REF
2025-07-16,OUT_100,C_5652,BOS,Flexible,MM,dosa,1971,295.65,OLD_SYSTEM_REF
2025-07-17,OUT_003,C_9471,BOS,Flexible,LM,manchurian,1114,167.1,OLD_SYSTEM_REF
2025-07-17,OUT_011,C_3375,BOS,Flexible,Repeat,burger,712,106.8,OLD_SYSTEM_REF
2025-07-17,OUT_012,C_3418,BOS,Flexible,MM,dal makhani,1617,242.54999999999998,OLD_SYSTEM_REF
2025-07-17,OUT_034,C_6088,BOS,Flexible,Lapsed,dosa,1059,158.85,OLD_SYSTEM_REF
2025-07-17,OUT_035,C_3893,BOS,Flexible,Lapsed,manchurian,1224,183.6,OLD_SYSTEM_REF
2025-07-17,OUT_043,C_6695,BOS,Flexible,Lapsed,manchurian,1024,153.6,OLD_SYSTEM_REF
2025-07-17,OUT_044,C_2993,BOS,Flexible,Lapsed,dal makhani,1407,211.04999999999998,OLD_SYSTEM_REF
2025-07-17,OUT_053,C_5642,BOS,Flexible,LM,manchurian,1327,199.04999999999998,OLD_SYSTEM_REF
2025-07-17,OUT_054,C_5190,Visit Pack,Fixed,Repeat,N/A,1457,218.54999999999998,OLD_SYSTEM_REF
2025-07-17,OUT_056,C_4261,Visit Pack,Fixed,UM,N/A,1511,226.65,OLD_SYSTEM_REF
2025-07-17,OUT_059,C_3345,BOS,Flexible,LM,manchurian,1460,219.0,OLD_SYSTEM_REF
2025-07-17,OUT_066,C_2921,PSP,Flexible,Lapsed,N/A,1343,201.45,OLD_SYSTEM_REF
2025-07-17,OUT_076,C_8821,BOS,Flexible,LM,dosa,1986,297.9,OLD_SYSTEM_REF
2025-07-17,OUT_089,C_1691,PSP,Flexible,MM,N/A,1774,266.09999999999997,OLD_SYSTEM_REF
2025-07-17,OUT_090,C_3017,PSP,Flexible,MM,N/A,1904,285.59999999999997,OLD_SYSTEM_REF
2025-07-17,OUT_094,C_1121,Visit Pack,Fixed,MM,N/A,1947,292.05,OLD_SYSTEM_REF
2025-07-18,OUT_005,C_8086,BOS,Flexible,MM,dosa,1020,153.0,OLD_SYSTEM_REF
2025-07-18,OUT_022,C_3553,Visit Pack,Fixed,Lapsed,N/A,1164,174.6,OLD_SYSTEM_REF
2025-07-18,OUT_025,C_5644,BOS,Flexible,LM,burger,1526,228.9,OLD_SYSTEM_REF
2025-07-18,OUT_030,C_6265,Visit Pack,Fixed,LM,N/A,1785,267.75,OLD_SYSTEM_REF
2025-07-18,OUT_038,C_7588,BOS,Flexible,Repeat,burger,1670,250.5,OLD_SYSTEM_REF
2025-07-18,OUT_048,C_8216,Visit Pack,Fixed,UM,N/A,829,124.35,OLD_SYSTEM_REF
2025-07-18,OUT_056,C_2956,PSP,Flexible,Repeat,N/A,1271,190.65,OLD_SYSTEM_REF
2025-07-18,OUT_058,C_7932,PSP,Flexible,Repeat,N/A,752,112.8,OLD_SYSTEM_REF
2025-07-18,OUT_064,C_1267,BOS,Flexible,MM,manchurian,1031,154.65,OLD_SYSTEM_REF
2025-07-18,OUT_070,C_9378,BOS,Flexible,Repeat,dosa,1410,211.5,OLD_SYSTEM_REF
2025-07-18,OUT_076,C_2093,Visit Pack,Fixed,Lapsed,N/A,1792,268.8,OLD_SYSTEM_REF
2025-07-18,OUT_080,C_9425,BOS,Flexible,Repeat,manchurian,874,131.1,OLD_SYSTEM_REF
2025-07-18,OUT_082,C_8571,Visit Pack,Fixed,LM,N/A,1674,251.1,OLD_SYSTEM_REF
2025-07-18,OUT_084,C_5818,Visit Pack,Fixed,UM,N/A,512,76.8,OLD_SYSTEM_REF
2025-07-18,OUT_085,C_3827,PSP,Flexible,Lapsed,N/A,590,88.5,OLD_SYSTEM_REF
2025-07-18,OUT_095,C_8810,Visit Pack,Fixed,UM,N/A,913,136.95,OLD_SYSTEM_REF
2025-07-18,OUT_099,C_8745,BOS,Flexible,UM,manchurian,1476,221.4,OLD_SYSTEM_REF
2025-07-19,OUT_005,C_6478,PSP,Flexible,MM,N/A,758,113.7,OLD_SYSTEM_REF
2025-07-19,OUT_008,C_8196,Visit Pack,Fixed,Lapsed,N/A,860,129.0,OLD_SYSTEM_REF
2025-07-19,OUT_011,C_2045,PSP,Flexible,UM,N/A,680,102.0,OLD_SYSTEM_REF
2025-07-19,OUT_013,C_4741,BOS,Flexible,Lapsed,dal makhani,785,117.75,OLD_SYSTEM_REF
2025-07-19,OUT_015,C_6296,PSP,Flexible,UM,N/A,1989,298.34999999999997,OLD_SYSTEM_REF
2025-07-19,OUT_017,C_5307,Visit Pack,Fixed,LM,N/A,820,123.0,OLD_SYSTEM_REF
2025-07-19,OUT_019,C_7924,BOS,Flexible,UM,dal makhani,1159,173.85,OLD_SYSTEM_REF
2025-07-19,OUT_029,C_2008,BOS,Flexible,Repeat,dosa,1931,289.65,OLD_SYSTEM_REF
2025-07-19,OUT_034,C_5747,PSP,Flexible,UM,N/A,742,111.3,OLD_SYSTEM_REF
2025-07-19,OUT_036,C_3916,Visit Pack,Fixed,Lapsed,N/A,866,129.9,OLD_SYSTEM_REF
2025-07-19,OUT_038,C_2593,BOS,Flexible,LM,burger,744,111.6,OLD_SYSTEM_REF
2025-07-19,OUT_040,C_1332,BOS,Flexible,LM,manchurian,761,114.14999999999999,OLD_SYSTEM_REF
2025-07-19,OUT_045,C_2658,Visit Pack,Fixed,Repeat,N/A,1706,255.89999999999998,OLD_SYSTEM_REF
2025-07-19,OUT_046,C_5764,Visit Pack,Fixed,Repeat,N/A,1606,240.89999999999998,OLD_SYSTEM_REF
2025-07-19,OUT_047,C_6870,BOS,Flexible,MM,dal makhani,1341,201.15,OLD_SYSTEM_REF
2025-07-19,OUT_048,C_2314,BOS,Flexible,UM,burger,1506,225.9,OLD_SYSTEM_REF
2025-07-19,OUT_054,C_9997,BOS,Flexible,Lapsed,pizza,1890,283.5,OLD_SYSTEM_REF
2025-07-19,OUT_055,C_7060,PSP,Flexible,Lapsed,N/A,1775,266.25,OLD_SYSTEM_REF
2025-07-19,OUT_067,C_5397,PSP,Flexible,LM,N/A,1855,278.25,OLD_SYSTEM_REF
2025-07-19,OUT_080,C_4999,BOS,Flexible,Lapsed,manchurian,1035,155.25,OLD_SYSTEM_REF
2025-07-19,OUT_088,C_6061,BOS,Flexible,LM,burger,996,149.4,OLD_SYSTEM_REF
2025-07-19,OUT_095,C_1956,Visit Pack,Fixed,Repeat,N/A,826,123.89999999999999,OLD_SYSTEM_REF
2025-07-20,OUT_003,C_3449,BOS,Flexible,Lapsed,manchurian,1257,188.54999999999998,OLD_SYSTEM_REF
2025-07-20,OUT_011,C_9959,Visit Pack,Fixed,Lapsed,N/A,812,121.8,OLD_SYSTEM_REF
2025-07-20,OUT_016,C_1720,Visit Pack,Fixed,LM,N/A,1797,269.55,OLD_SYSTEM_REF
2025-07-20,OUT_029,C_2053,BOS,Flexible,Lapsed,dosa,1761,264.15,OLD_SYSTEM_REF
2025-07-20,OUT_033,C_5465,BOS,Flexible,LM,dosa,1050,157.5,OLD_SYSTEM_REF
2025-07-20,OUT_036,C_9607,PSP,Flexible,MM,N/A,935,140.25,OLD_SYSTEM_REF
2025-07-20,OUT_037,C_6844,PSP,Flexible,UM,N/A,1697,254.54999999999998,OLD_SYSTEM_REF
2025-07-20,OUT_043,C_9882,BOS,Flexible,Lapsed,manchurian,1387,208.04999999999998,OLD_SYSTEM_REF
2025-07-20,OUT_052,C_7040,BOS,Flexible,LM,pizza,831,124.64999999999999,OLD_SYSTEM_REF
2025-07-20,OUT_057,C_4795,PSP,Flexible,LM,N/A,935,140.25,OLD_SYSTEM_REF
2025-07-20,OUT_063,C_2181,PSP,Flexible,Lapsed,N/A,1450,217.5,OLD_SYSTEM_REF
2025-07-20,OUT_066,C_8727,PSP,Flexible,Repeat,N/A,1768,265.2,OLD_SYSTEM_REF
2025-07-20,OUT_068,C_6226,Visit Pack,Fixed,MM,N/A,1310,196.5,OLD_SYSTEM_REF
2025-07-20,OUT_076,C_2114,PSP,Flexible,LM,N/A,1132,169.79999999999998,OLD_SYSTEM_REF
2025-07-20,OUT_078,C_9108,Visit Pack,Fixed,LM,N/A,1905,285.75,OLD_SYSTEM_REF
2025-07-20,OUT_082,C_8505,BOS,Flexible,Lapsed,dosa,1425,213.75,OLD_SYSTEM_REF
2025-07-20,OUT_087,C_3366,BOS,Flexible,UM,manchurian,1558,233.7,OLD_SYSTEM_REF
2025-07-20,OUT_090,C_1526,PSP,Flexible,LM,N/A,1313,196.95,OLD_SYSTEM_REF
2025-07-20,OUT_099,C_7038,Visit Pack,Fixed,MM,N/A,1713,256.95,OLD_SYSTEM_REF
2025-07-21,OUT_006,C_5443,PSP,Flexible,Lapsed,N/A,811,121.64999999999999,OLD_SYSTEM_REF
2025-07-21,OUT_008,C_1124,PSP,Flexible,MM,N/A,623,93.45,OLD_SYSTEM_REF
2025-07-21,OUT_015,C_2913,PSP,Flexible,MM,N/A,878,131.7,OLD_SYSTEM_REF
2025-07-21,OUT_016,C_8141,BOS,Flexible,MM,dosa,1273,190.95,OLD_SYSTEM_REF
2025-07-21,OUT_044,C_4759,Visit Pack,Fixed,MM,N/A,1525,228.75,OLD_SYSTEM_REF
2025-07-21,OUT_048,C_6330,BOS,Flexible,MM,burger,872,130.79999999999998,OLD_SYSTEM_REF
2025-07-21,OUT_073,C_4587,Visit Pack,Fixed,Repeat,N/A,1506,225.9,OLD_SYSTEM_REF
2025-07-21,OUT_079,C_1640,BOS,Flexible,Repeat,burger,1900,285.0,OLD_SYSTEM_REF
2025-07-21,OUT_082,C_9202,BOS,Flexible,UM,dosa,1539,230.85,OLD_SYSTEM_REF
2025-07-21,OUT_087,C_2585,Visit Pack,Fixed,Repeat,N/A,1880,282.0,OLD_SYSTEM_REF
2025-07-21,OUT_088,C_9225,BOS,Flexible,UM,burger,569,85.35,OLD_SYSTEM_REF
2025-07-21,OUT_090,C_2016,Visit Pack,Fixed,Repeat,N/A,1282,192.29999999999998,OLD_SYSTEM_REF
2025-07-21,OUT_092,C_8285,BOS,Flexible,Repeat,pizza,734,110.1,OLD_SYSTEM_REF
2025-07-21,OUT_093,C_7941,PSP,Flexible,Repeat,N/A,1277,191.54999999999998,OLD_SYSTEM_REF
2025-07-22,OUT_001,C_6320,BOS,Flexible,UM,dal makhani,1474,221.1,OLD_SYSTEM_REF
2025-07-22,OUT_002,C_6285,PSP,Flexible,LM,N/A,1692,253.79999999999998,OLD_SYSTEM_REF
2025-07-22,OUT_010,C_3342,Visit Pack,Fixed,Repeat,N/A,1445,216.75,OLD_SYSTEM_REF
2025-07-22,OUT_011,C_6245,BOS,Flexible,MM,burger,1223,183.45,OLD_SYSTEM_REF
2025-07-22,OUT_029,C_3196,Visit Pack,Fixed,LM,N/A,1044,156.6,OLD_SYSTEM_REF
2025-07-22,OUT_035,C_1581,Visit Pack,Fixed,LM,N/A,1096,164.4,OLD_SYSTEM_REF
2025-07-22,OUT_043,C_5026,PSP,Flexible,Lapsed,N/A,876,131.4,OLD_SYSTEM_REF
2025-07-22,OUT_048,C_9186,BOS,Flexible,Repeat,burger,1403,210.45,OLD_SYSTEM_REF
2025-07-22,OUT_049,C_1054,PSP,Flexible,LM,N/A,1007,151.04999999999998,OLD_SYSTEM_REF
2025-07-22,OUT_052,C_1572,Visit Pack,Fixed,Repeat,N/A,1606,240.89999999999998,OLD_SYSTEM_REF
2025-07-22,OUT_060,C_4321,BOS,Flexible,MM,dal makhani,1277,191.54999999999998,OLD_SYSTEM_REF
2025-07-22,OUT_068,C_2175,Visit Pack,Fixed,Lapsed,N/A,796,119.39999999999999,OLD_SYSTEM_REF
2025-07-22,OUT_071,C_8600,Visit Pack,Fixed,LM,N/A,1013,151.95,OLD_SYSTEM_REF
2025-07-22,OUT_075,C_5667,Visit Pack,Fixed,MM,N/A,1451,217.65,OLD_SYSTEM_REF
2025-07-22,OUT_084,C_6371,Visit Pack,Fixed,MM,N/A,761,114.14999999999999,OLD_SYSTEM_REF
2025-07-22,OUT_085,C_4934,Visit Pack,Fixed,MM,N/A,1801,270.15,OLD_SYSTEM_REF
2025-07-22,OUT_088,C_1637,PSP,Flexible,MM,N/A,1447,217.04999999999998,OLD_SYSTEM_REF
2025-07-23,OUT_005,C_6046,BOS,Flexible,LM,dosa,1754,263.09999999999997,OLD_SYSTEM_REF
2025-07-23,OUT_006,C_3070,PSP,Flexible,LM,N/A,917,137.54999999999998,OLD_SYSTEM_REF
2025-07-23,OUT_009,C_7312,PSP,Flexible,LM,N/A,1091,163.65,OLD_SYSTEM_REF
2025-07-23,OUT_012,C_1382,Visit Pack,Fixed,Lapsed,N/A,1573,235.95,OLD_SYSTEM_REF
2025-07-23,OUT_017,C_7135,Visit Pack,Fixed,LM,N/A,1239,185.85,OLD_SYSTEM_REF
2025-07-23,OUT_022,C_2164,PSP,Flexible,LM,N/A,515,77.25,OLD_SYSTEM_REF
2025-07-23,OUT_023,C_7423,Visit Pack,Fixed,MM,N/A,1171,175.65,OLD_SYSTEM_REF
2025-07-23,OUT_024,C_9649,PSP,Flexible,Repeat,N/A,1294,194.1,OLD_SYSTEM_REF
2025-07-23,OUT_031,C_4723,BOS,Flexible,UM,manchurian,1089,163.35,OLD_SYSTEM_REF
2025-07-23,OUT_032,C_4999,BOS,Flexible,Repeat,manchurian,709,106.35,OLD_SYSTEM_REF
2025-07-23,OUT_033,C_7888,Visit Pack,Fixed,Repeat,N/A,1944,291.59999999999997,OLD_SYSTEM_REF
2025-07-23,OUT_038,C_7069,Visit Pack,Fixed,MM,N/A,583,87.45,OLD_SYSTEM_REF
2025-07-23,OUT_040,C_2254,Visit Pack,Fixed,UM,N/A,871,130.65,OLD_SYSTEM_REF
2025-07-23,OUT_042,C_9999,BOS,Flexible,MM,pizza,850,127.5,OLD_SYSTEM_REF
2025-07-23,OUT_044,C_4494,PSP,Flexible,MM,N/A,1943,291.45,OLD_SYSTEM_REF
2025-07-23,OUT_048,C_2350,BOS,Flexible,Lapsed,burger,1117,167.54999999999998,OLD_SYSTEM_REF
2025-07-23,OUT_053,C_3510,BOS,Flexible,Lapsed,manchurian,647,97.05,OLD_SYSTEM_REF
2025-07-23,OUT_058,C_5357,Visit Pack,Fixed,MM,N/A,1759,263.84999999999997,OLD_SYSTEM_REF
2025-07-23,OUT_077,C_9109,PSP,Flexible,Lapsed,N/A,1684,252.6,OLD_SYSTEM_REF
2025-07-23,OUT_078,C_5648,PSP,Flexible,Repeat,N/A,1932,289.8,OLD_SYSTEM_REF
2025-07-23,OUT_080,C_6642,Visit Pack,Fixed,Lapsed,N/A,1497,224.54999999999998,OLD_SYSTEM_REF
2025-07-23,OUT_096,C_5319,Visit Pack,Fixed,Lapsed,N/A,1746,261.9,OLD_SYSTEM_REF
2025-07-23,OUT_098,C_8596,PSP,Flexible,Repeat,N/A,993,148.95,OLD_SYSTEM_REF
2025-07-24,OUT_006,C_7416,BOS,Flexible,LM,dosa,1489,223.35,OLD_SYSTEM_REF
2025-07-24,OUT_011,C_5038,Visit Pack,Fixed,LM,N/A,896,134.4,OLD_SYSTEM_REF
2025-07-24,OUT_021,C_4113,PSP,Flexible,MM,N/A,573,85.95,OLD_SYSTEM_REF
2025-07-24,OUT_024,C_2152,BOS,Flexible,UM,dosa,1633,244.95,OLD_SYSTEM_REF
2025-07-24,OUT_030,C_5773,BOS,Flexible,LM,burger,1542,231.29999999999998,OLD_SYSTEM_REF
2025-07-24,OUT_040,C_1708,PSP,Flexible,Repeat,N/A,1800,270.0,OLD_SYSTEM_REF
2025-07-24,OUT_041,C_1232,PSP,Flexible,MM,N/A,1922,288.3,OLD_SYSTEM_REF
2025-07-24,OUT_042,C_6560,Visit Pack,Fixed,Lapsed,N/A,1193,178.95,OLD_SYSTEM_REF
2025-07-24,OUT_048,C_6934,BOS,Flexible,UM,burger,1870,280.5,OLD_SYSTEM_REF
2025-07-24,OUT_052,C_5445,BOS,Flexible,Lapsed,pizza,687,103.05,OLD_SYSTEM_REF
2025-07-24,OUT_059,C_9122,Visit Pack,Fixed,LM,N/A,938,140.7,OLD_SYSTEM_REF
2025-07-24,OUT_064,C_4499,BOS,Flexible,Repeat,manchurian,1290,193.5,OLD_SYSTEM_REF
2025-07-24,OUT_078,C_5505,PSP,Flexible,Repeat,N/A,926,138.9,OLD_SYSTEM_REF
2025-07-24,OUT_083,C_8479,BOS,Flexible,UM,manchurian,1442,216.29999999999998,OLD_SYSTEM_REF
2025-07-24,OUT_086,C_4268,BOS,Flexible,MM,dal makhani,772,115.8,OLD_SYSTEM_REF
2025-07-24,OUT_087,C_4724,PSP,Flexible,UM,N/A,1755,263.25,OLD_SYSTEM_REF
2025-07-24,OUT_090,C_8976,BOS,Flexible,LM,dal makhani,1801,270.15,OLD_SYSTEM_REF
2025-07-24,OUT_100,C_1796,BOS,Flexible,UM,dosa,925,138.75,OLD_SYSTEM_REF
2025-07-25,OUT_008,C_9522,PSP,Flexible,LM,N/A,1546,231.89999999999998,OLD_SYSTEM_REF
2025-07-25,OUT_016,C_2436,BOS,Flexible,UM,dosa,1938,290.7,OLD_SYSTEM_REF
2025-07-25,OUT_023,C_9941,BOS,Flexible,UM,burger,1026,153.9,OLD_SYSTEM_REF
2025-07-25,OUT_028,C_9242,Visit Pack,Fixed,MM,N/A,636,95.39999999999999,OLD_SYSTEM_REF
2025-07-25,OUT_040,C_4586,PSP,Flexible,LM,N/A,620,93.0,OLD_SYSTEM_REF
2025-07-25,OUT_060,C_8459,PSP,Flexible,Lapsed,N/A,1000,150.0,OLD_SYSTEM_REF
2025-07-25,OUT_062,C_9846,BOS,Flexible,UM,dal makhani,1829,274.34999999999997,OLD_SYSTEM_REF
2025-07-25,OUT_064,C_7946,Visit Pack,Fixed,Repeat,N/A,937,140.54999999999998,OLD_SYSTEM_REF
2025-07-25,OUT_071,C_8191,Visit Pack,Fixed,MM,N/A,1861,279.15,OLD_SYSTEM_REF
2025-07-25,OUT_076,C_2687,BOS,Flexible,LM,dosa,1486,222.9,OLD_SYSTEM_REF
2025-07-25,OUT_084,C_1535,PSP,Flexible,Repeat,N/A,574,86.1,OLD_SYSTEM_REF
2025-07-25,OUT_095,C_8967,Visit Pack,Fixed,Lapsed,N/A,818,122.69999999999999,OLD_SYSTEM_REF
2025-07-25,OUT_100,C_7651,BOS,Flexible,Repeat,dosa,1031,154.65,OLD_SYSTEM_REF
2025-07-26,OUT_007,C_4189,BOS,Flexible,Repeat,dal makhani,1631,244.64999999999998,OLD_SYSTEM_REF
2025-07-26,OUT_009,C_9092,BOS,Flexible,Lapsed,dal makhani,1664,249.6,OLD_SYSTEM_REF
2025-07-26,OUT_011,C_8977,BOS,Flexible,Lapsed,burger,1018,152.7,OLD_SYSTEM_REF
2025-07-26,OUT_023,C_7616,Visit Pack,Fixed,MM,N/A,1664,249.6,OLD_SYSTEM_REF
2025-07-26,OUT_026,C_6477,BOS,Flexible,MM,pizza,1456,218.4,OLD_SYSTEM_REF
2025-07-26,OUT_035,C_3917,BOS,Flexible,MM,manchurian,959,143.85,OLD_SYSTEM_REF
2025-07-26,OUT_048,C_6426,PSP,Flexible,LM,N/A,1888,283.2,OLD_SYSTEM_REF
2025-07-26,OUT_050,C_3090,Visit Pack,Fixed,Lapsed,N/A,1387,208.04999999999998,OLD_SYSTEM_REF
2025-07-26,OUT_064,C_5029,Visit Pack,Fixed,Repeat,N/A,1660,249.0,OLD_SYSTEM_REF
2025-07-26,OUT_066,C_3570,PSP,Flexible,Lapsed,N/A,1694,254.1,OLD_SYSTEM_REF
2025-07-26,OUT_069,C_7603,BOS,Flexible,Lapsed,manchurian,1874,281.09999999999997,OLD_SYSTEM_REF
2025-07-26,OUT_078,C_1195,Visit Pack,Fixed,Repeat,N/A,1846,276.9,OLD_SYSTEM_REF
2025-07-26,OUT_079,C_9904,PSP,Flexible,UM,N/A,1516,227.4,OLD_SYSTEM_REF
2025-07-26,OUT_081,C_3459,Visit Pack,Fixed,LM,N/A,1099,164.85,OLD_SYSTEM_REF
2025-07-26,OUT_083,C_2377,Visit Pack,Fixed,MM,N/A,1025,153.75,OLD_SYSTEM_REF
2025-07-26,OUT_086,C_1276,BOS,Flexible,UM,dal makhani,730,109.5,OLD_SYSTEM_REF
2025-07-26,OUT_092,C_6932,Visit Pack,Fixed,LM,N/A,841,126.14999999999999,OLD_SYSTEM_REF
2025-07-26,OUT_096,C_1621,Visit Pack,Fixed,Lapsed,N/A,1627,244.04999999999998,OLD_SYSTEM_REF
2025-07-26,OUT_097,C_5911,Visit Pack,Fixed,LM,N/A,840,126.0,OLD_SYSTEM_REF
2025-07-26,OUT_100,C_7283,Visit Pack,Fixed,UM,N/A,1315,197.25,OLD_SYSTEM_REF
2025-07-27,OUT_001,C_6206,PSP,Flexible,Repeat,N/A,1263,189.45,OLD_SYSTEM_REF
2025-07-27,OUT_002,C_4086,Visit Pack,Fixed,Repeat,N/A,1427,214.04999999999998,OLD_SYSTEM_REF
2025-07-27,OUT_007,C_3029,Visit Pack,Fixed,Lapsed,N/A,1008,151.2,OLD_SYSTEM_REF
2025-07-27,OUT_008,C_5710,Visit Pack,Fixed,UM,N/A,813,121.94999999999999,OLD_SYSTEM_REF
2025-07-27,OUT_011,C_7106,BOS,Flexible,UM,burger,1629,244.35,OLD_SYSTEM_REF
2025-07-27,OUT_012,C_5009,Visit Pack,Fixed,MM,N/A,1953,292.95,OLD_SYSTEM_REF
2025-07-27,OUT_013,C_3589,BOS,Flexible,UM,dal makhani,1669,250.35,OLD_SYSTEM_REF
2025-07-27,OUT_023,C_6192,Visit Pack,Fixed,UM,N/A,1688,253.2,OLD_SYSTEM_REF
2025-07-27,OUT_024,C_5403,Visit Pack,Fixed,Lapsed,N/A,1100,165.0,OLD_SYSTEM_REF
2025-07-27,OUT_025,C_1858,Visit Pack,Fixed,UM,N/A,1027,154.04999999999998,OLD_SYSTEM_REF
2025-07-27,OUT_031,C_8854,BOS,Flexible,Lapsed,manchurian,1900,285.0,OLD_SYSTEM_REF
2025-07-27,OUT_038,C_5043,PSP,Flexible,LM,N/A,591,88.64999999999999,OLD_SYSTEM_REF
2025-07-27,OUT_056,C_4424,PSP,Flexible,UM,N/A,1658,248.7,OLD_SYSTEM_REF
2025-07-27,OUT_060,C_2797,PSP,Flexible,UM,N/A,1583,237.45,OLD_SYSTEM_REF
2025-07-27,OUT_066,C_7658,Visit Pack,Fixed,LM,N/A,1904,285.59999999999997,OLD_SYSTEM_REF
2025-07-27,OUT_069,C_1486,BOS,Flexible,UM,manchurian,1069,160.35,OLD_SYSTEM_REF
2025-07-27,OUT_071,C_9106,Visit Pack,Fixed,MM,N/A,676,101.39999999999999,OLD_SYSTEM_REF
2025-07-27,OUT_078,C_3068,BOS,Flexible,UM,burger,1419,212.85,OLD_SYSTEM_REF
2025-07-27,OUT_085,C_8285,PSP,Flexible,UM,N/A,1399,209.85,OLD_SYSTEM_REF
2025-07-27,OUT_087,C_6090,BOS,Flexible,LM,manchurian,1295,194.25,OLD_SYSTEM_REF
2025-07-27,OUT_089,C_6704,Visit Pack,Fixed,Lapsed,N/A,1415,212.25,OLD_SYSTEM_REF
2025-07-27,OUT_094,C_8448,BOS,Flexible,UM,dosa,1062,159.29999999999998,OLD_SYSTEM_REF
2025-07-27,OUT_096,C_7968,PSP,Flexible,Lapsed,N/A,1656,248.39999999999998,OLD_SYSTEM_REF
2025-07-28,OUT_006,C_3309,BOS,Flexible,Lapsed,dosa,1417,212.54999999999998,OLD_SYSTEM_REF
2025-07-28,OUT_010,C_8021,Visit Pack,Fixed,Repeat,N/A,629,94.35,OLD_SYSTEM_REF
2025-07-28,OUT_015,C_3129,PSP,Flexible,MM,N/A,584,87.6,OLD_SYSTEM_REF
2025-07-28,OUT_020,C_5758,Visit Pack,Fixed,LM,N/A,1071,160.65,OLD_SYSTEM_REF
2025-07-28,OUT_028,C_8119,BOS,Flexible,LM,dal makhani,879,131.85,OLD_SYSTEM_REF
2025-07-28,OUT_031,C_3385,PSP,Flexible,Lapsed,N/A,1281,192.15,OLD_SYSTEM_REF
2025-07-28,OUT_032,C_9408,PSP,Flexible,UM,N/A,761,114.14999999999999,OLD_SYSTEM_REF
2025-07-28,OUT_040,C_3266,BOS,Flexible,Repeat,manchurian,587,88.05,OLD_SYSTEM_REF
2025-07-28,OUT_045,C_3888,BOS,Flexible,UM,burger,1113,166.95,OLD_SYSTEM_REF
2025-07-28,OUT_048,C_7555,PSP,Flexible,LM,N/A,748,112.2,OLD_SYSTEM_REF
2025-07-28,OUT_053,C_6868,BOS,Flexible,Repeat,manchurian,1924,288.59999999999997,OLD_SYSTEM_REF
2025-07-28,OUT_063,C_5928,PSP,Flexible,Lapsed,N/A,1906,285.9,OLD_SYSTEM_REF
2025-07-28,OUT_067,C_5587,PSP,Flexible,LM,N/A,1996,299.4,OLD_SYSTEM_REF
2025-07-28,OUT_070,C_4453,BOS,Flexible,UM,dosa,1385,207.75,OLD_SYSTEM_REF
2025-07-28,OUT_079,C_4876,BOS,Flexible,MM,burger,574,86.1,OLD_SYSTEM_REF
2025-07-28,OUT_092,C_6255,PSP,Flexible,LM,N/A,1951,292.65,OLD_SYSTEM_REF
2025-07-28,OUT_093,C_8233,PSP,Flexible,Lapsed,N/A,902,135.29999999999998,OLD_SYSTEM_REF
2025-07-28,OUT_098,C_3760,BOS,Flexible,Lapsed,dosa,929,139.35,OLD_SYSTEM_REF
2025-07-28,OUT_100,C_6511,BOS,Flexible,Lapsed,dosa,1100,165.0,OLD_SYSTEM_REF
2025-07-29,OUT_003,C_9256,Visit Pack,Fixed,Lapsed,N/A,704,105.6,OLD_SYSTEM_REF
2025-07-29,OUT_006,C_2368,Visit Pack,Fixed,Repeat,N/A,1630,244.5,OLD_SYSTEM_REF
2025-07-29,OUT_015,C_5839,BOS,Flexible,MM,dosa,588,88.2,OLD_SYSTEM_REF
2025-07-29,OUT_019,C_5838,PSP,Flexible,UM,N/A,1752,262.8,OLD_SYSTEM_REF
2025-07-29,OUT_027,C_8258,PSP,Flexible,MM,N/A,1839,275.84999999999997,OLD_SYSTEM_REF
2025-07-29,OUT_030,C_4197,BOS,Flexible,Lapsed,burger,526,78.89999999999999,OLD_SYSTEM_REF
2025-07-29,OUT_032,C_8491,PSP,Flexible,LM,N/A,862,129.29999999999998,OLD_SYSTEM_REF
2025-07-29,OUT_035,C_6963,PSP,Flexible,Repeat,N/A,731,109.64999999999999,OLD_SYSTEM_REF
2025-07-29,OUT_040,C_4991,Visit Pack,Fixed,Repeat,N/A,1642,246.29999999999998,OLD_SYSTEM_REF
2025-07-29,OUT_043,C_2380,Visit Pack,Fixed,UM,N/A,831,124.64999999999999,OLD_SYSTEM_REF
2025-07-29,OUT_050,C_7662,BOS,Flexible,MM,pizza,1724,258.59999999999997,OLD_SYSTEM_REF
2025-07-29,OUT_058,C_4378,BOS,Flexible,Repeat,dosa,1232,184.79999999999998,OLD_SYSTEM_REF
2025-07-29,OUT_068,C_9810,PSP,Flexible,Repeat,N/A,565,84.75,OLD_SYSTEM_REF
2025-07-29,OUT_071,C_5632,Visit Pack,Fixed,LM,N/A,1632,244.79999999999998,OLD_SYSTEM_REF
2025-07-29,OUT_072,C_9972,PSP,Flexible,UM,N/A,1446,216.9,OLD_SYSTEM_REF
2025-07-29,OUT_081,C_7435,BOS,Flexible,UM,pizza,753,112.95,OLD_SYSTEM_REF
2025-07-29,OUT_087,C_7077,BOS,Flexible,Repeat,manchurian,865,129.75,OLD_SYSTEM_REF
2025-07-29,OUT_091,C_4321,PSP,Flexible,MM,N/A,1390,208.5,OLD_SYSTEM_REF
2025-07-29,OUT_093,C_7631,PSP,Flexible,MM,N/A,1852,277.8,OLD_SYSTEM_REF
2025-07-29,OUT_094,C_3322,Visit Pack,Fixed,UM,N/A,1906,285.9,OLD_SYSTEM_REF
2025-07-30,OUT_002,C_1725,BOS,Flexible,Repeat,dal makhani,999,149.85,OLD_SYSTEM_REF
2025-07-30,OUT_006,C_4199,BOS,Flexible,Repeat,dosa,1678,251.7,OLD_SYSTEM_REF
2025-07-30,OUT_009,C_8529,PSP,Flexible,Repeat,N/A,1578,236.7,OLD_SYSTEM_REF
2025-07-30,OUT_016,C_3585,Visit Pack,Fixed,Repeat,N/A,1744,261.59999999999997,OLD_SYSTEM_REF
2025-07-30,OUT_017,C_3083,BOS,Flexible,MM,pizza,1686,252.89999999999998,OLD_SYSTEM_REF
2025-07-30,OUT_030,C_5935,Visit Pack,Fixed,Lapsed,N/A,929,139.35,OLD_SYSTEM_REF
2025-07-30,OUT_032,C_6573,BOS,Flexible,Repeat,manchurian,588,88.2,OLD_SYSTEM_REF
2025-07-30,OUT_034,C_5001,BOS,Flexible,MM,dosa,814,122.1,OLD_SYSTEM_REF
2025-07-30,OUT_038,C_4915,BOS,Flexible,UM,burger,781,117.14999999999999,OLD_SYSTEM_REF
2025-07-30,OUT_042,C_5070,Visit Pack,Fixed,UM,N/A,650,97.5,OLD_SYSTEM_REF
2025-07-30,OUT_046,C_7315,BOS,Flexible,UM,pizza,1725,258.75,OLD_SYSTEM_REF
2025-07-30,OUT_049,C_9970,BOS,Flexible,Lapsed,dal makhani,1483,222.45,OLD_SYSTEM_REF
2025-07-30,OUT_052,C_4183,Visit Pack,Fixed,UM,N/A,598,89.7,OLD_SYSTEM_REF
2025-07-30,OUT_062,C_5389,PSP,Flexible,UM,N/A,1281,192.15,OLD_SYSTEM_REF
2025-07-30,OUT_064,C_2600,PSP,Flexible,MM,N/A,555,83.25,OLD_SYSTEM_REF
2025-07-30,OUT_069,C_2444,PSP,Flexible,UM,N/A,896,134.4,OLD_SYSTEM_REF
2025-07-30,OUT_072,C_1099,BOS,Flexible,LM,dal makhani,689,103.35,OLD_SYSTEM_REF
2025-07-30,OUT_084,C_4994,BOS,Flexible,Lapsed,dal makhani,619,92.85,OLD_SYSTEM_REF
2025-07-30,OUT_089,C_4767,BOS,Flexible,LM,manchurian,755,113.25,OLD_SYSTEM_REF
2025-07-31,OUT_003,C_6281,Visit Pack,Fixed,MM,N/A,967,145.04999999999998,OLD_SYSTEM_REF
2025-07-31,OUT_015,C_3265,Visit Pack,Fixed,Lapsed,N/A,821,123.14999999999999,OLD_SYSTEM_REF
2025-07-31,OUT_025,C_6768,BOS,Flexible,Repeat,burger,717,107.55,OLD_SYSTEM_REF
2025-07-31,OUT_033,C_6394,Visit Pack,Fixed,UM,N/A,1367,205.04999999999998,OLD_SYSTEM_REF
2025-07-31,OUT_042,C_5290,Visit Pack,Fixed,MM,N/A,879,131.85,OLD_SYSTEM_REF
2025-07-31,OUT_045,C_1271,Visit Pack,Fixed,LM,N/A,1306,195.9,OLD_SYSTEM_REF
2025-07-31,OUT_051,C_4063,BOS,Flexible,Lapsed,manchurian,1972,295.8,OLD_SYSTEM_REF
2025-07-31,OUT_057,C_7062,PSP,Flexible,Repeat,N/A,1572,235.79999999999998,OLD_SYSTEM_REF
2025-07-31,OUT_062,C_8707,Visit Pack,Fixed,Repeat,N/A,514,77.1,OLD_SYSTEM_REF
2025-07-31,OUT_066,C_7318,BOS,Flexible,UM,manchurian,850,127.5,OLD_SYSTEM_REF
2025-07-31,OUT_078,C_2851,BOS,Flexible,LM,burger,555,83.25,OLD_SYSTEM_REF
2025-07-31,OUT_083,C_2328,BOS,Flexible,UM,manchurian,1430,214.5,OLD_SYSTEM_REF
2025-07-31,OUT_089,C_4735,Visit Pack,Fixed,Repeat,N/A,696,104.39999999999999,OLD_SYSTEM_REF
2025-07-31,OUT_098,C_4395,Visit Pack,Fixed,LM,N/A,1049,157.35,OLD_SYSTEM_REF
2025-07-31,OUT_100,C_9316,Visit Pack,Fixed,Lapsed,N/A,1823,273.45,OLD_SYSTEM_REF
2025-08-01,OUT_003,C_5781,Visit Pack,Fixed,Lapsed,N/A,1820,273.0,OLD_SYSTEM_REF
2025-08-01,OUT_006,C_8058,Visit Pack,Fixed,Lapsed,N/A,1161,174.15,OLD_SYSTEM_REF
2025-08-01,OUT_010,C_6119,Visit Pack,Fixed,MM,N/A,1542,231.29999999999998,OLD_SYSTEM_REF
2025-08-01,OUT_015,C_5331,BOS,Flexible,Repeat,dosa,1106,165.9,OLD_SYSTEM_REF
2025-08-01,OUT_021,C_1892,Visit Pack,Fixed,UM,N/A,1540,231.0,OLD_SYSTEM_REF
2025-08-01,OUT_024,C_8421,BOS,Flexible,Repeat,dosa,1368,205.2,OLD_SYSTEM_REF
2025-08-01,OUT_030,C_3737,BOS,Flexible,LM,burger,753,112.95,OLD_SYSTEM_REF
2025-08-01,OUT_032,C_6522,PSP,Flexible,LM,N/A,1828,274.2,OLD_SYSTEM_REF
2025-08-01,OUT_039,C_5366,Visit Pack,Fixed,MM,N/A,1511,226.65,OLD_SYSTEM_REF
2025-08-01,OUT_041,C_8458,PSP,Flexible,Lapsed,N/A,1355,203.25,OLD_SYSTEM_REF
2025-08-01,OUT_046,C_9536,Visit Pack,Fixed,Repeat,N/A,1931,289.65,OLD_SYSTEM_REF
2025-08-01,OUT_049,C_8679,BOS,Flexible,LM,dal makhani,1614,242.1,OLD_SYSTEM_REF
2025-08-01,OUT_061,C_5130,Visit Pack,Fixed,MM,N/A,804,120.6,OLD_SYSTEM_REF
2025-08-01,OUT_078,C_7015,BOS,Flexible,MM,burger,1215,182.25,OLD_SYSTEM_REF
2025-08-01,OUT_087,C_2012,PSP,Flexible,LM,N/A,1927,289.05,OLD_SYSTEM_REF
2025-08-01,OUT_092,C_7072,Visit Pack,Fixed,Lapsed,N/A,1584,237.6,OLD_SYSTEM_REF
2025-08-01,OUT_093,C_2762,PSP,Flexible,LM,N/A,1941,291.15,OLD_SYSTEM_REF
2025-08-01,OUT_098,C_4316,BOS,Flexible,UM,dosa,1281,192.15,OLD_SYSTEM_REF
2025-08-01,OUT_100,C_8872,BOS,Flexible,Repeat,dosa,1090,163.5,OLD_SYSTEM_REF
2025-08-02,OUT_008,C_9161,PSP,Flexible,UM,N/A,1461,219.15,OLD_SYSTEM_REF
2025-08-02,OUT_017,C_7739,PSP,Flexible,MM,N/A,1259,188.85,OLD_SYSTEM_REF
2025-08-02,OUT_020,C_7928,PSP,Flexible,MM,N/A,1879,281.84999999999997,OLD_SYSTEM_REF
2025-08-02,OUT_022,C_9075,PSP,Flexible,Lapsed,N/A,1090,163.5,OLD_SYSTEM_REF
2025-08-02,OUT_033,C_2822,Visit Pack,Fixed,MM,N/A,764,114.6,OLD_SYSTEM_REF
2025-08-02,OUT_036,C_8905,PSP,Flexible,Lapsed,N/A,557,83.55,OLD_SYSTEM_REF
2025-08-02,OUT_042,C_6702,BOS,Flexible,UM,pizza,609,91.35,OLD_SYSTEM_REF
2025-08-02,OUT_046,C_7864,BOS,Flexible,MM,pizza,1884,282.59999999999997,OLD_SYSTEM_REF
2025-08-02,OUT_051,C_4595,Visit Pack,Fixed,Repeat,N/A,1823,273.45,OLD_SYSTEM_REF
2025-08-02,OUT_052,C_7861,PSP,Flexible,UM,N/A,754,113.1,OLD_SYSTEM_REF
2025-08-02,OUT_054,C_9349,BOS,Flexible,UM,pizza,1608,241.2,OLD_SYSTEM_REF
2025-08-02,OUT_060,C_4114,PSP,Flexible,Repeat,N/A,1597,239.54999999999998,OLD_SYSTEM_REF
2025-08-02,OUT_065,C_6635,Visit Pack,Fixed,Lapsed,N/A,1069,160.35,OLD_SYSTEM_REF
2025-08-02,OUT_071,C_2155,PSP,Flexible,UM,N/A,1546,231.89999999999998,OLD_SYSTEM_REF
2025-08-02,OUT_076,C_2905,Visit Pack,Fixed,LM,N/A,1349,202.35,OLD_SYSTEM_REF
2025-08-02,OUT_078,C_7579,Visit Pack,Fixed,MM,N/A,733,109.95,OLD_SYSTEM_REF
2025-08-02,OUT_084,C_2073,BOS,Flexible,Lapsed,dal makhani,1001,150.15,OLD_SYSTEM_REF
2025-08-02,OUT_085,C_5595,Visit Pack,Fixed,LM,N/A,544,81.6,OLD_SYSTEM_REF
2025-08-02,OUT_086,C_8105,Visit Pack,Fixed,UM,N/A,999,149.85,OLD_SYSTEM_REF
2025-08-03,OUT_009,C_7367,PSP,Flexible,Repeat,N/A,1690,253.5,OLD_SYSTEM_REF
2025-08-03,OUT_016,C_4482,PSP,Flexible,Lapsed,N/A,559,83.85,OLD_SYSTEM_REF
2025-08-03,OUT_022,C_9002,Visit Pack,Fixed,MM,N/A,1034,155.1,OLD_SYSTEM_REF
2025-08-03,OUT_023,C_7475,Visit Pack,Fixed,LM,N/A,1998,299.7,OLD_SYSTEM_REF
2025-08-03,OUT_030,C_1391,Visit Pack,Fixed,Lapsed,N/A,1524,228.6,OLD_SYSTEM_REF
2025-08-03,OUT_035,C_2524,Visit Pack,Fixed,LM,N/A,1496,224.4,OLD_SYSTEM_REF
2025-08-03,OUT_043,C_2299,PSP,Flexible,MM,N/A,1412,211.79999999999998,OLD_SYSTEM_REF
2025-08-03,OUT_044,C_3428,PSP,Flexible,Lapsed,N/A,672,100.8,OLD_SYSTEM_REF
2025-08-03,OUT_046,C_1780,BOS,Flexible,Repeat,pizza,556,83.39999999999999,OLD_SYSTEM_REF
2025-08-03,OUT_047,C_7991,PSP,Flexible,LM,N/A,1337,200.54999999999998,OLD_SYSTEM_REF
2025-08-03,OUT_048,C_3065,Visit Pack,Fixed,MM,N/A,784,117.6,OLD_SYSTEM_REF
2025-08-03,OUT_050,C_4586,PSP,Flexible,Repeat,N/A,975,146.25,OLD_SYSTEM_REF
2025-08-03,OUT_052,C_3559,BOS,Flexible,UM,pizza,1045,156.75,OLD_SYSTEM_REF
2025-08-03,OUT_063,C_2099,Visit Pack,Fixed,UM,N/A,847,127.05,OLD_SYSTEM_REF
2025-08-03,OUT_075,C_8423,PSP,Flexible,Lapsed,N/A,848,127.19999999999999,OLD_SYSTEM_REF
2025-08-03,OUT_078,C_8791,Visit Pack,Fixed,UM,N/A,1493,223.95,OLD_SYSTEM_REF
2025-08-03,OUT_090,C_8990,BOS,Flexible,LM,dal makhani,883,132.45,OLD_SYSTEM_REF
2025-08-03,OUT_093,C_2959,BOS,Flexible,Lapsed,manchurian,1925,288.75,OLD_SYSTEM_REF
2025-08-03,OUT_099,C_8584,BOS,Flexible,UM,manchurian,618,92.7,OLD_SYSTEM_REF
2025-08-04,OUT_005,C_1156,Visit Pack,Fixed,UM,N/A,1478,221.7,OLD_SYSTEM_REF
2025-08-04,OUT_012,C_6382,BOS,Flexible,Repeat,dal makhani,905,135.75,OLD_SYSTEM_REF
2025-08-04,OUT_015,C_4173,Visit Pack,Fixed,Repeat,N/A,763,114.45,OLD_SYSTEM_REF
2025-08-04,OUT_025,C_5807,PSP,Flexible,MM,N/A,1895,284.25,OLD_SYSTEM_REF
2025-08-04,OUT_031,C_2813,Visit Pack,Fixed,LM,N/A,1859,278.84999999999997,OLD_SYSTEM_REF
2025-08-04,OUT_036,C_7666,PSP,Flexible,MM,N/A,1904,285.59999999999997,OLD_SYSTEM_REF
2025-08-04,OUT_038,C_3660,PSP,Flexible,MM,N/A,1758,263.7,OLD_SYSTEM_REF
2025-08-04,OUT_040,C_4802,Visit Pack,Fixed,LM,N/A,694,104.1,OLD_SYSTEM_REF
2025-08-04,OUT_041,C_5120,Visit Pack,Fixed,Lapsed,N/A,1497,224.54999999999998,OLD_SYSTEM_REF
2025-08-04,OUT_044,C_9200,BOS,Flexible,Repeat,dal makhani,640,96.0,OLD_SYSTEM_REF
2025-08-04,OUT_047,C_1292,BOS,Flexible,MM,dal makhani,1806,270.9,OLD_SYSTEM_REF
2025-08-04,OUT_048,C_9531,PSP,Flexible,Lapsed,N/A,1066,159.9,OLD_SYSTEM_REF
2025-08-04,OUT_051,C_6720,BOS,Flexible,Lapsed,manchurian,1335,200.25,OLD_SYSTEM_REF
2025-08-04,OUT_052,C_5089,PSP,Flexible,Repeat,N/A,546,81.89999999999999,OLD_SYSTEM_REF
2025-08-04,OUT_059,C_3040,PSP,Flexible,Lapsed,N/A,1270,190.5,OLD_SYSTEM_REF
2025-08-04,OUT_064,C_3434,PSP,Flexible,MM,N/A,1228,184.2,OLD_SYSTEM_REF
2025-08-04,OUT_067,C_3999,Visit Pack,Fixed,Repeat,N/A,1202,180.29999999999998,OLD_SYSTEM_REF
2025-08-04,OUT_069,C_9681,Visit Pack,Fixed,Repeat,N/A,693,103.95,OLD_SYSTEM_REF
2025-08-04,OUT_070,C_5679,PSP,Flexible,LM,N/A,1219,182.85,OLD_SYSTEM_REF
2025-08-04,OUT_071,C_5871,PSP,Flexible,Repeat,N/A,1979,296.84999999999997,OLD_SYSTEM_REF
2025-08-04,OUT_073,C_2847,PSP,Flexible,MM,N/A,816,122.39999999999999,OLD_SYSTEM_REF
2025-08-04,OUT_076,C_1560,PSP,Flexible,MM,N/A,1054,158.1,OLD_SYSTEM_REF
2025-08-04,OUT_080,C_2722,BOS,Flexible,UM,manchurian,1694,254.1,OLD_SYSTEM_REF
2025-08-04,OUT_091,C_5977,PSP,Flexible,LM,N/A,1695,254.25,OLD_SYSTEM_REF
2025-08-04,OUT_098,C_6657,PSP,Flexible,MM,N/A,1010,151.5,OLD_SYSTEM_REF
2025-08-05,OUT_004,C_7187,Visit Pack,Fixed,Lapsed,N/A,584,87.6,OLD_SYSTEM_REF
2025-08-05,OUT_006,C_4967,BOS,Flexible,Repeat,dosa,982,147.29999999999998,OLD_SYSTEM_REF
2025-08-05,OUT_009,C_2579,BOS,Flexible,MM,dal makhani,822,123.3,OLD_SYSTEM_REF
2025-08-05,OUT_016,C_1276,PSP,Flexible,Lapsed,N/A,1818,272.7,OLD_SYSTEM_REF
2025-08-05,OUT_022,C_5259,PSP,Flexible,UM,N/A,1966,294.9,OLD_SYSTEM_REF
2025-08-05,OUT_023,C_5415,PSP,Flexible,Lapsed,N/A,666,99.89999999999999,OLD_SYSTEM_REF
2025-08-05,OUT_027,C_9032,Visit Pack,Fixed,Repeat,N/A,1009,151.35,OLD_SYSTEM_REF
2025-08-05,OUT_030,C_4992,PSP,Flexible,UM,N/A,1723,258.45,OLD_SYSTEM_REF
2025-08-05,OUT_032,C_5917,BOS,Flexible,Repeat,manchurian,1161,174.15,OLD_SYSTEM_REF
2025-08-05,OUT_039,C_5476,BOS,Flexible,Lapsed,dal makhani,772,115.8,OLD_SYSTEM_REF
2025-08-05,OUT_040,C_4973,Visit Pack,Fixed,LM,N/A,1061,159.15,OLD_SYSTEM_REF
2025-08-05,OUT_043,C_7311,Visit Pack,Fixed,UM,N/A,1013,151.95,OLD_SYSTEM_REF
2025-08-05,OUT_044,C_1648,PSP,Flexible,UM,N/A,963,144.45,OLD_SYSTEM_REF
2025-08-05,OUT_048,C_6952,BOS,Flexible,MM,burger,1755,263.25,OLD_SYSTEM_REF
2025-08-05,OUT_051,C_5294,PSP,Flexible,UM,N/A,659,98.85,OLD_SYSTEM_REF
2025-08-05,OUT_064,C_4515,PSP,Flexible,MM,N/A,1764,264.59999999999997,OLD_SYSTEM_REF
2025-08-05,OUT_067,C_4848,BOS,Flexible,Repeat,dosa,1790,268.5,OLD_SYSTEM_REF
2025-08-05,OUT_071,C_5131,PSP,Flexible,UM,N/A,779,116.85,OLD_SYSTEM_REF
2025-08-05,OUT_082,C_9878,BOS,Flexible,Lapsed,dosa,635,95.25,OLD_SYSTEM_REF
2025-08-05,OUT_084,C_4168,BOS,Flexible,UM,dal makhani,1954,293.09999999999997,OLD_SYSTEM_REF
2025-08-05,OUT_096,C_1606,Visit Pack,Fixed,Lapsed,N/A,646,96.89999999999999,OLD_SYSTEM_REF
2025-08-05,OUT_098,C_7681,Visit Pack,Fixed,LM,N/A,1452,217.79999999999998,OLD_SYSTEM_REF
2025-08-05,OUT_100,C_8015,BOS,Flexible,Repeat,dosa,1706,255.89999999999998,OLD_SYSTEM_REF
2025-08-06,OUT_001,C_4938,BOS,Flexible,Repeat,dal makhani,597,89.55,OLD_SYSTEM_REF
2025-08-06,OUT_005,C_3974,Visit Pack,Fixed,Lapsed,N/A,901,135.15,OLD_SYSTEM_REF
2025-08-06,OUT_008,C_4297,PSP,Flexible,Lapsed,N/A,913,136.95,OLD_SYSTEM_REF
2025-08-06,OUT_010,C_3517,PSP,Flexible,Lapsed,N/A,572,85.8,OLD_SYSTEM_REF
2025-08-06,OUT_011,C_6676,Visit Pack,Fixed,UM,N/A,724,108.6,OLD_SYSTEM_REF
2025-08-06,OUT_013,C_8058,BOS,Flexible,LM,dal makhani,599,89.85,OLD_SYSTEM_REF
2025-08-06,OUT_018,C_4023,BOS,Flexible,LM,pizza,1205,180.75,OLD_SYSTEM_REF
2025-08-06,OUT_020,C_7805,Visit Pack,Fixed,Lapsed,N/A,1551,232.64999999999998,OLD_SYSTEM_REF
2025-08-06,OUT_021,C_1284,Visit Pack,Fixed,LM,N/A,1994,299.09999999999997,OLD_SYSTEM_REF
2025-08-06,OUT_023,C_3267,PSP,Flexible,Repeat,N/A,1450,217.5,OLD_SYSTEM_REF
2025-08-06,OUT_024,C_2452,Visit Pack,Fixed,Lapsed,N/A,1862,279.3,OLD_SYSTEM_REF
2025-08-06,OUT_029,C_9600,Visit Pack,Fixed,Lapsed,N/A,687,103.05,OLD_SYSTEM_REF
2025-08-06,OUT_034,C_3727,Visit Pack,Fixed,UM,N/A,1890,283.5,OLD_SYSTEM_REF
2025-08-06,OUT_035,C_4257,BOS,Flexible,Repeat,manchurian,907,136.04999999999998,OLD_SYSTEM_REF
2025-08-06,OUT_037,C_1986,Visit Pack,Fixed,UM,N/A,1532,229.79999999999998,OLD_SYSTEM_REF
2025-08-06,OUT_038,C_5468,BOS,Flexible,LM,burger,1540,231.0,OLD_SYSTEM_REF
2025-08-06,OUT_039,C_6701,Visit Pack,Fixed,UM,N/A,758,113.7,OLD_SYSTEM_REF
2025-08-06,OUT_040,C_2310,BOS,Flexible,UM,manchurian,775,116.25,OLD_SYSTEM_REF
2025-08-06,OUT_043,C_1460,BOS,Flexible,Lapsed,manchurian,1204,180.6,OLD_SYSTEM_REF
2025-08-06,OUT_046,C_2035,BOS,Flexible,LM,pizza,1961,294.15,OLD_SYSTEM_REF
2025-08-06,OUT_047,C_5960,BOS,Flexible,UM,dal makhani,1021,153.15,OLD_SYSTEM_REF
2025-08-06,OUT_048,C_6629,Visit Pack,Fixed,UM,N/A,1768,265.2,OLD_SYSTEM_REF
2025-08-06,OUT_050,C_9252,Visit Pack,Fixed,Repeat,N/A,542,81.3,OLD_SYSTEM_REF
2025-08-06,OUT_053,C_3977,BOS,Flexible,Repeat,manchurian,584,87.6,OLD_SYSTEM_REF
2025-08-06,OUT_055,C_1900,BOS,Flexible,Lapsed,dosa,917,137.54999999999998,OLD_SYSTEM_REF
2025-08-06,OUT_064,C_1516,Visit Pack,Fixed,LM,N/A,1454,218.1,OLD_SYSTEM_REF
2025-08-06,OUT_074,C_4725,PSP,Flexible,LM,N/A,1066,159.9,OLD_SYSTEM_REF
2025-08-06,OUT_078,C_8660,Visit Pack,Fixed,LM,N/A,1209,181.35,OLD_SYSTEM_REF
2025-08-06,OUT_086,C_4761,Visit Pack,Fixed,MM,N/A,1354,203.1,OLD_SYSTEM_REF
2025-08-06,OUT_094,C_4166,PSP,Flexible,LM,N/A,1472,220.79999999999998,OLD_SYSTEM_REF
2025-08-06,OUT_096,C_7179,BOS,Flexible,LM,burger,1016,152.4,OLD_SYSTEM_REF
2025-08-07,OUT_004,C_6738,PSP,Flexible,Repeat,N/A,557,83.55,OLD_SYSTEM_REF
2025-08-07,OUT_007,C_6912,PSP,Flexible,Repeat,N/A,638,95.7,OLD_SYSTEM_REF
2025-08-07,OUT_013,C_7388,BOS,Flexible,UM,dal makhani,965,144.75,OLD_SYSTEM_REF
2025-08-07,OUT_017,C_8745,Visit Pack,Fixed,MM,N/A,1628,244.2,OLD_SYSTEM_REF
2025-08-07,OUT_022,C_2073,BOS,Flexible,LM,pizza,681,102.14999999999999,OLD_SYSTEM_REF
2025-08-07,OUT_026,C_7293,PSP,Flexible,UM,N/A,927,139.04999999999998,OLD_SYSTEM_REF
2025-08-07,OUT_029,C_6203,BOS,Flexible,MM,dosa,1476,221.4,OLD_SYSTEM_REF
2025-08-07,OUT_042,C_3859,PSP,Flexible,Repeat,N/A,1619,242.85,OLD_SYSTEM_REF
2025-08-07,OUT_048,C_9753,Visit Pack,Fixed,MM,N/A,1101,165.15,OLD_SYSTEM_REF
2025-08-07,OUT_049,C_5984,BOS,Flexible,UM,dal makhani,1085,162.75,OLD_SYSTEM_REF
2025-08-07,OUT_052,C_3608,BOS,Flexible,Repeat,pizza,1363,204.45,OLD_SYSTEM_REF
2025-08-07,OUT_056,C_7743,BOS,Flexible,UM,dal makhani,1537,230.54999999999998,OLD_SYSTEM_REF
2025-08-07,OUT_059,C_2710,Visit Pack,Fixed,UM,N/A,1831,274.65,OLD_SYSTEM_REF
2025-08-07,OUT_073,C_1957,Visit Pack,Fixed,Lapsed,N/A,857,128.54999999999998,OLD_SYSTEM_REF
2025-08-07,OUT_074,C_8732,PSP,Flexible,MM,N/A,1733,259.95,OLD_SYSTEM_REF
2025-08-07,OUT_077,C_1087,Visit Pack,Fixed,Repeat,N/A,1406,210.9,OLD_SYSTEM_REF
2025-08-07,OUT_080,C_7689,PSP,Flexible,Repeat,N/A,587,88.05,OLD_SYSTEM_REF
2025-08-07,OUT_082,C_7820,Visit Pack,Fixed,Lapsed,N/A,1841,276.15,OLD_SYSTEM_REF
2025-08-07,OUT_095,C_1181,BOS,Flexible,LM,burger,870,130.5,OLD_SYSTEM_REF
2025-08-07,OUT_098,C_2976,PSP,Flexible,Repeat,N/A,1388,208.2,OLD_SYSTEM_REF
2025-08-08,OUT_001,C_3239,PSP,Flexible,MM,N/A,1236,185.4,OLD_SYSTEM_REF
2025-08-08,OUT_007,C_4189,Visit Pack,Fixed,UM,N/A,771,115.64999999999999,OLD_SYSTEM_REF
2025-08-08,OUT_008,C_3624,BOS,Flexible,LM,pizza,1751,262.65,OLD_SYSTEM_REF
2025-08-08,OUT_009,C_8004,BOS,Flexible,LM,dal makhani,1067,160.04999999999998,OLD_SYSTEM_REF
2025-08-08,OUT_014,C_2349,Visit Pack,Fixed,MM,N/A,1703,255.45,OLD_SYSTEM_REF
2025-08-08,OUT_021,C_7198,PSP,Flexible,LM,N/A,1538,230.7,OLD_SYSTEM_REF
2025-08-08,OUT_022,C_2623,PSP,Flexible,LM,N/A,1785,267.75,OLD_SYSTEM_REF
2025-08-08,OUT_025,C_5204,PSP,Flexible,Lapsed,N/A,904,135.6,OLD_SYSTEM_REF
2025-08-08,OUT_028,C_3371,BOS,Flexible,UM,dal makhani,1119,167.85,OLD_SYSTEM_REF
2025-08-08,OUT_029,C_3366,Visit Pack,Fixed,UM,N/A,975,146.25,OLD_SYSTEM_REF
2025-08-08,OUT_034,C_7972,BOS,Flexible,Repeat,dosa,1702,255.29999999999998,OLD_SYSTEM_REF
2025-08-08,OUT_039,C_8098,BOS,Flexible,Lapsed,dal makhani,1374,206.1,OLD_SYSTEM_REF
2025-08-08,OUT_056,C_2775,PSP,Flexible,UM,N/A,1149,172.35,OLD_SYSTEM_REF
2025-08-08,OUT_057,C_2284,BOS,Flexible,Repeat,dal makhani,1231,184.65,OLD_SYSTEM_REF
2025-08-08,OUT_059,C_6406,Visit Pack,Fixed,Repeat,N/A,557,83.55,OLD_SYSTEM_REF
2025-08-08,OUT_060,C_1963,BOS,Flexible,Lapsed,dal makhani,804,120.6,OLD_SYSTEM_REF
2025-08-08,OUT_075,C_8383,Visit Pack,Fixed,UM,N/A,1292,193.79999999999998,OLD_SYSTEM_REF
2025-08-08,OUT_076,C_6591,PSP,Flexible,UM,N/A,1854,278.09999999999997,OLD_SYSTEM_REF
2025-08-08,OUT_080,C_8842,Visit Pack,Fixed,Lapsed,N/A,1111,166.65,OLD_SYSTEM_REF
2025-08-08,OUT_081,C_5358,PSP,Flexible,UM,N/A,1618,242.7,OLD_SYSTEM_REF
2025-08-08,OUT_088,C_9551,BOS,Flexible,LM,burger,1866,279.9,OLD_SYSTEM_REF
2025-08-08,OUT_093,C_8414,PSP,Flexible,UM,N/A,623,93.45,OLD_SYSTEM_REF
2025-08-09,OUT_006,C_4340,PSP,Flexible,Lapsed,N/A,1264,189.6,OLD_SYSTEM_REF
2025-08-09,OUT_011,C_3165,Visit Pack,Fixed,Repeat,N/A,1840,276.0,OLD_SYSTEM_REF
2025-08-09,OUT_016,C_8291,PSP,Flexible,Repeat,N/A,1679,251.85,OLD_SYSTEM_REF
2025-08-09,OUT_017,C_4589,BOS,Flexible,LM,pizza,817,122.55,OLD_SYSTEM_REF
2025-08-09,OUT_022,C_1364,Visit Pack,Fixed,Lapsed,N/A,1522,228.29999999999998,OLD_SYSTEM_REF
2025-08-09,OUT_026,C_6145,Visit Pack,Fixed,Repeat,N/A,1045,156.75,OLD_SYSTEM_REF
2025-08-09,OUT_027,C_7398,Visit Pack,Fixed,LM,N/A,621,93.14999999999999,OLD_SYSTEM_REF
2025-08-09,OUT_028,C_2915,PSP,Flexible,UM,N/A,1432,214.79999999999998,OLD_SYSTEM_REF
2025-08-09,OUT_049,C_3650,Visit Pack,Fixed,LM,N/A,1332,199.79999999999998,OLD_SYSTEM_REF
2025-08-09,OUT_060,C_2070,Visit Pack,Fixed,Lapsed,N/A,1217,182.54999999999998,OLD_SYSTEM_REF
2025-08-09,OUT_061,C_7201,BOS,Flexible,Lapsed,dosa,1519,227.85,OLD_SYSTEM_REF
2025-08-09,OUT_066,C_3618,BOS,Flexible,Lapsed,manchurian,1041,156.15,OLD_SYSTEM_REF
2025-08-09,OUT_069,C_9115,Visit Pack,Fixed,UM,N/A,1516,227.4,OLD_SYSTEM_REF
2025-08-09,OUT_076,C_9509,PSP,Flexible,Lapsed,N/A,608,91.2,OLD_SYSTEM_REF
2025-08-09,OUT_085,C_6435,PSP,Flexible,Repeat,N/A,1865,279.75,OLD_SYSTEM_REF
2025-08-09,OUT_086,C_6410,BOS,Flexible,LM,dal makhani,877,131.54999999999998,OLD_SYSTEM_REF
2025-08-09,OUT_091,C_7584,PSP,Flexible,UM,N/A,1704,255.6,OLD_SYSTEM_REF
2025-08-09,OUT_094,C_2519,BOS,Flexible,Repeat,dosa,982,147.29999999999998,OLD_SYSTEM_REF
2025-08-10,OUT_002,C_4082,BOS,Flexible,Lapsed,dal makhani,989,148.35,OLD_SYSTEM_REF
2025-08-10,OUT_005,C_1657,PSP,Flexible,UM,N/A,1925,288.75,OLD_SYSTEM_REF
2025-08-10,OUT_015,C_1596,Visit Pack,Fixed,Repeat,N/A,1425,213.75,OLD_SYSTEM_REF
2025-08-10,OUT_019,C_7236,Visit Pack,Fixed,Lapsed,N/A,1447,217.04999999999998,OLD_SYSTEM_REF
2025-08-10,OUT_020,C_5017,Visit Pack,Fixed,Lapsed,N/A,1460,219.0,OLD_SYSTEM_REF
2025-08-10,OUT_026,C_9788,BOS,Flexible,MM,pizza,1935,290.25,OLD_SYSTEM_REF
2025-08-10,OUT_043,C_9550,BOS,Flexible,UM,manchurian,1229,184.35,OLD_SYSTEM_REF
2025-08-10,OUT_047,C_7924,Visit Pack,Fixed,UM,N/A,812,121.8,OLD_SYSTEM_REF
2025-08-10,OUT_053,C_7493,BOS,Flexible,MM,manchurian,684,102.6,OLD_SYSTEM_REF
2025-08-10,OUT_055,C_8196,BOS,Flexible,MM,dosa,650,97.5,OLD_SYSTEM_REF
2025-08-10,OUT_056,C_1599,PSP,Flexible,Lapsed,N/A,562,84.3,OLD_SYSTEM_REF
2025-08-10,OUT_057,C_2062,PSP,Flexible,Repeat,N/A,1130,169.5,OLD_SYSTEM_REF
2025-08-10,OUT_059,C_7385,PSP,Flexible,LM,N/A,1457,218.54999999999998,OLD_SYSTEM_REF
2025-08-10,OUT_068,C_2182,Visit Pack,Fixed,Repeat,N/A,1983,297.45,OLD_SYSTEM_REF
2025-08-10,OUT_070,C_4901,BOS,Flexible,LM,dosa,1121,168.15,OLD_SYSTEM_REF
2025-08-10,OUT_072,C_3478,Visit Pack,Fixed,Repeat,N/A,695,104.25,OLD_SYSTEM_REF
2025-08-10,OUT_074,C_6910,BOS,Flexible,MM,dosa,1991,298.65,OLD_SYSTEM_REF
2025-08-10,OUT_075,C_9108,BOS,Flexible,Lapsed,pizza,1477,221.54999999999998,OLD_SYSTEM_REF
2025-08-10,OUT_084,C_9033,Visit Pack,Fixed,LM,N/A,1352,202.79999999999998,OLD_SYSTEM_REF
2025-08-10,OUT_087,C_5129,PSP,Flexible,MM,N/A,1796,269.4,OLD_SYSTEM_REF
2025-08-10,OUT_093,C_8968,Visit Pack,Fixed,Repeat,N/A,977,146.54999999999998,OLD_SYSTEM_REF
2025-08-10,OUT_094,C_4489,BOS,Flexible,LM,dosa,1200,180.0,OLD_SYSTEM_REF
2025-08-10,OUT_099,C_3821,PSP,Flexible,MM,N/A,1412,211.79999999999998,OLD_SYSTEM_REF
2025-08-10,OUT_100,C_5694,PSP,Flexible,Repeat,N/A,1286,192.9,OLD_SYSTEM_REF
2025-08-11,OUT_001,C_5013,Visit Pack,Fixed,MM,N/A,763,114.45,OLD_SYSTEM_REF
2025-08-11,OUT_005,C_4552,BOS,Flexible,MM,dosa,1110,166.5,OLD_SYSTEM_REF
2025-08-11,OUT_006,C_8299,BOS,Flexible,LM,dosa,1992,298.8,OLD_SYSTEM_REF
2025-08-11,OUT_015,C_4587,PSP,Flexible,UM,N/A,1347,202.04999999999998,OLD_SYSTEM_REF
2025-08-11,OUT_022,C_3348,BOS,Flexible,LM,pizza,1522,228.29999999999998,OLD_SYSTEM_REF
2025-08-11,OUT_025,C_3794,Visit Pack,Fixed,Lapsed,N/A,820,123.0,OLD_SYSTEM_REF
2025-08-11,OUT_030,C_9327,BOS,Flexible,MM,burger,1543,231.45,OLD_SYSTEM_REF
2025-08-11,OUT_031,C_4610,BOS,Flexible,Lapsed,manchurian,1081,162.15,OLD_SYSTEM_REF
2025-08-11,OUT_042,C_6629,PSP,Flexible,LM,N/A,719,107.85,OLD_SYSTEM_REF
2025-08-11,OUT_047,C_8590,BOS,Flexible,MM,dal makhani,995,149.25,OLD_SYSTEM_REF
2025-08-11,OUT_050,C_4345,Visit Pack,Fixed,LM,N/A,1781,267.15,OLD_SYSTEM_REF
2025-08-11,OUT_064,C_6405,PSP,Flexible,MM,N/A,1831,274.65,OLD_SYSTEM_REF
2025-08-11,OUT_065,C_5133,PSP,Flexible,LM,N/A,1052,157.79999999999998,OLD_SYSTEM_REF
2025-08-11,OUT_073,C_2533,PSP,Flexible,LM,N/A,512,76.8,OLD_SYSTEM_REF
2025-08-11,OUT_075,C_4655,BOS,Flexible,MM,pizza,1004,150.6,OLD_SYSTEM_REF
2025-08-11,OUT_079,C_7093,BOS,Flexible,LM,burger,1433,214.95,OLD_SYSTEM_REF
2025-08-11,OUT_080,C_6492,Visit Pack,Fixed,Lapsed,N/A,1085,162.75,OLD_SYSTEM_REF
2025-08-11,OUT_083,C_4977,BOS,Flexible,LM,manchurian,1490,223.5,OLD_SYSTEM_REF
2025-08-11,OUT_084,C_8227,Visit Pack,Fixed,MM,N/A,1883,282.45,OLD_SYSTEM_REF
2025-08-11,OUT_086,C_3098,BOS,Flexible,MM,dal makhani,787,118.05,OLD_SYSTEM_REF
2025-08-11,OUT_087,C_4743,PSP,Flexible,Lapsed,N/A,1491,223.65,OLD_SYSTEM_REF
2025-08-11,OUT_092,C_9830,PSP,Flexible,Repeat,N/A,700,105.0,OLD_SYSTEM_REF
2025-08-11,OUT_100,C_7769,BOS,Flexible,LM,dosa,506,75.89999999999999,OLD_SYSTEM_REF
2025-08-12,OUT_010,C_6439,Visit Pack,Fixed,Lapsed,N/A,1802,270.3,OLD_SYSTEM_REF
2025-08-12,OUT_012,C_3108,Visit Pack,Fixed,Lapsed,N/A,1762,264.3,OLD_SYSTEM_REF
2025-08-12,OUT_017,C_5011,Visit Pack,Fixed,MM,N/A,1123,168.45,OLD_SYSTEM_REF
2025-08-12,OUT_020,C_7366,BOS,Flexible,Lapsed,pizza,533,79.95,OLD_SYSTEM_REF
2025-08-12,OUT_026,C_4973,Visit Pack,Fixed,UM,N/A,604,90.6,OLD_SYSTEM_REF
2025-08-12,OUT_041,C_6553,Visit Pack,Fixed,UM,N/A,1630,244.5,OLD_SYSTEM_REF
2025-08-12,OUT_050,C_7805,BOS,Flexible,LM,pizza,673,100.95,OLD_SYSTEM_REF
2025-08-12,OUT_055,C_1242,BOS,Flexible,UM,dosa,1077,161.54999999999998,OLD_SYSTEM_REF
2025-08-12,OUT_057,C_3625,Visit Pack,Fixed,Repeat,N/A,1338,200.7,OLD_SYSTEM_REF
2025-08-12,OUT_058,C_9654,Visit Pack,Fixed,Lapsed,N/A,1427,214.04999999999998,OLD_SYSTEM_REF
2025-08-12,OUT_064,C_5380,BOS,Flexible,Lapsed,manchurian,1886,282.9,OLD_SYSTEM_REF
2025-08-12,OUT_066,C_6982,Visit Pack,Fixed,MM,N/A,1494,224.1,OLD_SYSTEM_REF
2025-08-12,OUT_073,C_5462,BOS,Flexible,MM,pizza,1044,156.6,OLD_SYSTEM_REF
2025-08-12,OUT_076,C_7896,BOS,Flexible,UM,dosa,1329,199.35,OLD_SYSTEM_REF
2025-08-12,OUT_079,C_9061,BOS,Flexible,MM,burger,528,79.2,OLD_SYSTEM_REF
2025-08-12,OUT_085,C_2548,Visit Pack,Fixed,UM,N/A,1568,235.2,OLD_SYSTEM_REF
2025-08-12,OUT_086,C_2631,PSP,Flexible,UM,N/A,817,122.55,OLD_SYSTEM_REF
2025-08-12,OUT_094,C_3530,BOS,Flexible,UM,dosa,1189,178.35,OLD_SYSTEM_REF
2025-08-13,OUT_004,C_6473,PSP,Flexible,MM,N/A,638,95.7,OLD_SYSTEM_REF
2025-08-13,OUT_005,C_5562,BOS,Flexible,MM,dosa,653,97.95,OLD_SYSTEM_REF
2025-08-13,OUT_006,C_7285,Visit Pack,Fixed,LM,N/A,681,102.14999999999999,OLD_SYSTEM_REF
2025-08-13,OUT_013,C_6670,BOS,Flexible,UM,dal makhani,668,100.2,OLD_SYSTEM_REF
2025-08-13,OUT_016,C_3087,Visit Pack,Fixed,Repeat,N/A,1646,246.89999999999998,OLD_SYSTEM_REF
2025-08-13,OUT_033,C_7524,Visit Pack,Fixed,UM,N/A,1871,280.65,OLD_SYSTEM_REF
2025-08-13,OUT_040,C_4278,PSP,Flexible,Repeat,N/A,1209,181.35,OLD_SYSTEM_REF
2025-08-13,OUT_041,C_6179,BOS,Flexible,Repeat,manchurian,1303,195.45,OLD_SYSTEM_REF
2025-08-13,OUT_046,C_2675,Visit Pack,Fixed,MM,N/A,1560,234.0,OLD_SYSTEM_REF
2025-08-13,OUT_050,C_6264,BOS,Flexible,Repeat,pizza,1079,161.85,OLD_SYSTEM_REF
2025-08-13,OUT_052,C_4418,BOS,Flexible,MM,pizza,1399,209.85,OLD_SYSTEM_REF
2025-08-13,OUT_058,C_3320,PSP,Flexible,MM,N/A,982,147.29999999999998,OLD_SYSTEM_REF
2025-08-13,OUT_062,C_2247,PSP,Flexible,UM,N/A,619,92.85,OLD_SYSTEM_REF
2025-08-13,OUT_063,C_5500,BOS,Flexible,MM,burger,776,116.39999999999999,OLD_SYSTEM_REF
2025-08-13,OUT_064,C_6951,Visit Pack,Fixed,Repeat,N/A,1532,229.79999999999998,OLD_SYSTEM_REF
2025-08-13,OUT_069,C_2769,PSP,Flexible,MM,N/A,1528,229.2,OLD_SYSTEM_REF
2025-08-13,OUT_071,C_4901,PSP,Flexible,LM,N/A,675,101.25,OLD_SYSTEM_REF
2025-08-13,OUT_072,C_9871,Visit Pack,Fixed,LM,N/A,712,106.8,OLD_SYSTEM_REF
2025-08-13,OUT_081,C_7748,BOS,Flexible,LM,pizza,1862,279.3,OLD_SYSTEM_REF
2025-08-13,OUT_084,C_7429,Visit Pack,Fixed,Lapsed,N/A,1090,163.5,OLD_SYSTEM_REF
2025-08-13,OUT_089,C_7996,PSP,Flexible,UM,N/A,922,138.29999999999998,OLD_SYSTEM_REF
2025-08-13,OUT_090,C_7154,PSP,Flexible,Lapsed,N/A,1666,249.89999999999998,OLD_SYSTEM_REF
2025-08-14,OUT_001,C_3622,BOS,Flexible,Repeat,dal makhani,1065,159.75,OLD_SYSTEM_REF
2025-08-14,OUT_017,C_4138,Visit Pack,Fixed,Repeat,N/A,1220,183.0,OLD_SYSTEM_REF
2025-08-14,OUT_022,C_9556,BOS,Flexible,UM,pizza,1725,258.75,OLD_SYSTEM_REF
2025-08-14,OUT_024,C_3832,PSP,Flexible,UM,N/A,1811,271.65,OLD_SYSTEM_REF
2025-08-14,OUT_030,C_2012,PSP,Flexible,LM,N/A,677,101.55,OLD_SYSTEM_REF
2025-08-14,OUT_033,C_8447,PSP,Flexible,Lapsed,N/A,1755,263.25,OLD_SYSTEM_REF
2025-08-14,OUT_037,C_1802,BOS,Flexible,MM,dal makhani,989,148.35,OLD_SYSTEM_REF
2025-08-14,OUT_038,C_4289,Visit Pack,Fixed,UM,N/A,1236,185.4,OLD_SYSTEM_REF
2025-08-14,OUT_042,C_2508,Visit Pack,Fixed,MM,N/A,1657,248.54999999999998,OLD_SYSTEM_REF
2025-08-14,OUT_046,C_9900,BOS,Flexible,LM,pizza,1868,280.2,OLD_SYSTEM_REF
2025-08-14,OUT_047,C_6551,BOS,Flexible,LM,dal makhani,570,85.5,OLD_SYSTEM_REF
2025-08-14,OUT_051,C_3022,Visit Pack,Fixed,UM,N/A,915,137.25,OLD_SYSTEM_REF
2025-08-14,OUT_053,C_7000,BOS,Flexible,LM,manchurian,1418,212.7,OLD_SYSTEM_REF
2025-08-14,OUT_061,C_1539,BOS,Flexible,Repeat,dosa,1353,202.95,OLD_SYSTEM_REF
2025-08-14,OUT_064,C_6230,PSP,Flexible,LM,N/A,1229,184.35,OLD_SYSTEM_REF
2025-08-14,OUT_070,C_2954,PSP,Flexible,LM,N/A,1242,186.29999999999998,OLD_SYSTEM_REF
2025-08-14,OUT_071,C_8370,BOS,Flexible,Repeat,manchurian,1646,246.89999999999998,OLD_SYSTEM_REF
2025-08-14,OUT_075,C_1102,Visit Pack,Fixed,Lapsed,N/A,1964,294.59999999999997,OLD_SYSTEM_REF
2025-08-14,OUT_087,C_5867,PSP,Flexible,MM,N/A,1518,227.7,OLD_SYSTEM_REF
2025-08-14,OUT_092,C_9084,Visit Pack,Fixed,Repeat,N/A,1074,161.1,OLD_SYSTEM_REF
2025-08-14,OUT_093,C_1639,BOS,Flexible,Repeat,manchurian,790,118.5,OLD_SYSTEM_REF
2025-08-14,OUT_094,C_8697,Visit Pack,Fixed,MM,N/A,1452,217.79999999999998,OLD_SYSTEM_REF
2025-08-15,OUT_002,C_1231,BOS,Flexible,LM,dal makhani,1875,281.25,OLD_SYSTEM_REF
2025-08-15,OUT_005,C_6492,PSP,Flexible,Lapsed,N/A,1339,200.85,OLD_SYSTEM_REF
2025-08-15,OUT_014,C_7369,BOS,Flexible,UM,dal makhani,673,100.95,OLD_SYSTEM_REF
2025-08-15,OUT_016,C_8187,BOS,Flexible,Lapsed,dosa,1789,268.34999999999997,OLD_SYSTEM_REF
2025-08-15,OUT_020,C_6510,PSP,Flexible,LM,N/A,1030,154.5,OLD_SYSTEM_REF
2025-08-15,OUT_031,C_1410,PSP,Flexible,MM,N/A,541,81.14999999999999,OLD_SYSTEM_REF
2025-08-15,OUT_035,C_2280,PSP,Flexible,Repeat,N/A,1100,165.0,OLD_SYSTEM_REF
2025-08-15,OUT_037,C_5070,Visit Pack,Fixed,Repeat,N/A,1797,269.55,OLD_SYSTEM_REF
2025-08-15,OUT_044,C_5223,PSP,Flexible,LM,N/A,804,120.6,OLD_SYSTEM_REF
2025-08-15,OUT_056,C_2790,BOS,Flexible,LM,dal makhani,1460,219.0,OLD_SYSTEM_REF
2025-08-15,OUT_072,C_8203,PSP,Flexible,UM,N/A,1135,170.25,OLD_SYSTEM_REF
2025-08-15,OUT_074,C_9699,BOS,Flexible,MM,dosa,1966,294.9,OLD_SYSTEM_REF
2025-08-15,OUT_081,C_8998,PSP,Flexible,LM,N/A,842,126.3,OLD_SYSTEM_REF
2025-08-15,OUT_084,C_1309,Visit Pack,Fixed,MM,N/A,521,78.14999999999999,OLD_SYSTEM_REF
2025-08-15,OUT_097,C_6591,PSP,Flexible,Repeat,N/A,1830,274.5,OLD_SYSTEM_REF
2025-08-15,OUT_098,C_8150,PSP,Flexible,Repeat,N/A,1452,217.79999999999998,OLD_SYSTEM_REF
2025-08-15,OUT_099,C_6682,PSP,Flexible,UM,N/A,728,109.2,OLD_SYSTEM_REF
2025-08-15,OUT_100,C_2088,PSP,Flexible,Repeat,N/A,1289,193.35,OLD_SYSTEM_REF
2025-08-16,OUT_005,C_5502,Visit Pack,Fixed,MM,N/A,1609,241.35,OLD_SYSTEM_REF
2025-08-16,OUT_014,C_9643,PSP,Flexible,UM,N/A,769,115.35,OLD_SYSTEM_REF
2025-08-16,OUT_033,C_3958,Visit Pack,Fixed,Lapsed,N/A,1603,240.45,OLD_SYSTEM_REF
2025-08-16,OUT_034,C_9553,PSP,Flexible,Lapsed,N/A,815,122.25,OLD_SYSTEM_REF
2025-08-16,OUT_037,C_7402,Visit Pack,Fixed,MM,N/A,747,112.05,OLD_SYSTEM_REF
2025-08-16,OUT_041,C_5938,Visit Pack,Fixed,Lapsed,N/A,1649,247.35,OLD_SYSTEM_REF
2025-08-16,OUT_043,C_2129,BOS,Flexible,Lapsed,manchurian,963,144.45,OLD_SYSTEM_REF
2025-08-16,OUT_044,C_3097,PSP,Flexible,UM,N/A,1841,276.15,OLD_SYSTEM_REF
2025-08-16,OUT_049,C_4575,BOS,Flexible,UM,dal makhani,770,115.5,OLD_SYSTEM_REF
2025-08-16,OUT_052,C_2299,Visit Pack,Fixed,UM,N/A,1222,183.29999999999998,OLD_SYSTEM_REF
2025-08-16,OUT_060,C_9739,BOS,Flexible,Lapsed,dal makhani,574,86.1,OLD_SYSTEM_REF
2025-08-16,OUT_063,C_3849,BOS,Flexible,UM,burger,1620,243.0,OLD_SYSTEM_REF
2025-08-16,OUT_065,C_6604,Visit Pack,Fixed,LM,N/A,1438,215.7,OLD_SYSTEM_REF
2025-08-16,OUT_071,C_4424,Visit Pack,Fixed,Lapsed,N/A,1007,151.04999999999998,OLD_SYSTEM_REF
2025-08-16,OUT_076,C_2313,PSP,Flexible,LM,N/A,1843,276.45,OLD_SYSTEM_REF
2025-08-16,OUT_082,C_3733,Visit Pack,Fixed,UM,N/A,1384,207.6,OLD_SYSTEM_REF
2025-08-16,OUT_084,C_8963,BOS,Flexible,UM,dal makhani,1219,182.85,OLD_SYSTEM_REF
2025-08-16,OUT_090,C_3421,BOS,Flexible,LM,dal makhani,668,100.2,OLD_SYSTEM_REF
2025-08-16,OUT_091,C_7183,Visit Pack,Fixed,MM,N/A,992,148.79999999999998,OLD_SYSTEM_REF
2025-08-16,OUT_094,C_9858,PSP,Flexible,UM,N/A,1703,255.45,OLD_SYSTEM_REF
2025-08-16,OUT_099,C_8597,BOS,Flexible,LM,manchurian,924,138.6,OLD_SYSTEM_REF
2025-08-17,OUT_002,C_3462,PSP,Flexible,UM,N/A,778,116.69999999999999,OLD_SYSTEM_REF
2025-08-17,OUT_006,C_6737,PSP,Flexible,UM,N/A,1429,214.35,OLD_SYSTEM_REF
2025-08-17,OUT_013,C_8134,Visit Pack,Fixed,Repeat,N/A,1845,276.75,OLD_SYSTEM_REF
2025-08-17,OUT_014,C_8448,Visit Pack,Fixed,MM,N/A,918,137.7,OLD_SYSTEM_REF
2025-08-17,OUT_029,C_3820,PSP,Flexible,UM,N/A,1169,175.35,OLD_SYSTEM_REF
2025-08-17,OUT_038,C_5366,BOS,Flexible,Repeat,burger,1252,187.79999999999998,OLD_SYSTEM_REF
2025-08-17,OUT_045,C_7097,BOS,Flexible,Repeat,burger,1733,259.95,OLD_SYSTEM_REF
2025-08-17,OUT_046,C_2532,Visit Pack,Fixed,UM,N/A,1652,247.79999999999998,OLD_SYSTEM_REF
2025-08-17,OUT_048,C_4783,PSP,Flexible,Repeat,N/A,1704,255.6,OLD_SYSTEM_REF
2025-08-17,OUT_055,C_6428,PSP,Flexible,Repeat,N/A,1015,152.25,OLD_SYSTEM_REF
2025-08-17,OUT_056,C_4127,Visit Pack,Fixed,LM,N/A,1333,199.95,OLD_SYSTEM_REF
2025-08-17,OUT_057,C_9952,Visit Pack,Fixed,Repeat,N/A,922,138.29999999999998,OLD_SYSTEM_REF
2025-08-17,OUT_059,C_9134,PSP,Flexible,MM,N/A,999,149.85,OLD_SYSTEM_REF
2025-08-17,OUT_061,C_3790,PSP,Flexible,LM,N/A,652,97.8,OLD_SYSTEM_REF
2025-08-17,OUT_064,C_6640,Visit Pack,Fixed,Lapsed,N/A,938,140.7,OLD_SYSTEM_REF
2025-08-17,OUT_066,C_6895,Visit Pack,Fixed,UM,N/A,906,135.9,OLD_SYSTEM_REF
2025-08-17,OUT_068,C_2773,BOS,Flexible,MM,manchurian,1721,258.15,OLD_SYSTEM_REF
2025-08-17,OUT_071,C_5478,BOS,Flexible,Lapsed,manchurian,1072,160.79999999999998,OLD_SYSTEM_REF
2025-08-17,OUT_075,C_4113,Visit Pack,Fixed,LM,N/A,1920,288.0,OLD_SYSTEM_REF
2025-08-17,OUT_077,C_2401,PSP,Flexible,UM,N/A,1937,290.55,OLD_SYSTEM_REF
2025-08-17,OUT_079,C_5157,Visit Pack,Fixed,LM,N/A,1236,185.4,OLD_SYSTEM_REF
2025-08-17,OUT_098,C_8269,Visit Pack,Fixed,MM,N/A,1375,206.25,OLD_SYSTEM_REF
2025-08-18,OUT_028,C_3226,Visit Pack,Fixed,Repeat,N/A,1783,267.45,OLD_SYSTEM_REF
2025-08-18,OUT_034,C_8282,PSP,Flexible,UM,N/A,839,125.85,OLD_SYSTEM_REF
2025-08-18,OUT_037,C_6729,PSP,Flexible,MM,N/A,1138,170.7,OLD_SYSTEM_REF
2025-08-18,OUT_046,C_6468,BOS,Flexible,Lapsed,pizza,558,83.7,OLD_SYSTEM_REF
2025-08-18,OUT_053,C_6909,Visit Pack,Fixed,LM,N/A,1825,273.75,OLD_SYSTEM_REF
2025-08-18,OUT_057,C_3441,BOS,Flexible,LM,dal makhani,1805,270.75,OLD_SYSTEM_REF
2025-08-18,OUT_058,C_4085,Visit Pack,Fixed,UM,N/A,943,141.45,OLD_SYSTEM_REF
2025-08-18,OUT_063,C_5621,BOS,Flexible,MM,burger,553,82.95,OLD_SYSTEM_REF
2025-08-18,OUT_065,C_6127,BOS,Flexible,UM,burger,675,101.25,OLD_SYSTEM_REF
2025-08-18,OUT_066,C_5044,Visit Pack,Fixed,Lapsed,N/A,821,123.14999999999999,OLD_SYSTEM_REF
2025-08-18,OUT_069,C_1919,BOS,Flexible,UM,manchurian,1142,171.29999999999998,OLD_SYSTEM_REF
2025-08-18,OUT_072,C_5263,PSP,Flexible,Lapsed,N/A,612,91.8,OLD_SYSTEM_REF
2025-08-18,OUT_074,C_9346,Visit Pack,Fixed,MM,N/A,1516,227.4,OLD_SYSTEM_REF
2025-08-18,OUT_075,C_7063,BOS,Flexible,UM,pizza,821,123.14999999999999,OLD_SYSTEM_REF
2025-08-18,OUT_076,C_7991,BOS,Flexible,Repeat,dosa,1890,283.5,OLD_SYSTEM_REF
2025-08-18,OUT_077,C_5851,Visit Pack,Fixed,Lapsed,N/A,509,76.35,OLD_SYSTEM_REF
2025-08-18,OUT_078,C_4657,PSP,Flexible,LM,N/A,1883,282.45,OLD_SYSTEM_REF
2025-08-18,OUT_083,C_5471,PSP,Flexible,Repeat,N/A,1868,280.2,OLD_SYSTEM_REF
2025-08-18,OUT_086,C_3406,PSP,Flexible,UM,N/A,1926,288.9,OLD_SYSTEM_REF
2025-08-18,OUT_091,C_3233,BOS,Flexible,Repeat,dosa,1955,293.25,OLD_SYSTEM_REF
2025-08-18,OUT_093,C_7625,Visit Pack,Fixed,Lapsed,N/A,734,110.1,OLD_SYSTEM_REF
2025-08-18,OUT_097,C_5063,PSP,Flexible,LM,N/A,1227,184.04999999999998,OLD_SYSTEM_REF
2025-08-19,OUT_005,C_4524,Visit Pack,Fixed,LM,N/A,1308,196.2,OLD_SYSTEM_REF
2025-08-19,OUT_015,C_9788,Visit Pack,Fixed,UM,N/A,692,103.8,OLD_SYSTEM_REF
2025-08-19,OUT_024,C_1561,BOS,Flexible,LM,dosa,1841,276.15,OLD_SYSTEM_REF
2025-08-19,OUT_026,C_5798,BOS,Flexible,Repeat,pizza,1043,156.45,OLD_SYSTEM_REF
2025-08-19,OUT_030,C_5714,Visit Pack,Fixed,Lapsed,N/A,1290,193.5,OLD_SYSTEM_REF
2025-08-19,OUT_034,C_8917,PSP,Flexible,UM,N/A,1439,215.85,OLD_SYSTEM_REF
2025-08-19,OUT_038,C_2332,PSP,Flexible,LM,N/A,1360,204.0,OLD_SYSTEM_REF
2025-08-19,OUT_043,C_3656,BOS,Flexible,Repeat,manchurian,556,83.39999999999999,OLD_SYSTEM_REF
2025-08-19,OUT_045,C_4349,BOS,Flexible,Repeat,burger,740,111.0,OLD_SYSTEM_REF
2025-08-19,OUT_046,C_4069,Visit Pack,Fixed,UM,N/A,1029,154.35,OLD_SYSTEM_REF
2025-08-19,OUT_053,C_9296,Visit Pack,Fixed,UM,N/A,1602,240.29999999999998,OLD_SYSTEM_REF
2025-08-19,OUT_071,C_8071,PSP,Flexible,Lapsed,N/A,1640,246.0,OLD_SYSTEM_REF
2025-08-19,OUT_073,C_7572,Visit Pack,Fixed,Repeat,N/A,889,133.35,OLD_SYSTEM_REF
2025-08-19,OUT_076,C_3846,BOS,Flexible,Repeat,dosa,1771,265.65,OLD_SYSTEM_REF
2025-08-19,OUT_080,C_3647,Visit Pack,Fixed,UM,N/A,1542,231.29999999999998,OLD_SYSTEM_REF
2025-08-19,OUT_082,C_3303,Visit Pack,Fixed,UM,N/A,1099,164.85,OLD_SYSTEM_REF
2025-08-19,OUT_084,C_8277,BOS,Flexible,UM,dal makhani,1278,191.7,OLD_SYSTEM_REF
2025-08-19,OUT_087,C_2790,Visit Pack,Fixed,Repeat,N/A,1870,280.5,OLD_SYSTEM_REF
2025-08-20,OUT_004,C_2734,PSP,Flexible,MM,N/A,1452,217.79999999999998,OLD_SYSTEM_REF
2025-08-20,OUT_009,C_5361,PSP,Flexible,Lapsed,N/A,1623,243.45,OLD_SYSTEM_REF
2025-08-20,OUT_024,C_3380,BOS,Flexible,LM,dosa,549,82.35,OLD_SYSTEM_REF
2025-08-20,OUT_037,C_2321,Visit Pack,Fixed,MM,N/A,737,110.55,OLD_SYSTEM_REF
2025-08-20,OUT_042,C_9641,Visit Pack,Fixed,MM,N/A,916,137.4,OLD_SYSTEM_REF
2025-08-20,OUT_055,C_3653,PSP,Flexible,Repeat,N/A,1621,243.14999999999998,OLD_SYSTEM_REF
2025-08-20,OUT_059,C_3178,PSP,Flexible,MM,N/A,803,120.44999999999999,OLD_SYSTEM_REF
2025-08-20,OUT_061,C_5386,BOS,Flexible,MM,dosa,1242,186.29999999999998,OLD_SYSTEM_REF
2025-08-20,OUT_075,C_7289,PSP,Flexible,LM,N/A,653,97.95,OLD_SYSTEM_REF
2025-08-20,OUT_077,C_1382,Visit Pack,Fixed,Repeat,N/A,1323,198.45,OLD_SYSTEM_REF
2025-08-20,OUT_080,C_9126,Visit Pack,Fixed,MM,N/A,862,129.29999999999998,OLD_SYSTEM_REF
2025-08-20,OUT_086,C_1853,BOS,Flexible,UM,dal makhani,1680,252.0,OLD_SYSTEM_REF
2025-08-20,OUT_089,C_2175,BOS,Flexible,UM,manchurian,1355,203.25,OLD_SYSTEM_REF
2025-08-20,OUT_095,C_7541,Visit Pack,Fixed,MM,N/A,1239,185.85,OLD_SYSTEM_REF
2025-08-20,OUT_097,C_4715,Visit Pack,Fixed,Repeat,N/A,835,125.25,OLD_SYSTEM_REF
2025-08-21,OUT_005,C_8892,Visit Pack,Fixed,Lapsed,N/A,999,149.85,OLD_SYSTEM_REF
2025-08-21,OUT_009,C_7152,Visit Pack,Fixed,Lapsed,N/A,530,79.5,OLD_SYSTEM_REF
2025-08-21,OUT_020,C_2067,BOS,Flexible,UM,pizza,1185,177.75,OLD_SYSTEM_REF
2025-08-21,OUT_023,C_7760,Visit Pack,Fixed,Repeat,N/A,959,143.85,OLD_SYSTEM_REF
2025-08-21,OUT_025,C_7307,BOS,Flexible,Repeat,burger,934,140.1,OLD_SYSTEM_REF
2025-08-21,OUT_029,C_9117,BOS,Flexible,LM,dosa,701,105.14999999999999,OLD_SYSTEM_REF
2025-08-21,OUT_036,C_9058,PSP,Flexible,Repeat,N/A,1686,252.89999999999998,OLD_SYSTEM_REF
2025-08-21,OUT_042,C_2966,BOS,Flexible,Lapsed,pizza,1727,259.05,OLD_SYSTEM_REF
2025-08-21,OUT_044,C_2011,PSP,Flexible,LM,N/A,921,138.15,OLD_SYSTEM_REF
2025-08-21,OUT_050,C_1824,PSP,Flexible,UM,N/A,1910,286.5,OLD_SYSTEM_REF
2025-08-21,OUT_053,C_6421,BOS,Flexible,Repeat,manchurian,1258,188.7,OLD_SYSTEM_REF
2025-08-21,OUT_056,C_3202,PSP,Flexible,LM,N/A,1039,155.85,OLD_SYSTEM_REF
2025-08-21,OUT_064,C_9566,PSP,Flexible,UM,N/A,1332,199.79999999999998,OLD_SYSTEM_REF
2025-08-21,OUT_071,C_3490,PSP,Flexible,UM,N/A,1668,250.2,OLD_SYSTEM_REF
2025-08-21,OUT_080,C_9327,Visit Pack,Fixed,Repeat,N/A,582,87.3,OLD_SYSTEM_REF
2025-08-21,OUT_082,C_5374,PSP,Flexible,LM,N/A,759,113.85,OLD_SYSTEM_REF
2025-08-22,OUT_008,C_6488,PSP,Flexible,MM,N/A,811,121.64999999999999,OLD_SYSTEM_REF
2025-08-22,OUT_011,C_2954,PSP,Flexible,MM,N/A,923,138.45,OLD_SYSTEM_REF
2025-08-22,OUT_016,C_6349,BOS,Flexible,Repeat,dosa,1855,278.25,OLD_SYSTEM_REF
2025-08-22,OUT_022,C_9438,Visit Pack,Fixed,Lapsed,N/A,1246,186.9,OLD_SYSTEM_REF
2025-08-22,OUT_025,C_2949,Visit Pack,Fixed,MM,N/A,1747,262.05,OLD_SYSTEM_REF
2025-08-22,OUT_026,C_1552,PSP,Flexible,MM,N/A,1757,263.55,OLD_SYSTEM_REF
2025-08-22,OUT_033,C_8307,BOS,Flexible,UM,dosa,1967,295.05,OLD_SYSTEM_REF
2025-08-22,OUT_035,C_6105,Visit Pack,Fixed,LM,N/A,1052,157.79999999999998,OLD_SYSTEM_REF
2025-08-22,OUT_036,C_9783,BOS,Flexible,Repeat,dal makhani,1848,277.2,OLD_SYSTEM_REF
2025-08-22,OUT_043,C_5132,BOS,Flexible,Lapsed,manchurian,1329,199.35,OLD_SYSTEM_REF
2025-08-22,OUT_045,C_6495,Visit Pack,Fixed,UM,N/A,624,93.6,OLD_SYSTEM_REF
2025-08-22,OUT_057,C_4422,Visit Pack,Fixed,UM,N/A,849,127.35,OLD_SYSTEM_REF
2025-08-22,OUT_063,C_6203,BOS,Flexible,LM,burger,753,112.95,OLD_SYSTEM_REF
2025-08-22,OUT_081,C_5746,BOS,Flexible,LM,pizza,1274,191.1,OLD_SYSTEM_REF
2025-08-22,OUT_083,C_1532,Visit Pack,Fixed,Lapsed,N/A,1909,286.34999999999997,OLD_SYSTEM_REF
2025-08-22,OUT_084,C_7981,Visit Pack,Fixed,UM,N/A,1439,215.85,OLD_SYSTEM_REF
2025-08-22,OUT_094,C_2524,PSP,Flexible,LM,N/A,1199,179.85,OLD_SYSTEM_REF
2025-08-22,OUT_096,C_4335,Visit Pack,Fixed,Repeat,N/A,1893,283.95,OLD_SYSTEM_REF
2025-08-22,OUT_100,C_1147,Visit Pack,Fixed,Lapsed,N/A,668,100.2,OLD_SYSTEM_REF
2025-08-23,OUT_005,C_9128,BOS,Flexible,Repeat,dosa,1802,270.3,OLD_SYSTEM_REF
2025-08-23,OUT_012,C_4087,BOS,Flexible,Lapsed,dal makhani,866,129.9,OLD_SYSTEM_REF
2025-08-23,OUT_028,C_1474,BOS,Flexible,Lapsed,dal makhani,1572,235.79999999999998,OLD_SYSTEM_REF
2025-08-23,OUT_033,C_3099,Visit Pack,Fixed,Repeat,N/A,1573,235.95,OLD_SYSTEM_REF
2025-08-23,OUT_037,C_6572,BOS,Flexible,UM,dal makhani,1710,256.5,OLD_SYSTEM_REF
2025-08-23,OUT_038,C_6967,Visit Pack,Fixed,MM,N/A,770,115.5,OLD_SYSTEM_REF
2025-08-23,OUT_039,C_1548,PSP,Flexible,MM,N/A,934,140.1,OLD_SYSTEM_REF
2025-08-23,OUT_042,C_8930,PSP,Flexible,Repeat,N/A,1503,225.45,OLD_SYSTEM_REF
2025-08-23,OUT_049,C_2470,PSP,Flexible,UM,N/A,580,87.0,OLD_SYSTEM_REF
2025-08-23,OUT_054,C_3556,BOS,Flexible,Lapsed,pizza,901,135.15,OLD_SYSTEM_REF
2025-08-23,OUT_057,C_9637,PSP,Flexible,LM,N/A,830,124.5,OLD_SYSTEM_REF
2025-08-23,OUT_061,C_5230,Visit Pack,Fixed,MM,N/A,1562,234.29999999999998,OLD_SYSTEM_REF
2025-08-23,OUT_064,C_1819,Visit Pack,Fixed,UM,N/A,1427,214.04999999999998,OLD_SYSTEM_REF
2025-08-23,OUT_088,C_4358,PSP,Flexible,Repeat,N/A,1879,281.84999999999997,OLD_SYSTEM_REF
2025-08-23,OUT_094,C_6961,Visit Pack,Fixed,MM,N/A,1374,206.1,OLD_SYSTEM_REF
2025-08-23,OUT_097,C_6795,PSP,Flexible,UM,N/A,1578,236.7,OLD_SYSTEM_REF
2025-08-24,OUT_004,C_7620,BOS,Flexible,Lapsed,dosa,802,120.3,OLD_SYSTEM_REF
2025-08-24,OUT_006,C_3307,BOS,Flexible,Repeat,dosa,833,124.94999999999999,OLD_SYSTEM_REF
2025-08-24,OUT_015,C_3423,BOS,Flexible,MM,dosa,740,111.0,OLD_SYSTEM_REF
2025-08-24,OUT_018,C_2936,PSP,Flexible,LM,N/A,1494,224.1,OLD_SYSTEM_REF
2025-08-24,OUT_020,C_4967,PSP,Flexible,UM,N/A,1997,299.55,OLD_SYSTEM_REF
2025-08-24,OUT_025,C_2674,Visit Pack,Fixed,Lapsed,N/A,582,87.3,OLD_SYSTEM_REF
2025-08-24,OUT_027,C_4890,PSP,Flexible,Repeat,N/A,822,123.3,OLD_SYSTEM_REF
2025-08-24,OUT_028,C_9114,BOS,Flexible,UM,dal makhani,1491,223.65,OLD_SYSTEM_REF
2025-08-24,OUT_034,C_9823,Visit Pack,Fixed,Repeat,N/A,1593,238.95,OLD_SYSTEM_REF
2025-08-24,OUT_038,C_5832,BOS,Flexible,UM,burger,1242,186.29999999999998,OLD_SYSTEM_REF
2025-08-24,OUT_039,C_8739,Visit Pack,Fixed,LM,N/A,1480,222.0,OLD_SYSTEM_REF
2025-08-24,OUT_045,C_5154,PSP,Flexible,MM,N/A,1953,292.95,OLD_SYSTEM_REF
2025-08-24,OUT_046,C_4414,PSP,Flexible,Lapsed,N/A,1494,224.1,OLD_SYSTEM_REF
2025-08-24,OUT_048,C_4249,Visit Pack,Fixed,UM,N/A,1066,159.9,OLD_SYSTEM_REF
2025-08-24,OUT_049,C_2330,BOS,Flexible,LM,dal makhani,1250,187.5,OLD_SYSTEM_REF
2025-08-24,OUT_053,C_5519,PSP,Flexible,UM,N/A,728,109.2,OLD_SYSTEM_REF
2025-08-24,OUT_059,C_7058,PSP,Flexible,Lapsed,N/A,1010,151.5,OLD_SYSTEM_REF
2025-08-24,OUT_060,C_9181,Visit Pack,Fixed,UM,N/A,1601,240.14999999999998,OLD_SYSTEM_REF
2025-08-24,OUT_062,C_1154,BOS,Flexible,Repeat,dal makhani,950,142.5,OLD_SYSTEM_REF
2025-08-24,OUT_064,C_5810,Visit Pack,Fixed,Lapsed,N/A,734,110.1,OLD_SYSTEM_REF
2025-08-24,OUT_086,C_4688,BOS,Flexible,Repeat,dal makhani,868,130.2,OLD_SYSTEM_REF
2025-08-24,OUT_089,C_2247,Visit Pack,Fixed,LM,N/A,1216,182.4,OLD_SYSTEM_REF
2025-08-24,OUT_098,C_6205,Visit Pack,Fixed,LM,N/A,1707,256.05,OLD_SYSTEM_REF
2025-08-25,OUT_001,C_3650,BOS,Flexible,MM,dal makhani,1444,216.6,OLD_SYSTEM_REF
2025-08-25,OUT_002,C_5901,PSP,Flexible,Lapsed,N/A,1026,153.9,OLD_SYSTEM_REF
2025-08-25,OUT_019,C_3478,Visit Pack,Fixed,LM,N/A,1224,183.6,OLD_SYSTEM_REF
2025-08-25,OUT_020,C_8788,PSP,Flexible,LM,N/A,1907,286.05,OLD_SYSTEM_REF
2025-08-25,OUT_022,C_8243,PSP,Flexible,UM,N/A,929,139.35,OLD_SYSTEM_REF
2025-08-25,OUT_044,C_8728,PSP,Flexible,Repeat,N/A,1085,162.75,OLD_SYSTEM_REF
2025-08-25,OUT_055,C_4655,Visit Pack,Fixed,UM,N/A,1645,246.75,OLD_SYSTEM_REF
2025-08-25,OUT_058,C_4053,Visit Pack,Fixed,UM,N/A,919,137.85,OLD_SYSTEM_REF
2025-08-25,OUT_061,C_8412,BOS,Flexible,Repeat,dosa,1844,276.59999999999997,OLD_SYSTEM_REF
2025-08-25,OUT_062,C_8464,Visit Pack,Fixed,MM,N/A,1877,281.55,OLD_SYSTEM_REF
2025-08-25,OUT_064,C_3424,Visit Pack,Fixed,Lapsed,N/A,1557,233.54999999999998,OLD_SYSTEM_REF
2025-08-25,OUT_068,C_6338,PSP,Flexible,MM,N/A,1223,183.45,OLD_SYSTEM_REF
2025-08-25,OUT_070,C_8283,Visit Pack,Fixed,LM,N/A,1652,247.79999999999998,OLD_SYSTEM_REF
2025-08-25,OUT_080,C_1869,Visit Pack,Fixed,UM,N/A,1719,257.84999999999997,OLD_SYSTEM_REF
2025-08-25,OUT_090,C_4946,Visit Pack,Fixed,Lapsed,N/A,1344,201.6,OLD_SYSTEM_REF
2025-08-26,OUT_002,C_9568,PSP,Flexible,Lapsed,N/A,803,120.44999999999999,OLD_SYSTEM_REF
2025-08-26,OUT_004,C_3462,Visit Pack,Fixed,LM,N/A,1228,184.2,OLD_SYSTEM_REF
2025-08-26,OUT_006,C_1932,Visit Pack,Fixed,Repeat,N/A,507,76.05,OLD_SYSTEM_REF
2025-08-26,OUT_008,C_3107,BOS,Flexible,LM,pizza,1638,245.7,OLD_SYSTEM_REF
2025-08-26,OUT_009,C_1651,Visit Pack,Fixed,Lapsed,N/A,1261,189.15,OLD_SYSTEM_REF
2025-08-26,OUT_012,C_6571,Visit Pack,Fixed,UM,N/A,691,103.64999999999999,OLD_SYSTEM_REF
2025-08-26,OUT_014,C_1204,Visit Pack,Fixed,Lapsed,N/A,1123,168.45,OLD_SYSTEM_REF
2025-08-26,OUT_019,C_8847,Visit Pack,Fixed,MM,N/A,524,78.6,OLD_SYSTEM_REF
2025-08-26,OUT_024,C_6478,BOS,Flexible,Lapsed,dosa,1346,201.9,OLD_SYSTEM_REF
2025-08-26,OUT_029,C_4815,PSP,Flexible,Lapsed,N/A,1778,266.7,OLD_SYSTEM_REF
2025-08-26,OUT_044,C_8263,PSP,Flexible,UM,N/A,1017,152.54999999999998,OLD_SYSTEM_REF
2025-08-26,OUT_051,C_4164,Visit Pack,Fixed,LM,N/A,1416,212.4,OLD_SYSTEM_REF
2025-08-26,OUT_053,C_4227,Visit Pack,Fixed,Lapsed,N/A,985,147.75,OLD_SYSTEM_REF
2025-08-26,OUT_060,C_7161,Visit Pack,Fixed,MM,N/A,1269,190.35,OLD_SYSTEM_REF
2025-08-26,OUT_082,C_3722,Visit Pack,Fixed,UM,N/A,940,141.0,OLD_SYSTEM_REF
2025-08-27,OUT_001,C_4153,Visit Pack,Fixed,UM,N/A,1206,180.9,OLD_SYSTEM_REF
2025-08-27,OUT_008,C_8706,Visit Pack,Fixed,Lapsed,N/A,1907,286.05,OLD_SYSTEM_REF
2025-08-27,OUT_014,C_6549,BOS,Flexible,Lapsed,dal makhani,1590,238.5,OLD_SYSTEM_REF
2025-08-27,OUT_018,C_3057,BOS,Flexible,Lapsed,pizza,1186,177.9,OLD_SYSTEM_REF
2025-08-27,OUT_033,C_6187,PSP,Flexible,UM,N/A,1515,227.25,OLD_SYSTEM_REF
2025-08-27,OUT_040,C_9471,BOS,Flexible,UM,manchurian,1637,245.54999999999998,OLD_SYSTEM_REF
2025-08-27,OUT_045,C_2380,Visit Pack,Fixed,Lapsed,N/A,1004,150.6,OLD_SYSTEM_REF
2025-08-27,OUT_046,C_3676,PSP,Flexible,Lapsed,N/A,1615,242.25,OLD_SYSTEM_REF
2025-08-27,OUT_058,C_8466,BOS,Flexible,Lapsed,dosa,584,87.6,OLD_SYSTEM_REF
2025-08-27,OUT_060,C_8485,PSP,Flexible,Lapsed,N/A,1487,223.04999999999998,OLD_SYSTEM_REF
2025-08-27,OUT_062,C_6331,PSP,Flexible,LM,N/A,693,103.95,OLD_SYSTEM_REF
2025-08-27,OUT_066,C_2066,BOS,Flexible,Repeat,manchurian,1478,221.7,OLD_SYSTEM_REF
2025-08-27,OUT_070,C_2949,BOS,Flexible,Lapsed,dosa,1203,180.45,OLD_SYSTEM_REF
2025-08-27,OUT_074,C_4380,Visit Pack,Fixed,Lapsed,N/A,1369,205.35,OLD_SYSTEM_REF
2025-08-27,OUT_077,C_3942,PSP,Flexible,Lapsed,N/A,1494,224.1,OLD_SYSTEM_REF
2025-08-27,OUT_078,C_8410,Visit Pack,Fixed,MM,N/A,1914,287.09999999999997,OLD_SYSTEM_REF
2025-08-27,OUT_089,C_5874,PSP,Flexible,LM,N/A,1280,192.0,OLD_SYSTEM_REF
2025-08-27,OUT_092,C_4244,Visit Pack,Fixed,LM,N/A,1493,223.95,OLD_SYSTEM_REF
2025-08-27,OUT_094,C_7006,Visit Pack,Fixed,Repeat,N/A,1829,274.34999999999997,OLD_SYSTEM_REF
2025-08-27,OUT_098,C_3153,BOS,Flexible,MM,dosa,1619,242.85,OLD_SYSTEM_REF
2025-08-28,OUT_001,C_1885,Visit Pack,Fixed,Repeat,N/A,822,123.3,OLD_SYSTEM_REF
2025-08-28,OUT_005,C_7708,BOS,Flexible,LM,dosa,931,139.65,OLD_SYSTEM_REF
2025-08-28,OUT_006,C_5512,BOS,Flexible,Repeat,dosa,653,97.95,OLD_SYSTEM_REF
2025-08-28,OUT_007,C_6782,BOS,Flexible,Repeat,dal makhani,1841,276.15,OLD_SYSTEM_REF
2025-08-28,OUT_012,C_2923,Visit Pack,Fixed,Repeat,N/A,1563,234.45,OLD_SYSTEM_REF
2025-08-28,OUT_015,C_4030,BOS,Flexible,LM,dosa,1120,168.0,OLD_SYSTEM_REF
2025-08-28,OUT_018,C_5782,Visit Pack,Fixed,UM,N/A,1560,234.0,OLD_SYSTEM_REF
2025-08-28,OUT_026,C_7762,PSP,Flexible,UM,N/A,1263,189.45,OLD_SYSTEM_REF
2025-08-28,OUT_030,C_9401,BOS,Flexible,Lapsed,burger,1404,210.6,OLD_SYSTEM_REF
2025-08-28,OUT_032,C_7112,PSP,Flexible,LM,N/A,1329,199.35,OLD_SYSTEM_REF
2025-08-28,OUT_033,C_4367,Visit Pack,Fixed,UM,N/A,1213,181.95,OLD_SYSTEM_REF
2025-08-28,OUT_038,C_5493,Visit Pack,Fixed,MM,N/A,1979,296.84999999999997,OLD_SYSTEM_REF
2025-08-28,OUT_043,C_3471,PSP,Flexible,UM,N/A,1345,201.75,OLD_SYSTEM_REF
2025-08-28,OUT_048,C_2051,Visit Pack,Fixed,LM,N/A,1025,153.75,OLD_SYSTEM_REF
2025-08-28,OUT_049,C_7180,Visit Pack,Fixed,UM,N/A,1505,225.75,OLD_SYSTEM_REF
2025-08-28,OUT_050,C_2134,PSP,Flexible,UM,N/A,762,114.3,OLD_SYSTEM_REF
2025-08-28,OUT_056,C_5173,BOS,Flexible,UM,dal makhani,749,112.35,OLD_SYSTEM_REF
2025-08-28,OUT_060,C_6034,Visit Pack,Fixed,Repeat,N/A,1466,219.9,OLD_SYSTEM_REF
2025-08-28,OUT_063,C_4568,Visit Pack,Fixed,Lapsed,N/A,941,141.15,OLD_SYSTEM_REF
2025-08-28,OUT_070,C_4995,BOS,Flexible,Repeat,dosa,754,113.1,OLD_SYSTEM_REF
2025-08-28,OUT_073,C_7072,BOS,Flexible,MM,pizza,1051,157.65,OLD_SYSTEM_REF
2025-08-28,OUT_079,C_6190,BOS,Flexible,Lapsed,burger,1336,200.4,OLD_SYSTEM_REF
2025-08-28,OUT_081,C_2978,Visit Pack,Fixed,LM,N/A,699,104.85,OLD_SYSTEM_REF
2025-08-28,OUT_085,C_5091,BOS,Flexible,UM,dosa,604,90.6,OLD_SYSTEM_REF
2025-08-28,OUT_088,C_2673,Visit Pack,Fixed,Repeat,N/A,1039,155.85,OLD_SYSTEM_REF
2025-08-28,OUT_089,C_9565,BOS,Flexible,UM,manchurian,1354,203.1,OLD_SYSTEM_REF
2025-08-28,OUT_093,C_2073,Visit Pack,Fixed,MM,N/A,956,143.4,OLD_SYSTEM_REF
2025-08-28,OUT_095,C_1074,BOS,Flexible,Repeat,burger,1344,201.6,OLD_SYSTEM_REF
2025-08-28,OUT_097,C_7387,Visit Pack,Fixed,Repeat,N/A,1197,179.54999999999998,OLD_SYSTEM_REF
2025-08-29,OUT_003,C_4184,BOS,Flexible,UM,manchurian,1080,162.0,OLD_SYSTEM_REF
2025-08-29,OUT_018,C_7716,PSP,Flexible,LM,N/A,1238,185.7,OLD_SYSTEM_REF
2025-08-29,OUT_022,C_5289,BOS,Flexible,Repeat,pizza,586,87.89999999999999,OLD_SYSTEM_REF
2025-08-29,OUT_027,C_7888,BOS,Flexible,UM,manchurian,1202,180.29999999999998,OLD_SYSTEM_REF
2025-08-29,OUT_029,C_3613,BOS,Flexible,Repeat,dosa,781,117.14999999999999,OLD_SYSTEM_REF
2025-08-29,OUT_031,C_3452,BOS,Flexible,Repeat,manchurian,542,81.3,OLD_SYSTEM_REF
2025-08-29,OUT_032,C_9395,PSP,Flexible,MM,N/A,1685,252.75,OLD_SYSTEM_REF
2025-08-29,OUT_034,C_3380,PSP,Flexible,UM,N/A,1557,233.54999999999998,OLD_SYSTEM_REF
2025-08-29,OUT_037,C_9549,Visit Pack,Fixed,Lapsed,N/A,1424,213.6,OLD_SYSTEM_REF
2025-08-29,OUT_045,C_7529,BOS,Flexible,Repeat,burger,1027,154.04999999999998,OLD_SYSTEM_REF
2025-08-29,OUT_048,C_7352,Visit Pack,Fixed,Lapsed,N/A,1227,184.04999999999998,OLD_SYSTEM_REF
2025-08-29,OUT_050,C_2674,BOS,Flexible,Lapsed,pizza,1816,272.4,OLD_SYSTEM_REF
2025-08-29,OUT_055,C_5736,Visit Pack,Fixed,MM,N/A,893,133.95,OLD_SYSTEM_REF
2025-08-29,OUT_056,C_9994,Visit Pack,Fixed,LM,N/A,1912,286.8,OLD_SYSTEM_REF
2025-08-29,OUT_069,C_5699,PSP,Flexible,MM,N/A,772,115.8,OLD_SYSTEM_REF
2025-08-29,OUT_071,C_9079,BOS,Flexible,UM,manchurian,1169,175.35,OLD_SYSTEM_REF
2025-08-29,OUT_079,C_6261,Visit Pack,Fixed,MM,N/A,754,113.1,OLD_SYSTEM_REF
2025-08-29,OUT_084,C_8080,BOS,Flexible,LM,dal makhani,1885,282.75,OLD_SYSTEM_REF
2025-08-29,OUT_090,C_8683,BOS,Flexible,Repeat,dal makhani,571,85.64999999999999,OLD_SYSTEM_REF
2025-08-29,OUT_093,C_5405,BOS,Flexible,LM,manchurian,1384,207.6,OLD_SYSTEM_REF
2025-08-29,OUT_099,C_9088,BOS,Flexible,UM,manchurian,1440,216.0,OLD_SYSTEM_REF
2025-08-30,OUT_001,C_7555,PSP,Flexible,MM,N/A,1738,260.7,OLD_SYSTEM_REF
2025-08-30,OUT_002,C_3479,PSP,Flexible,Repeat,N/A,1268,190.2,OLD_SYSTEM_REF
2025-08-30,OUT_003,C_8442,PSP,Flexible,UM,N/A,1613,241.95,OLD_SYSTEM_REF
2025-08-30,OUT_009,C_8073,Visit Pack,Fixed,MM,N/A,1921,288.15,OLD_SYSTEM_REF
2025-08-30,OUT_011,C_3180,PSP,Flexible,Repeat,N/A,1275,191.25,OLD_SYSTEM_REF
2025-08-30,OUT_021,C_1594,Visit Pack,Fixed,LM,N/A,1542,231.29999999999998,OLD_SYSTEM_REF
2025-08-30,OUT_026,C_5129,BOS,Flexible,UM,pizza,518,77.7,OLD_SYSTEM_REF
2025-08-30,OUT_029,C_4341,BOS,Flexible,Lapsed,dosa,1219,182.85,OLD_SYSTEM_REF
2025-08-30,OUT_033,C_6922,BOS,Flexible,Lapsed,dosa,808,121.19999999999999,OLD_SYSTEM_REF
2025-08-30,OUT_039,C_5106,PSP,Flexible,Lapsed,N/A,728,109.2,OLD_SYSTEM_REF
2025-08-30,OUT_041,C_3464,BOS,Flexible,Lapsed,manchurian,630,94.5,OLD_SYSTEM_REF
2025-08-30,OUT_043,C_2024,PSP,Flexible,UM,N/A,1912,286.8,OLD_SYSTEM_REF
2025-08-30,OUT_058,C_6459,BOS,Flexible,Repeat,dosa,595,89.25,OLD_SYSTEM_REF
2025-08-30,OUT_060,C_5666,BOS,Flexible,UM,dal makhani,774,116.1,OLD_SYSTEM_REF
2025-08-30,OUT_064,C_9680,PSP,Flexible,Repeat,N/A,1775,266.25,OLD_SYSTEM_REF
2025-08-30,OUT_069,C_2866,Visit Pack,Fixed,Lapsed,N/A,1649,247.35,OLD_SYSTEM_REF
2025-08-30,OUT_073,C_6384,Visit Pack,Fixed,UM,N/A,1222,183.29999999999998,OLD_SYSTEM_REF
2025-08-30,OUT_076,C_5992,Visit Pack,Fixed,LM,N/A,1202,180.29999999999998,OLD_SYSTEM_REF
2025-08-30,OUT_077,C_5003,PSP,Flexible,Lapsed,N/A,846,126.89999999999999,OLD_SYSTEM_REF
2025-08-30,OUT_081,C_9540,PSP,Flexible,Repeat,N/A,1371,205.65,OLD_SYSTEM_REF
2025-08-30,OUT_088,C_9698,BOS,Flexible,Lapsed,burger,1263,189.45,OLD_SYSTEM_REF
2025-08-30,OUT_094,C_6476,BOS,Flexible,UM,dosa,1775,266.25,OLD_SYSTEM_REF
2025-08-31,OUT_002,C_4926,PSP,Flexible,Repeat,N/A,1083,162.45,OLD_SYSTEM_REF
2025-08-31,OUT_004,C_8845,BOS,Flexible,UM,dosa,887,133.04999999999998,OLD_SYSTEM_REF
2025-08-31,OUT_006,C_1734,BOS,Flexible,LM,dosa,1416,212.4,OLD_SYSTEM_REF
2025-08-31,OUT_010,C_5776,Visit Pack,Fixed,LM,N/A,1713,256.95,OLD_SYSTEM_REF
2025-08-31,OUT_018,C_8346,PSP,Flexible,UM,N/A,711,106.64999999999999,OLD_SYSTEM_REF
2025-08-31,OUT_019,C_4263,Visit Pack,Fixed,Repeat,N/A,898,134.7,OLD_SYSTEM_REF
2025-08-31,OUT_021,C_2777,PSP,Flexible,Lapsed,N/A,1774,266.09999999999997,OLD_SYSTEM_REF
2025-08-31,OUT_031,C_3839,Visit Pack,Fixed,Repeat,N/A,949,142.35,OLD_SYSTEM_REF
2025-08-31,OUT_035,C_6203,Visit Pack,Fixed,LM,N/A,938,140.7,OLD_SYSTEM_REF
2025-08-31,OUT_039,C_3103,Visit Pack,Fixed,MM,N/A,581,87.14999999999999,OLD_SYSTEM_REF
2025-08-31,OUT_040,C_9304,Visit Pack,Fixed,Lapsed,N/A,1439,215.85,OLD_SYSTEM_REF
2025-08-31,OUT_046,C_1237,PSP,Flexible,Lapsed,N/A,527,79.05,OLD_SYSTEM_REF
2025-08-31,OUT_048,C_6273,BOS,Flexible,Repeat,burger,919,137.85,OLD_SYSTEM_REF
2025-08-31,OUT_049,C_2453,PSP,Flexible,Repeat,N/A,1358,203.7,OLD_SYSTEM_REF
2025-08-31,OUT_074,C_8718,Visit Pack,Fixed,Lapsed,N/A,1263,189.45,OLD_SYSTEM_REF
2025-08-31,OUT_082,C_3760,PSP,Flexible,Repeat,N/A,1364,204.6,OLD_SYSTEM_REF
2025-08-31,OUT_095,C_3986,BOS,Flexible,Repeat,burger,1189,178.35,OLD_SYSTEM_REF
2025-08-31,OUT_096,C_3278,Visit Pack,Fixed,Repeat,N/A,563,84.45,OLD_SYSTEM_REF
2025-09-01,OUT_002,C_7916,BOS,Flexible,UM,dal makhani,1187,178.04999999999998,OLD_SYSTEM_REF
2025-09-01,OUT_006,C_4104,BOS,Flexible,LM,dosa,1891,283.65,OLD_SYSTEM_REF
2025-09-01,OUT_010,C_3512,PSP,Flexible,LM,N/A,1717,257.55,OLD_SYSTEM_REF
2025-09-01,OUT_013,C_9768,PSP,Flexible,MM,N/A,1108,166.2,OLD_SYSTEM_REF
2025-09-01,OUT_015,C_4278,Visit Pack,Fixed,LM,N/A,580,87.0,OLD_SYSTEM_REF
2025-09-01,OUT_018,C_5862,PSP,Flexible,UM,N/A,1968,295.2,OLD_SYSTEM_REF
2025-09-01,OUT_019,C_8989,PSP,Flexible,Lapsed,N/A,858,128.7,OLD_SYSTEM_REF
2025-09-01,OUT_023,C_2381,PSP,Flexible,UM,N/A,513,76.95,OLD_SYSTEM_REF
2025-09-01,OUT_024,C_5997,PSP,Flexible,Repeat,N/A,1533,229.95,OLD_SYSTEM_REF
2025-09-01,OUT_030,C_1417,Visit Pack,Fixed,Repeat,N/A,922,138.29999999999998,OLD_SYSTEM_REF
2025-09-01,OUT_034,C_1826,Visit Pack,Fixed,LM,N/A,1587,238.04999999999998,OLD_SYSTEM_REF
2025-09-01,OUT_035,C_5735,Visit Pack,Fixed,MM,N/A,1295,194.25,OLD_SYSTEM_REF
2025-09-01,OUT_036,C_8617,PSP,Flexible,UM,N/A,1567,235.04999999999998,OLD_SYSTEM_REF
2025-09-01,OUT_042,C_4295,Visit Pack,Fixed,Repeat,N/A,1542,231.29999999999998,OLD_SYSTEM_REF
2025-09-01,OUT_045,C_4883,BOS,Flexible,MM,burger,1949,292.34999999999997,OLD_SYSTEM_REF
2025-09-01,OUT_054,C_4705,BOS,Flexible,MM,pizza,1272,190.79999999999998,OLD_SYSTEM_REF
2025-09-01,OUT_059,C_2901,Visit Pack,Fixed,MM,N/A,844,126.6,OLD_SYSTEM_REF
2025-09-01,OUT_060,C_8138,PSP,Flexible,LM,N/A,1530,229.5,OLD_SYSTEM_REF
2025-09-01,OUT_064,C_8703,BOS,Flexible,Lapsed,manchurian,1456,218.4,OLD_SYSTEM_REF
2025-09-01,OUT_066,C_3817,BOS,Flexible,Repeat,manchurian,702,105.3,OLD_SYSTEM_REF
2025-09-01,OUT_069,C_4491,BOS,Flexible,MM,manchurian,677,101.55,OLD_SYSTEM_REF
2025-09-01,OUT_073,C_1144,BOS,Flexible,UM,pizza,1580,237.0,OLD_SYSTEM_REF
2025-09-01,OUT_075,C_8828,PSP,Flexible,LM,N/A,1201,180.15,OLD_SYSTEM_REF
2025-09-01,OUT_078,C_2247,BOS,Flexible,Repeat,burger,1223,183.45,OLD_SYSTEM_REF
2025-09-01,OUT_084,C_6096,PSP,Flexible,UM,N/A,1147,172.04999999999998,OLD_SYSTEM_REF
2025-09-01,OUT_088,C_1425,Visit Pack,Fixed,UM,N/A,1782,267.3,OLD_SYSTEM_REF
2025-09-01,OUT_090,C_2999,BOS,Flexible,Lapsed,dal makhani,1790,268.5,OLD_SYSTEM_REF
2025-09-01,OUT_092,C_8259,PSP,Flexible,Repeat,N/A,1105,165.75,OLD_SYSTEM_REF
2025-09-02,OUT_001,C_3663,PSP,Flexible,UM,N/A,1737,260.55,OLD_SYSTEM_REF
2025-09-02,OUT_004,C_1279,Visit Pack,Fixed,Lapsed,N/A,699,104.85,OLD_SYSTEM_REF
2025-09-02,OUT_011,C_9181,BOS,Flexible,MM,burger,1018,152.7,OLD_SYSTEM_REF
2025-09-02,OUT_014,C_7000,Visit Pack,Fixed,Repeat,N/A,1182,177.29999999999998,OLD_SYSTEM_REF
2025-09-02,OUT_022,C_3103,PSP,Flexible,MM,N/A,1132,169.79999999999998,OLD_SYSTEM_REF
2025-09-02,OUT_028,C_6837,BOS,Flexible,LM,dal makhani,905,135.75,OLD_SYSTEM_REF
2025-09-02,OUT_034,C_5136,PSP,Flexible,UM,N/A,1371,205.65,OLD_SYSTEM_REF
2025-09-02,OUT_035,C_1494,BOS,Flexible,Repeat,manchurian,1582,237.29999999999998,OLD_SYSTEM_REF
2025-09-02,OUT_039,C_3165,PSP,Flexible,UM,N/A,1629,244.35,OLD_SYSTEM_REF
2025-09-02,OUT_040,C_4040,Visit Pack,Fixed,UM,N/A,1319,197.85,OLD_SYSTEM_REF
2025-09-02,OUT_045,C_3557,Visit Pack,Fixed,MM,N/A,1409,211.35,OLD_SYSTEM_REF
2025-09-02,OUT_050,C_8107,Visit Pack,Fixed,UM,N/A,1199,179.85,OLD_SYSTEM_REF
2025-09-02,OUT_051,C_3276,PSP,Flexible,UM,N/A,711,106.64999999999999,OLD_SYSTEM_REF
2025-09-02,OUT_054,C_5706,BOS,Flexible,UM,pizza,1880,282.0,OLD_SYSTEM_REF
2025-09-02,OUT_063,C_4968,Visit Pack,Fixed,Lapsed,N/A,1312,196.79999999999998,OLD_SYSTEM_REF
2025-09-02,OUT_070,C_6482,BOS,Flexible,Repeat,dosa,1457,218.54999999999998,OLD_SYSTEM_REF
2025-09-02,OUT_071,C_9434,Visit Pack,Fixed,UM,N/A,534,80.1,OLD_SYSTEM_REF
2025-09-02,OUT_076,C_5829,BOS,Flexible,MM,dosa,705,105.75,OLD_SYSTEM_REF
2025-09-02,OUT_079,C_9768,BOS,Flexible,Repeat,burger,1474,221.1,OLD_SYSTEM_REF
2025-09-02,OUT_081,C_9560,Visit Pack,Fixed,UM,N/A,942,141.29999999999998,OLD_SYSTEM_REF
2025-09-02,OUT_087,C_6243,PSP,Flexible,MM,N/A,1206,180.9,OLD_SYSTEM_REF
2025-09-02,OUT_089,C_5118,Visit Pack,Fixed,UM,N/A,1771,265.65,OLD_SYSTEM_REF
2025-09-02,OUT_091,C_4591,Visit Pack,Fixed,Repeat,N/A,525,78.75,OLD_SYSTEM_REF
2025-09-02,OUT_095,C_3062,PSP,Flexible,Repeat,N/A,1824,273.59999999999997,OLD_SYSTEM_REF
2025-09-02,OUT_097,C_4815,BOS,Flexible,UM,burger,1283,192.45,OLD_SYSTEM_REF
2025-09-03,OUT_007,C_9509,BOS,Flexible,Lapsed,dal makhani,1889,283.34999999999997,OLD_SYSTEM_REF
2025-09-03,OUT_012,C_9883,Visit Pack,Fixed,LM,N/A,976,146.4,OLD_SYSTEM_REF
2025-09-03,OUT_022,C_2597,PSP,Flexible,Repeat,N/A,1494,224.1,OLD_SYSTEM_REF
2025-09-03,OUT_035,C_6419,Visit Pack,Fixed,Repeat,N/A,717,107.55,OLD_SYSTEM_REF
2025-09-03,OUT_039,C_3729,PSP,Flexible,Repeat,N/A,1348,202.2,OLD_SYSTEM_REF
2025-09-03,OUT_043,C_6988,BOS,Flexible,Lapsed,manchurian,614,92.1,OLD_SYSTEM_REF
2025-09-03,OUT_045,C_2659,BOS,Flexible,Lapsed,burger,1277,191.54999999999998,OLD_SYSTEM_REF
2025-09-03,OUT_054,C_4339,PSP,Flexible,LM,N/A,1131,169.65,OLD_SYSTEM_REF
2025-09-03,OUT_076,C_4693,BOS,Flexible,Repeat,dosa,1916,287.4,OLD_SYSTEM_REF
2025-09-03,OUT_085,C_4189,PSP,Flexible,LM,N/A,1240,186.0,OLD_SYSTEM_REF
2025-09-03,OUT_090,C_8504,Visit Pack,Fixed,Lapsed,N/A,1853,277.95,OLD_SYSTEM_REF
2025-09-03,OUT_091,C_6303,PSP,Flexible,UM,N/A,1051,157.65,OLD_SYSTEM_REF
2025-09-03,OUT_092,C_8804,PSP,Flexible,MM,N/A,1109,166.35,OLD_SYSTEM_REF
2025-09-03,OUT_093,C_5283,Visit Pack,Fixed,Repeat,N/A,1716,257.4,OLD_SYSTEM_REF
2025-09-03,OUT_096,C_8307,Visit Pack,Fixed,Repeat,N/A,984,147.6,OLD_SYSTEM_REF
2025-09-04,OUT_011,C_7304,PSP,Flexible,Repeat,N/A,1973,295.95,OLD_SYSTEM_REF
2025-09-04,OUT_016,C_5275,Visit Pack,Fixed,LM,N/A,1576,236.39999999999998,OLD_SYSTEM_REF
2025-09-04,OUT_030,C_3036,Visit Pack,Fixed,UM,N/A,1881,282.15,OLD_SYSTEM_REF
2025-09-04,OUT_037,C_3039,BOS,Flexible,MM,dal makhani,1812,271.8,OLD_SYSTEM_REF
2025-09-04,OUT_046,C_6565,Visit Pack,Fixed,UM,N/A,1390,208.5,OLD_SYSTEM_REF
2025-09-04,OUT_047,C_7330,PSP,Flexible,MM,N/A,1125,168.75,OLD_SYSTEM_REF
2025-09-04,OUT_053,C_1557,PSP,Flexible,MM,N/A,1830,274.5,OLD_SYSTEM_REF
2025-09-04,OUT_058,C_3893,Visit Pack,Fixed,UM,N/A,796,119.39999999999999,OLD_SYSTEM_REF
2025-09-04,OUT_060,C_1399,BOS,Flexible,Repeat,dal makhani,1480,222.0,OLD_SYSTEM_REF
2025-09-04,OUT_065,C_8451,Visit Pack,Fixed,LM,N/A,1092,163.79999999999998,OLD_SYSTEM_REF
2025-09-04,OUT_068,C_6607,PSP,Flexible,Lapsed,N/A,768,115.19999999999999,OLD_SYSTEM_REF
2025-09-04,OUT_073,C_1159,PSP,Flexible,UM,N/A,700,105.0,OLD_SYSTEM_REF
2025-09-04,OUT_075,C_6840,Visit Pack,Fixed,MM,N/A,924,138.6,OLD_SYSTEM_REF
2025-09-04,OUT_076,C_1341,PSP,Flexible,Repeat,N/A,1786,267.9,OLD_SYSTEM_REF
2025-09-04,OUT_081,C_7371,BOS,Flexible,Repeat,pizza,677,101.55,OLD_SYSTEM_REF
2025-09-04,OUT_087,C_5941,PSP,Flexible,Repeat,N/A,788,118.19999999999999,OLD_SYSTEM_REF
2025-09-04,OUT_090,C_8267,PSP,Flexible,Repeat,N/A,1000,150.0,OLD_SYSTEM_REF
2025-09-04,OUT_091,C_5039,PSP,Flexible,MM,N/A,698,104.7,OLD_SYSTEM_REF
2025-09-04,OUT_096,C_8862,PSP,Flexible,Lapsed,N/A,522,78.3,OLD_SYSTEM_REF
2025-09-04,OUT_098,C_3288,PSP,Flexible,UM,N/A,842,126.3,OLD_SYSTEM_REF
2025-09-05,OUT_001,C_6968,Visit Pack,Fixed,UM,N/A,1363,204.45,OLD_SYSTEM_REF
2025-09-05,OUT_002,C_9691,BOS,Flexible,Repeat,dal makhani,722,108.3,OLD_SYSTEM_REF
2025-09-05,OUT_009,C_6796,PSP,Flexible,Lapsed,N/A,1185,177.75,OLD_SYSTEM_REF
2025-09-05,OUT_012,C_9500,Visit Pack,Fixed,UM,N/A,820,123.0,OLD_SYSTEM_REF
2025-09-05,OUT_015,C_2972,Visit Pack,Fixed,Repeat,N/A,1795,269.25,OLD_SYSTEM_REF
2025-09-05,OUT_016,C_2210,PSP,Flexible,UM,N/A,718,107.7,OLD_SYSTEM_REF
2025-09-05,OUT_017,C_4277,BOS,Flexible,UM,pizza,1141,171.15,OLD_SYSTEM_REF
2025-09-05,OUT_018,C_6621,Visit Pack,Fixed,MM,N/A,1590,238.5,OLD_SYSTEM_REF
2025-09-05,OUT_022,C_6354,BOS,Flexible,Repeat,pizza,640,96.0,OLD_SYSTEM_REF
2025-09-05,OUT_029,C_3298,PSP,Flexible,Lapsed,N/A,1511,226.65,OLD_SYSTEM_REF
2025-09-05,OUT_031,C_5285,BOS,Flexible,LM,manchurian,1692,253.79999999999998,OLD_SYSTEM_REF
2025-09-05,OUT_034,C_9119,PSP,Flexible,Lapsed,N/A,583,87.45,OLD_SYSTEM_REF
2025-09-05,OUT_035,C_2032,Visit Pack,Fixed,Lapsed,N/A,573,85.95,OLD_SYSTEM_REF
2025-09-05,OUT_036,C_8878,PSP,Flexible,Repeat,N/A,531,79.64999999999999,OLD_SYSTEM_REF
2025-09-05,OUT_043,C_2844,PSP,Flexible,Lapsed,N/A,1324,198.6,OLD_SYSTEM_REF
2025-09-05,OUT_048,C_3941,BOS,Flexible,Repeat,burger,1575,236.25,OLD_SYSTEM_REF
2025-09-05,OUT_064,C_6281,BOS,Flexible,Lapsed,manchurian,1247,187.04999999999998,OLD_SYSTEM_REF
2025-09-05,OUT_068,C_4576,PSP,Flexible,LM,N/A,845,126.75,OLD_SYSTEM_REF
2025-09-05,OUT_076,C_2905,PSP,Flexible,UM,N/A,1941,291.15,OLD_SYSTEM_REF
2025-09-05,OUT_079,C_7146,BOS,Flexible,LM,burger,790,118.5,OLD_SYSTEM_REF
2025-09-05,OUT_080,C_3571,Visit Pack,Fixed,MM,N/A,1325,198.75,OLD_SYSTEM_REF
2025-09-05,OUT_082,C_4920,BOS,Flexible,LM,dosa,1656,248.39999999999998,OLD_SYSTEM_REF
2025-09-05,OUT_090,C_8332,Visit Pack,Fixed,MM,N/A,572,85.8,OLD_SYSTEM_REF
2025-09-05,OUT_096,C_8469,BOS,Flexible,UM,burger,1689,253.35,OLD_SYSTEM_REF
2025-09-05,OUT_099,C_2319,BOS,Flexible,Repeat,manchurian,724,108.6,OLD_SYSTEM_REF
2025-09-06,OUT_004,C_9826,BOS,Flexible,UM,dosa,1674,251.1,OLD_SYSTEM_REF
2025-09-06,OUT_008,C_4891,PSP,Flexible,MM,N/A,1957,293.55,OLD_SYSTEM_REF
2025-09-06,OUT_018,C_8808,BOS,Flexible,MM,pizza,621,93.14999999999999,OLD_SYSTEM_REF
2025-09-06,OUT_019,C_3787,Visit Pack,Fixed,UM,N/A,1137,170.54999999999998,OLD_SYSTEM_REF
2025-09-06,OUT_021,C_3771,PSP,Flexible,MM,N/A,612,91.8,OLD_SYSTEM_REF
2025-09-06,OUT_022,C_2101,Visit Pack,Fixed,Repeat,N/A,825,123.75,OLD_SYSTEM_REF
2025-09-06,OUT_025,C_4648,BOS,Flexible,Lapsed,burger,1170,175.5,OLD_SYSTEM_REF
2025-09-06,OUT_031,C_6496,BOS,Flexible,Lapsed,manchurian,1795,269.25,OLD_SYSTEM_REF
2025-09-06,OUT_035,C_7280,Visit Pack,Fixed,Repeat,N/A,684,102.6,OLD_SYSTEM_REF
2025-09-06,OUT_036,C_7957,Visit Pack,Fixed,Repeat,N/A,1054,158.1,OLD_SYSTEM_REF
2025-09-06,OUT_041,C_7932,PSP,Flexible,MM,N/A,520,78.0,OLD_SYSTEM_REF
2025-09-06,OUT_045,C_1442,BOS,Flexible,UM,burger,1848,277.2,OLD_SYSTEM_REF
2025-09-06,OUT_046,C_8740,Visit Pack,Fixed,UM,N/A,690,103.5,OLD_SYSTEM_REF
2025-09-06,OUT_051,C_4202,BOS,Flexible,UM,manchurian,1518,227.7,OLD_SYSTEM_REF
2025-09-06,OUT_057,C_4564,BOS,Flexible,MM,dal makhani,660,99.0,OLD_SYSTEM_REF
2025-09-06,OUT_074,C_7267,Visit Pack,Fixed,Repeat,N/A,1739,260.84999999999997,OLD_SYSTEM_REF
2025-09-06,OUT_077,C_4606,BOS,Flexible,Repeat,dosa,798,119.69999999999999,OLD_SYSTEM_REF
2025-09-06,OUT_083,C_7414,PSP,Flexible,LM,N/A,1011,151.65,OLD_SYSTEM_REF
2025-09-06,OUT_086,C_6390,Visit Pack,Fixed,MM,N/A,1652,247.79999999999998,OLD_SYSTEM_REF
2025-09-06,OUT_095,C_1213,BOS,Flexible,UM,burger,626,93.89999999999999,OLD_SYSTEM_REF
2025-09-06,OUT_096,C_2156,BOS,Flexible,Lapsed,burger,1150,172.5,OLD_SYSTEM_REF
2025-09-07,OUT_006,C_7348,Visit Pack,Fixed,Repeat,N/A,515,77.25,OLD_SYSTEM_REF
2025-09-07,OUT_010,C_5653,Visit Pack,Fixed,Repeat,N/A,1851,277.65,OLD_SYSTEM_REF
2025-09-07,OUT_012,C_1451,BOS,Flexible,Repeat,dal makhani,808,121.19999999999999,OLD_SYSTEM_REF
2025-09-07,OUT_014,C_9076,Visit Pack,Fixed,LM,N/A,1907,286.05,OLD_SYSTEM_REF
2025-09-07,OUT_024,C_4251,PSP,Flexible,Lapsed,N/A,652,97.8,OLD_SYSTEM_REF
2025-09-07,OUT_033,C_1265,BOS,Flexible,Lapsed,dosa,744,111.6,OLD_SYSTEM_REF
2025-09-07,OUT_036,C_9275,BOS,Flexible,MM,dal makhani,1864,279.59999999999997,OLD_SYSTEM_REF
2025-09-07,OUT_039,C_7090,PSP,Flexible,MM,N/A,859,128.85,OLD_SYSTEM_REF
2025-09-07,OUT_046,C_4673,PSP,Flexible,LM,N/A,607,91.05,OLD_SYSTEM_REF
2025-09-07,OUT_048,C_6196,PSP,Flexible,Repeat,N/A,1272,190.79999999999998,OLD_SYSTEM_REF
2025-09-07,OUT_050,C_9832,BOS,Flexible,UM,pizza,1954,293.09999999999997,OLD_SYSTEM_REF
2025-09-07,OUT_056,C_5403,Visit Pack,Fixed,Repeat,N/A,740,111.0,OLD_SYSTEM_REF
2025-09-07,OUT_061,C_2592,Visit Pack,Fixed,Lapsed,N/A,1484,222.6,OLD_SYSTEM_REF
2025-09-07,OUT_064,C_8689,BOS,Flexible,MM,manchurian,1282,192.29999999999998,OLD_SYSTEM_REF
2025-09-07,OUT_067,C_7843,Visit Pack,Fixed,Repeat,N/A,1236,185.4,OLD_SYSTEM_REF
2025-09-07,OUT_069,C_6919,Visit Pack,Fixed,Lapsed,N/A,1627,244.04999999999998,OLD_SYSTEM_REF
2025-09-07,OUT_075,C_3580,PSP,Flexible,MM,N/A,507,76.05,OLD_SYSTEM_REF
2025-09-07,OUT_083,C_6175,BOS,Flexible,Lapsed,manchurian,1866,279.9,OLD_SYSTEM_REF
2025-09-07,OUT_088,C_5856,BOS,Flexible,Repeat,burger,1427,214.04999999999998,OLD_SYSTEM_REF
2025-09-07,OUT_094,C_4026,Visit Pack,Fixed,Lapsed,N/A,1420,213.0,OLD_SYSTEM_REF
2025-09-08,OUT_003,C_3070,PSP,Flexible,Repeat,N/A,904,135.6,OLD_SYSTEM_REF
2025-09-08,OUT_008,C_1170,BOS,Flexible,Lapsed,pizza,1561,234.14999999999998,OLD_SYSTEM_REF
2025-09-08,OUT_009,C_2595,Visit Pack,Fixed,LM,N/A,1696,254.39999999999998,OLD_SYSTEM_REF
2025-09-08,OUT_010,C_1624,BOS,Flexible,MM,pizza,979,146.85,OLD_SYSTEM_REF
2025-09-08,OUT_012,C_3076,BOS,Flexible,Lapsed,dal makhani,707,106.05,OLD_SYSTEM_REF
2025-09-08,OUT_031,C_2158,PSP,Flexible,Repeat,N/A,1881,282.15,OLD_SYSTEM_REF
2025-09-08,OUT_032,C_3479,Visit Pack,Fixed,UM,N/A,815,122.25,OLD_SYSTEM_REF
2025-09-08,OUT_041,C_7595,PSP,Flexible,Lapsed,N/A,1826,273.9,OLD_SYSTEM_REF
2025-09-08,OUT_045,C_4729,Visit Pack,Fixed,Lapsed,N/A,1373,205.95,OLD_SYSTEM_REF
2025-09-08,OUT_050,C_6192,PSP,Flexible,LM,N/A,926,138.9,OLD_SYSTEM_REF
2025-09-08,OUT_058,C_5195,BOS,Flexible,LM,dosa,641,96.14999999999999,OLD_SYSTEM_REF
2025-09-08,OUT_060,C_7326,Visit Pack,Fixed,UM,N/A,738,110.7,OLD_SYSTEM_REF
2025-09-08,OUT_068,C_3476,Visit Pack,Fixed,UM,N/A,719,107.85,OLD_SYSTEM_REF
2025-09-08,OUT_078,C_8972,Visit Pack,Fixed,MM,N/A,608,91.2,OLD_SYSTEM_REF
2025-09-08,OUT_088,C_5717,PSP,Flexible,UM,N/A,1365,204.75,OLD_SYSTEM_REF
2025-09-08,OUT_090,C_5716,BOS,Flexible,LM,dal makhani,583,87.45,OLD_SYSTEM_REF
2025-09-08,OUT_093,C_8901,Visit Pack,Fixed,MM,N/A,1730,259.5,OLD_SYSTEM_REF
2025-09-08,OUT_098,C_8086,PSP,Flexible,LM,N/A,881,132.15,OLD_SYSTEM_REF
2025-09-09,OUT_001,C_9598,PSP,Flexible,MM,N/A,595,89.25,OLD_SYSTEM_REF
2025-09-09,OUT_008,C_4377,Visit Pack,Fixed,Repeat,N/A,1379,206.85,OLD_SYSTEM_REF
2025-09-09,OUT_011,C_7015,PSP,Flexible,Lapsed,N/A,1846,276.9,OLD_SYSTEM_REF
2025-09-09,OUT_012,C_9983,Visit Pack,Fixed,Lapsed,N/A,1490,223.5,OLD_SYSTEM_REF
2025-09-09,OUT_013,C_2831,PSP,Flexible,Repeat,N/A,1078,161.7,OLD_SYSTEM_REF
2025-09-09,OUT_021,C_3976,BOS,Flexible,LM,dosa,1057,158.54999999999998,OLD_SYSTEM_REF
2025-09-09,OUT_030,C_6304,Visit Pack,Fixed,LM,N/A,552,82.8,OLD_SYSTEM_REF
2025-09-09,OUT_035,C_8108,BOS,Flexible,UM,manchurian,674,101.1,OLD_SYSTEM_REF
2025-09-09,OUT_044,C_6283,PSP,Flexible,Repeat,N/A,565,84.75,OLD_SYSTEM_REF
2025-09-09,OUT_050,C_9659,PSP,Flexible,Lapsed,N/A,1709,256.34999999999997,OLD_SYSTEM_REF
2025-09-09,OUT_063,C_8510,BOS,Flexible,Repeat,burger,1401,210.15,OLD_SYSTEM_REF
2025-09-09,OUT_065,C_5476,PSP,Flexible,LM,N/A,1805,270.75,OLD_SYSTEM_REF
2025-09-09,OUT_069,C_8443,Visit Pack,Fixed,Repeat,N/A,1446,216.9,OLD_SYSTEM_REF
2025-09-09,OUT_071,C_5612,BOS,Flexible,UM,manchurian,1696,254.39999999999998,OLD_SYSTEM_REF
2025-09-09,OUT_073,C_5129,PSP,Flexible,UM,N/A,836,125.39999999999999,OLD_SYSTEM_REF
2025-09-09,OUT_077,C_4621,BOS,Flexible,MM,dosa,1898,284.7,OLD_SYSTEM_REF
2025-09-09,OUT_078,C_7646,PSP,Flexible,Lapsed,N/A,924,138.6,OLD_SYSTEM_REF
2025-09-09,OUT_080,C_1966,BOS,Flexible,LM,manchurian,810,121.5,OLD_SYSTEM_REF
2025-09-09,OUT_082,C_8057,BOS,Flexible,LM,dosa,1174,176.1,OLD_SYSTEM_REF
2025-09-09,OUT_086,C_2511,PSP,Flexible,Repeat,N/A,1597,239.54999999999998,OLD_SYSTEM_REF
2025-09-09,OUT_095,C_2639,BOS,Flexible,Lapsed,burger,1019,152.85,OLD_SYSTEM_REF
2025-09-09,OUT_100,C_7815,BOS,Flexible,Lapsed,dosa,570,85.5,OLD_SYSTEM_REF
2025-09-10,OUT_004,C_7837,Visit Pack,Fixed,MM,N/A,1369,205.35,OLD_SYSTEM_REF
2025-09-10,OUT_005,C_7692,PSP,Flexible,MM,N/A,974,146.1,OLD_SYSTEM_REF
2025-09-10,OUT_011,C_3637,BOS,Flexible,Repeat,burger,717,107.55,OLD_SYSTEM_REF
2025-09-10,OUT_012,C_3609,BOS,Flexible,Lapsed,dal makhani,1134,170.1,OLD_SYSTEM_REF
2025-09-10,OUT_017,C_7650,BOS,Flexible,Lapsed,pizza,893,133.95,OLD_SYSTEM_REF
2025-09-10,OUT_019,C_1762,PSP,Flexible,Repeat,N/A,1491,223.65,OLD_SYSTEM_REF
2025-09-10,OUT_026,C_9318,PSP,Flexible,MM,N/A,1097,164.54999999999998,OLD_SYSTEM_REF
2025-09-10,OUT_029,C_2501,BOS,Flexible,MM,dosa,1383,207.45,OLD_SYSTEM_REF
2025-09-10,OUT_032,C_8599,PSP,Flexible,LM,N/A,925,138.75,OLD_SYSTEM_REF
2025-09-10,OUT_040,C_8707,BOS,Flexible,MM,manchurian,1167,175.04999999999998,OLD_SYSTEM_REF
2025-09-10,OUT_044,C_7263,Visit Pack,Fixed,LM,N/A,1832,274.8,OLD_SYSTEM_REF
2025-09-10,OUT_054,C_5317,BOS,Flexible,Lapsed,pizza,825,123.75,OLD_SYSTEM_REF
2025-09-10,OUT_058,C_1588,PSP,Flexible,Repeat,N/A,1862,279.3,OLD_SYSTEM_REF
2025-09-10,OUT_068,C_2068,BOS,Flexible,Repeat,manchurian,1245,186.75,OLD_SYSTEM_REF
2025-09-10,OUT_069,C_9988,Visit Pack,Fixed,MM,N/A,1708,256.2,OLD_SYSTEM_REF
2025-09-10,OUT_070,C_2961,BOS,Flexible,Lapsed,dosa,961,144.15,OLD_SYSTEM_REF
2025-09-10,OUT_096,C_2623,BOS,Flexible,Lapsed,burger,643,96.45,OLD_SYSTEM_REF
2025-09-11,OUT_013,C_1144,PSP,Flexible,Repeat,N/A,1873,280.95,OLD_SYSTEM_REF
2025-09-11,OUT_022,C_6131,BOS,Flexible,UM,pizza,561,84.14999999999999,OLD_SYSTEM_REF
2025-09-11,OUT_034,C_2438,Visit Pack,Fixed,LM,N/A,1498,224.7,OLD_SYSTEM_REF
2025-09-11,OUT_037,C_2490,PSP,Flexible,MM,N/A,1531,229.65,OLD_SYSTEM_REF
2025-09-11,OUT_043,C_5262,BOS,Flexible,UM,manchurian,846,126.89999999999999,OLD_SYSTEM_REF
2025-09-11,OUT_053,C_9256,PSP,Flexible,UM,N/A,878,131.7,OLD_SYSTEM_REF
2025-09-11,OUT_055,C_4482,BOS,Flexible,UM,dosa,1703,255.45,OLD_SYSTEM_REF
2025-09-11,OUT_058,C_9944,BOS,Flexible,UM,dosa,1302,195.29999999999998,OLD_SYSTEM_REF
2025-09-11,OUT_061,C_3528,BOS,Flexible,UM,dosa,927,139.04999999999998,OLD_SYSTEM_REF
2025-09-11,OUT_070,C_9531,BOS,Flexible,UM,dosa,1861,279.15,OLD_SYSTEM_REF
2025-09-11,OUT_074,C_2694,Visit Pack,Fixed,Repeat,N/A,547,82.05,OLD_SYSTEM_REF
2025-09-11,OUT_079,C_6669,PSP,Flexible,LM,N/A,632,94.8,OLD_SYSTEM_REF
2025-09-11,OUT_083,C_7914,PSP,Flexible,Lapsed,N/A,888,133.2,OLD_SYSTEM_REF
2025-09-11,OUT_084,C_5273,PSP,Flexible,UM,N/A,1829,274.34999999999997,OLD_SYSTEM_REF
2025-09-11,OUT_089,C_8740,BOS,Flexible,MM,manchurian,1429,214.35,OLD_SYSTEM_REF
2025-09-11,OUT_092,C_4043,Visit Pack,Fixed,MM,N/A,1674,251.1,OLD_SYSTEM_REF
2025-09-11,OUT_099,C_4106,PSP,Flexible,MM,N/A,1691,253.64999999999998,OLD_SYSTEM_REF
2025-09-12,OUT_009,C_2630,Visit Pack,Fixed,Lapsed,N/A,1396,209.4,OLD_SYSTEM_REF
2025-09-12,OUT_022,C_1875,PSP,Flexible,Lapsed,N/A,1311,196.65,OLD_SYSTEM_REF
2025-09-12,OUT_030,C_5879,BOS,Flexible,Repeat,burger,1432,214.79999999999998,OLD_SYSTEM_REF
2025-09-12,OUT_031,C_4072,Visit Pack,Fixed,Lapsed,N/A,708,106.2,OLD_SYSTEM_REF
2025-09-12,OUT_033,C_5766,BOS,Flexible,MM,dosa,1988,298.2,OLD_SYSTEM_REF
2025-09-12,OUT_035,C_6194,PSP,Flexible,Lapsed,N/A,1962,294.3,OLD_SYSTEM_REF
2025-09-12,OUT_036,C_7588,Visit Pack,Fixed,UM,N/A,546,81.89999999999999,OLD_SYSTEM_REF
2025-09-12,OUT_038,C_6167,PSP,Flexible,UM,N/A,1076,161.4,OLD_SYSTEM_REF
2025-09-12,OUT_044,C_8466,Visit Pack,Fixed,Lapsed,N/A,994,149.1,OLD_SYSTEM_REF
2025-09-12,OUT_045,C_9090,PSP,Flexible,Repeat,N/A,1140,171.0,OLD_SYSTEM_REF
2025-09-12,OUT_048,C_4277,BOS,Flexible,UM,burger,1281,192.15,OLD_SYSTEM_REF
2025-09-12,OUT_050,C_8058,Visit Pack,Fixed,Lapsed,N/A,1358,203.7,OLD_SYSTEM_REF
2025-09-12,OUT_067,C_9068,Visit Pack,Fixed,Lapsed,N/A,1023,153.45,OLD_SYSTEM_REF
2025-09-12,OUT_068,C_9260,BOS,Flexible,LM,manchurian,1405,210.75,OLD_SYSTEM_REF
2025-09-12,OUT_076,C_1949,PSP,Flexible,Lapsed,N/A,758,113.7,OLD_SYSTEM_REF
2025-09-12,OUT_078,C_8573,PSP,Flexible,Repeat,N/A,1126,168.9,OLD_SYSTEM_REF
2025-09-12,OUT_079,C_7669,BOS,Flexible,LM,burger,919,137.85,OLD_SYSTEM_REF
2025-09-12,OUT_080,C_5305,Visit Pack,Fixed,Repeat,N/A,936,140.4,OLD_SYSTEM_REF
2025-09-12,OUT_081,C_2426,BOS,Flexible,MM,pizza,1685,252.75,OLD_SYSTEM_REF
2025-09-12,OUT_086,C_1483,BOS,Flexible,MM,dal makhani,1372,205.79999999999998,OLD_SYSTEM_REF
2025-09-12,OUT_094,C_8110,Visit Pack,Fixed,Repeat,N/A,620,93.0,OLD_SYSTEM_REF
2025-09-13,OUT_005,C_3835,BOS,Flexible,Repeat,dosa,1566,234.89999999999998,OLD_SYSTEM_REF
2025-09-13,OUT_008,C_9921,Visit Pack,Fixed,MM,N/A,1629,244.35,OLD_SYSTEM_REF
2025-09-13,OUT_012,C_1227,Visit Pack,Fixed,Lapsed,N/A,633,94.95,OLD_SYSTEM_REF
2025-09-13,OUT_014,C_1605,PSP,Flexible,UM,N/A,1563,234.45,OLD_SYSTEM_REF
2025-09-13,OUT_020,C_9844,BOS,Flexible,Lapsed,pizza,1151,172.65,OLD_SYSTEM_REF
2025-09-13,OUT_023,C_1859,PSP,Flexible,MM,N/A,1741,261.15,OLD_SYSTEM_REF
2025-09-13,OUT_024,C_5860,Visit Pack,Fixed,Lapsed,N/A,1610,241.5,OLD_SYSTEM_REF
2025-09-13,OUT_027,C_8358,Visit Pack,Fixed,LM,N/A,1029,154.35,OLD_SYSTEM_REF
2025-09-13,OUT_035,C_3134,Visit Pack,Fixed,Repeat,N/A,793,118.94999999999999,OLD_SYSTEM_REF
2025-09-13,OUT_049,C_3471,BOS,Flexible,LM,dal makhani,1852,277.8,OLD_SYSTEM_REF
2025-09-13,OUT_057,C_2169,BOS,Flexible,Lapsed,dal makhani,753,112.95,OLD_SYSTEM_REF
2025-09-13,OUT_059,C_1502,PSP,Flexible,Lapsed,N/A,1939,290.84999999999997,OLD_SYSTEM_REF
2025-09-13,OUT_061,C_1866,PSP,Flexible,Lapsed,N/A,555,83.25,OLD_SYSTEM_REF
2025-09-13,OUT_063,C_4339,Visit Pack,Fixed,Repeat,N/A,632,94.8,OLD_SYSTEM_REF
2025-09-13,OUT_066,C_2685,Visit Pack,Fixed,Repeat,N/A,680,102.0,OLD_SYSTEM_REF
2025-09-13,OUT_088,C_3427,BOS,Flexible,Lapsed,burger,1012,151.79999999999998,OLD_SYSTEM_REF
2025-09-13,OUT_089,C_3949,PSP,Flexible,LM,N/A,1281,192.15,OLD_SYSTEM_REF
2025-09-13,OUT_096,C_1418,PSP,Flexible,UM,N/A,1489,223.35,OLD_SYSTEM_REF
2025-09-13,OUT_098,C_6517,PSP,Flexible,Lapsed,N/A,1874,281.09999999999997,OLD_SYSTEM_REF
2025-09-14,OUT_001,C_1477,PSP,Flexible,MM,N/A,1626,243.89999999999998,OLD_SYSTEM_REF
2025-09-14,OUT_004,C_1915,BOS,Flexible,UM,dosa,1658,248.7,OLD_SYSTEM_REF
2025-09-14,OUT_012,C_4076,Visit Pack,Fixed,Repeat,N/A,1031,154.65,OLD_SYSTEM_REF
2025-09-14,OUT_013,C_5479,BOS,Flexible,MM,dal makhani,1252,187.79999999999998,OLD_SYSTEM_REF
2025-09-14,OUT_022,C_7912,Visit Pack,Fixed,Lapsed,N/A,889,133.35,OLD_SYSTEM_REF
2025-09-14,OUT_024,C_9183,BOS,Flexible,Lapsed,dosa,1428,214.2,OLD_SYSTEM_REF
2025-09-14,OUT_027,C_7281,Visit Pack,Fixed,MM,N/A,703,105.45,OLD_SYSTEM_REF
2025-09-14,OUT_033,C_1687,BOS,Flexible,UM,dosa,1320,198.0,OLD_SYSTEM_REF
2025-09-14,OUT_036,C_6414,Visit Pack,Fixed,Repeat,N/A,915,137.25,OLD_SYSTEM_REF
2025-09-14,OUT_038,C_4403,BOS,Flexible,LM,burger,1191,178.65,OLD_SYSTEM_REF
2025-09-14,OUT_042,C_1162,Visit Pack,Fixed,UM,N/A,1714,257.09999999999997,OLD_SYSTEM_REF
2025-09-14,OUT_047,C_9905,Visit Pack,Fixed,Repeat,N/A,1461,219.15,OLD_SYSTEM_REF
2025-09-14,OUT_051,C_4067,PSP,Flexible,Lapsed,N/A,675,101.25,OLD_SYSTEM_REF
2025-09-14,OUT_059,C_3803,BOS,Flexible,MM,manchurian,620,93.0,OLD_SYSTEM_REF
2025-09-14,OUT_060,C_3835,Visit Pack,Fixed,LM,N/A,1758,263.7,OLD_SYSTEM_REF
2025-09-14,OUT_061,C_3310,Visit Pack,Fixed,LM,N/A,1125,168.75,OLD_SYSTEM_REF
2025-09-14,OUT_069,C_7923,PSP,Flexible,Lapsed,N/A,1324,198.6,OLD_SYSTEM_REF
2025-09-14,OUT_070,C_8922,PSP,Flexible,LM,N/A,1468,220.2,OLD_SYSTEM_REF
2025-09-14,OUT_074,C_9413,BOS,Flexible,UM,dosa,1246,186.9,OLD_SYSTEM_REF
2025-09-14,OUT_075,C_8289,Visit Pack,Fixed,Lapsed,N/A,1971,295.65,OLD_SYSTEM_REF
2025-09-14,OUT_076,C_8995,BOS,Flexible,Repeat,dosa,638,95.7,OLD_SYSTEM_REF
2025-09-14,OUT_089,C_2205,Visit Pack,Fixed,Lapsed,N/A,941,141.15,OLD_SYSTEM_REF
2025-09-14,OUT_092,C_7532,BOS,Flexible,UM,pizza,619,92.85,OLD_SYSTEM_REF
2025-09-15,OUT_002,C_7473,Visit Pack,Fixed,MM,N/A,1405,210.75,OLD_SYSTEM_REF
2025-09-15,OUT_017,C_3058,PSP,Flexible,Repeat,N/A,1689,253.35,OLD_SYSTEM_REF
2025-09-15,OUT_019,C_4871,PSP,Flexible,MM,N/A,1222,183.29999999999998,OLD_SYSTEM_REF
2025-09-15,OUT_023,C_3211,PSP,Flexible,Lapsed,N/A,1134,170.1,OLD_SYSTEM_REF
2025-09-15,OUT_025,C_5954,BOS,Flexible,UM,burger,888,133.2,OLD_SYSTEM_REF
2025-09-15,OUT_026,C_9015,BOS,Flexible,LM,pizza,1932,289.8,OLD_SYSTEM_REF
2025-09-15,OUT_027,C_1060,Visit Pack,Fixed,MM,N/A,1043,156.45,OLD_SYSTEM_REF
2025-09-15,OUT_032,C_7764,BOS,Flexible,LM,manchurian,1701,255.14999999999998,OLD_SYSTEM_REF
2025-09-15,OUT_043,C_2049,PSP,Flexible,MM,N/A,1824,273.59999999999997,OLD_SYSTEM_REF
2025-09-15,OUT_045,C_3376,Visit Pack,Fixed,Lapsed,N/A,1423,213.45,OLD_SYSTEM_REF
2025-09-15,OUT_047,C_2758,Visit Pack,Fixed,MM,N/A,1974,296.09999999999997,OLD_SYSTEM_REF
2025-09-15,OUT_051,C_4773,Visit Pack,Fixed,UM,N/A,978,146.7,OLD_SYSTEM_REF
2025-09-15,OUT_058,C_4256,Visit Pack,Fixed,UM,N/A,1217,182.54999999999998,OLD_SYSTEM_REF
2025-09-15,OUT_062,C_1391,Visit Pack,Fixed,Repeat,N/A,880,132.0,OLD_SYSTEM_REF
2025-09-15,OUT_064,C_3821,BOS,Flexible,LM,manchurian,1589,238.35,OLD_SYSTEM_REF
2025-09-15,OUT_067,C_1115,PSP,Flexible,Repeat,N/A,1030,154.5,OLD_SYSTEM_REF
2025-09-15,OUT_071,C_9630,Visit Pack,Fixed,Repeat,N/A,1775,266.25,OLD_SYSTEM_REF
2025-09-15,OUT_075,C_6769,Visit Pack,Fixed,Lapsed,N/A,1737,260.55,OLD_SYSTEM_REF
2025-09-15,OUT_079,C_9030,BOS,Flexible,Repeat,burger,718,107.7,OLD_SYSTEM_REF
2025-09-16,OUT_003,C_9652,Visit Pack,Fixed,Lapsed,N/A,1484,222.6,OLD_SYSTEM_REF
2025-09-16,OUT_006,C_7028,BOS,Flexible,MM,dosa,1264,189.6,OLD_SYSTEM_REF
2025-09-16,OUT_010,C_5187,BOS,Flexible,MM,pizza,633,94.95,OLD_SYSTEM_REF
2025-09-16,OUT_021,C_6499,BOS,Flexible,MM,dosa,1920,288.0,OLD_SYSTEM_REF
2025-09-16,OUT_022,C_1800,Visit Pack,Fixed,LM,N/A,1429,214.35,OLD_SYSTEM_REF
2025-09-16,OUT_035,C_2983,Visit Pack,Fixed,Lapsed,N/A,1398,209.7,OLD_SYSTEM_REF
2025-09-16,OUT_039,C_9979,BOS,Flexible,Lapsed,dal makhani,1153,172.95,OLD_SYSTEM_REF
2025-09-16,OUT_046,C_7747,Visit Pack,Fixed,Lapsed,N/A,1016,152.4,OLD_SYSTEM_REF
2025-09-16,OUT_048,C_2137,PSP,Flexible,MM,N/A,1530,229.5,OLD_SYSTEM_REF
2025-09-16,OUT_054,C_5704,BOS,Flexible,Repeat,pizza,1578,236.7,OLD_SYSTEM_REF
2025-09-16,OUT_066,C_3164,PSP,Flexible,Repeat,N/A,927,139.04999999999998,OLD_SYSTEM_REF
2025-09-16,OUT_078,C_6166,Visit Pack,Fixed,MM,N/A,991,148.65,OLD_SYSTEM_REF
2025-09-16,OUT_089,C_7317,Visit Pack,Fixed,UM,N/A,965,144.75,OLD_SYSTEM_REF
2025-09-16,OUT_090,C_8458,BOS,Flexible,UM,dal makhani,775,116.25,OLD_SYSTEM_REF
2025-09-16,OUT_091,C_2064,PSP,Flexible,UM,N/A,1544,231.6,OLD_SYSTEM_REF
2025-09-16,OUT_092,C_9334,PSP,Flexible,UM,N/A,583,87.45,OLD_SYSTEM_REF
2025-09-16,OUT_094,C_3374,Visit Pack,Fixed,LM,N/A,1164,174.6,OLD_SYSTEM_REF
2025-09-17,OUT_001,C_9773,BOS,Flexible,UM,dal makhani,557,83.55,OLD_SYSTEM_REF
2025-09-17,OUT_010,C_3859,BOS,Flexible,MM,pizza,1732,259.8,OLD_SYSTEM_REF
2025-09-17,OUT_013,C_2349,BOS,Flexible,MM,dal makhani,1767,265.05,OLD_SYSTEM_REF
2025-09-17,OUT_015,C_2963,BOS,Flexible,Repeat,dosa,678,101.7,OLD_SYSTEM_REF
2025-09-17,OUT_024,C_7661,BOS,Flexible,Repeat,dosa,1769,265.34999999999997,OLD_SYSTEM_REF
2025-09-17,OUT_044,C_9498,BOS,Flexible,UM,dal makhani,1810,271.5,OLD_SYSTEM_REF
2025-09-17,OUT_048,C_9802,PSP,Flexible,Repeat,N/A,1810,271.5,OLD_SYSTEM_REF
2025-09-17,OUT_057,C_2075,PSP,Flexible,LM,N/A,744,111.6,OLD_SYSTEM_REF
2025-09-17,OUT_064,C_3885,BOS,Flexible,Lapsed,manchurian,1021,153.15,OLD_SYSTEM_REF
2025-09-17,OUT_065,C_1473,BOS,Flexible,Repeat,burger,1821,273.15,OLD_SYSTEM_REF
2025-09-17,OUT_071,C_2459,PSP,Flexible,MM,N/A,621,93.14999999999999,OLD_SYSTEM_REF
2025-09-17,OUT_073,C_2778,PSP,Flexible,MM,N/A,1899,284.84999999999997,OLD_SYSTEM_REF
2025-09-17,OUT_079,C_9529,PSP,Flexible,MM,N/A,877,131.54999999999998,OLD_SYSTEM_REF
2025-09-17,OUT_089,C_1927,Visit Pack,Fixed,Lapsed,N/A,1878,281.7,OLD_SYSTEM_REF
2025-09-17,OUT_097,C_2226,PSP,Flexible,LM,N/A,653,97.95,OLD_SYSTEM_REF
2025-09-18,OUT_011,C_7869,Visit Pack,Fixed,UM,N/A,1248,187.2,OLD_SYSTEM_REF
2025-09-18,OUT_018,C_2750,PSP,Flexible,Repeat,N/A,1277,191.54999999999998,OLD_SYSTEM_REF
2025-09-18,OUT_024,C_2139,PSP,Flexible,Repeat,N/A,906,135.9,OLD_SYSTEM_REF
2025-09-18,OUT_029,C_2307,BOS,Flexible,UM,dosa,1718,257.7,OLD_SYSTEM_REF
2025-09-18,OUT_031,C_5715,Visit Pack,Fixed,LM,N/A,1404,210.6,OLD_SYSTEM_REF
2025-09-18,OUT_035,C_2980,PSP,Flexible,Repeat,N/A,1835,275.25,OLD_SYSTEM_REF
2025-09-18,OUT_036,C_9815,Visit Pack,Fixed,LM,N/A,625,93.75,OLD_SYSTEM_REF
2025-09-18,OUT_038,C_5441,Visit Pack,Fixed,MM,N/A,901,135.15,OLD_SYSTEM_REF
2025-09-18,OUT_041,C_9025,BOS,Flexible,UM,manchurian,1552,232.79999999999998,OLD_SYSTEM_REF
2025-09-18,OUT_045,C_7588,BOS,Flexible,UM,burger,1128,169.2,OLD_SYSTEM_REF
2025-09-18,OUT_054,C_7154,PSP,Flexible,Lapsed,N/A,1962,294.3,OLD_SYSTEM_REF
2025-09-18,OUT_066,C_2100,BOS,Flexible,Lapsed,manchurian,1923,288.45,OLD_SYSTEM_REF
2025-09-18,OUT_071,C_4304,BOS,Flexible,Repeat,manchurian,1591,238.64999999999998,OLD_SYSTEM_REF
2025-09-18,OUT_074,C_4808,Visit Pack,Fixed,MM,N/A,1035,155.25,OLD_SYSTEM_REF
2025-09-18,OUT_076,C_9012,Visit Pack,Fixed,UM,N/A,1887,283.05,OLD_SYSTEM_REF
2025-09-18,OUT_087,C_8764,BOS,Flexible,Lapsed,manchurian,1548,232.2,OLD_SYSTEM_REF
2025-09-18,OUT_089,C_4436,Visit Pack,Fixed,MM,N/A,1486,222.9,OLD_SYSTEM_REF
2025-09-18,OUT_092,C_9411,Visit Pack,Fixed,LM,N/A,1880,282.0,OLD_SYSTEM_REF
2025-09-18,OUT_094,C_7533,PSP,Flexible,Repeat,N/A,1395,209.25,OLD_SYSTEM_REF
2025-09-18,OUT_095,C_5216,PSP,Flexible,LM,N/A,1214,182.1,OLD_SYSTEM_REF
2025-09-19,OUT_005,C_3515,BOS,Flexible,Repeat,dosa,673,100.95,OLD_SYSTEM_REF
2025-09-19,OUT_006,C_5656,PSP,Flexible,MM,N/A,1573,235.95,OLD_SYSTEM_REF
2025-09-19,OUT_014,C_5350,PSP,Flexible,LM,N/A,718,107.7,OLD_SYSTEM_REF
2025-09-19,OUT_016,C_9943,BOS,Flexible,MM,dosa,1310,196.5,OLD_SYSTEM_REF
2025-09-19,OUT_022,C_8533,Visit Pack,Fixed,MM,N/A,600,90.0,OLD_SYSTEM_REF
2025-09-19,OUT_027,C_9396,PSP,Flexible,Lapsed,N/A,1889,283.34999999999997,OLD_SYSTEM_REF
2025-09-19,OUT_028,C_9753,Visit Pack,Fixed,UM,N/A,1521,228.15,OLD_SYSTEM_REF
2025-09-19,OUT_030,C_2763,Visit Pack,Fixed,UM,N/A,853,127.94999999999999,OLD_SYSTEM_REF
2025-09-19,OUT_035,C_3038,PSP,Flexible,LM,N/A,1205,180.75,OLD_SYSTEM_REF
2025-09-19,OUT_036,C_9431,PSP,Flexible,Repeat,N/A,1743,261.45,OLD_SYSTEM_REF
2025-09-19,OUT_038,C_8105,BOS,Flexible,Lapsed,burger,893,133.95,OLD_SYSTEM_REF
2025-09-19,OUT_039,C_4692,Visit Pack,Fixed,Lapsed,N/A,556,83.39999999999999,OLD_SYSTEM_REF
2025-09-19,OUT_040,C_1932,Visit Pack,Fixed,Lapsed,N/A,1621,243.14999999999998,OLD_SYSTEM_REF
2025-09-19,OUT_041,C_2762,Visit Pack,Fixed,UM,N/A,718,107.7,OLD_SYSTEM_REF
2025-09-19,OUT_045,C_6718,PSP,Flexible,UM,N/A,753,112.95,OLD_SYSTEM_REF
2025-09-19,OUT_061,C_8001,BOS,Flexible,UM,dosa,767,115.05,OLD_SYSTEM_REF
2025-09-19,OUT_070,C_7127,Visit Pack,Fixed,MM,N/A,1803,270.45,OLD_SYSTEM_REF
2025-09-19,OUT_074,C_1608,BOS,Flexible,LM,dosa,1714,257.09999999999997,OLD_SYSTEM_REF
2025-09-19,OUT_083,C_7577,PSP,Flexible,LM,N/A,1050,157.5,OLD_SYSTEM_REF
2025-09-19,OUT_093,C_9394,Visit Pack,Fixed,LM,N/A,1458,218.7,OLD_SYSTEM_REF
2025-09-19,OUT_097,C_7419,Visit Pack,Fixed,Repeat,N/A,1922,288.3,OLD_SYSTEM_REF
2025-09-20,OUT_011,C_2075,BOS,Flexible,Lapsed,burger,585,87.75,OLD_SYSTEM_REF
2025-09-20,OUT_015,C_9584,Visit Pack,Fixed,UM,N/A,1992,298.8,OLD_SYSTEM_REF
2025-09-20,OUT_022,C_2148,Visit Pack,Fixed,LM,N/A,1171,175.65,OLD_SYSTEM_REF
2025-09-20,OUT_024,C_9730,PSP,Flexible,MM,N/A,1040,156.0,OLD_SYSTEM_REF
2025-09-20,OUT_026,C_9877,BOS,Flexible,LM,pizza,1774,266.09999999999997,OLD_SYSTEM_REF
2025-09-20,OUT_034,C_8233,BOS,Flexible,Lapsed,dosa,1929,289.34999999999997,OLD_SYSTEM_REF
2025-09-20,OUT_039,C_4247,BOS,Flexible,MM,dal makhani,1927,289.05,OLD_SYSTEM_REF
2025-09-20,OUT_050,C_7668,BOS,Flexible,Lapsed,pizza,1737,260.55,OLD_SYSTEM_REF
2025-09-20,OUT_051,C_8005,BOS,Flexible,UM,manchurian,1684,252.6,OLD_SYSTEM_REF
2025-09-20,OUT_056,C_1118,BOS,Flexible,UM,dal makhani,1653,247.95,OLD_SYSTEM_REF
2025-09-20,OUT_063,C_9338,BOS,Flexible,LM,burger,1943,291.45,OLD_SYSTEM_REF
2025-09-20,OUT_065,C_6931,PSP,Flexible,Repeat,N/A,773,115.94999999999999,OLD_SYSTEM_REF
2025-09-20,OUT_069,C_6814,BOS,Flexible,UM,manchurian,896,134.4,OLD_SYSTEM_REF
2025-09-20,OUT_070,C_7601,Visit Pack,Fixed,Lapsed,N/A,1380,207.0,OLD_SYSTEM_REF
2025-09-20,OUT_078,C_8130,Visit Pack,Fixed,MM,N/A,1883,282.45,OLD_SYSTEM_REF
2025-09-20,OUT_082,C_1649,Visit Pack,Fixed,Repeat,N/A,762,114.3,OLD_SYSTEM_REF
2025-09-20,OUT_085,C_6770,Visit Pack,Fixed,Repeat,N/A,1186,177.9,OLD_SYSTEM_REF
2025-09-20,OUT_086,C_5702,PSP,Flexible,UM,N/A,1597,239.54999999999998,OLD_SYSTEM_REF
2025-09-20,OUT_089,C_1299,Visit Pack,Fixed,MM,N/A,838,125.69999999999999,OLD_SYSTEM_REF
2025-09-21,OUT_005,C_7443,BOS,Flexible,MM,dosa,1968,295.2,OLD_SYSTEM_REF
2025-09-21,OUT_021,C_1238,Visit Pack,Fixed,Repeat,N/A,1644,246.6,OLD_SYSTEM_REF
2025-09-21,OUT_022,C_8961,PSP,Flexible,Lapsed,N/A,1470,220.5,OLD_SYSTEM_REF
2025-09-21,OUT_027,C_1786,Visit Pack,Fixed,UM,N/A,1651,247.64999999999998,OLD_SYSTEM_REF
2025-09-21,OUT_036,C_5505,PSP,Flexible,Lapsed,N/A,713,106.95,OLD_SYSTEM_REF
2025-09-21,OUT_039,C_2651,Visit Pack,Fixed,Lapsed,N/A,1067,160.04999999999998,OLD_SYSTEM_REF
2025-09-21,OUT_043,C_6604,Visit Pack,Fixed,LM,N/A,956,143.4,OLD_SYSTEM_REF
2025-09-21,OUT_046,C_4261,PSP,Flexible,UM,N/A,664,99.6,OLD_SYSTEM_REF
2025-09-21,OUT_048,C_1510,Visit Pack,Fixed,MM,N/A,1669,250.35,OLD_SYSTEM_REF
2025-09-21,OUT_053,C_4813,PSP,Flexible,MM,N/A,634,95.1,OLD_SYSTEM_REF
2025-09-21,OUT_058,C_8539,PSP,Flexible,Lapsed,N/A,878,131.7,OLD_SYSTEM_REF
2025-09-21,OUT_063,C_4748,BOS,Flexible,MM,burger,1554,233.1,OLD_SYSTEM_REF
2025-09-21,OUT_069,C_2140,BOS,Flexible,LM,manchurian,1491,223.65,OLD_SYSTEM_REF
2025-09-21,OUT_077,C_7412,Visit Pack,Fixed,UM,N/A,842,126.3,OLD_SYSTEM_REF
2025-09-21,OUT_081,C_8170,Visit Pack,Fixed,Repeat,N/A,569,85.35,OLD_SYSTEM_REF
2025-09-21,OUT_089,C_4005,PSP,Flexible,MM,N/A,1257,188.54999999999998,OLD_SYSTEM_REF
2025-09-21,OUT_092,C_9084,PSP,Flexible,LM,N/A,598,89.7,OLD_SYSTEM_REF
2025-09-21,OUT_100,C_4621,BOS,Flexible,Repeat,dosa,887,133.04999999999998,OLD_SYSTEM_REF
2025-09-22,OUT_009,C_9077,PSP,Flexible,Lapsed,N/A,1759,263.84999999999997,OLD_SYSTEM_REF
2025-09-22,OUT_019,C_9249,PSP,Flexible,MM,N/A,636,95.39999999999999,OLD_SYSTEM_REF
2025-09-22,OUT_020,C_9444,Visit Pack,Fixed,Lapsed,N/A,1662,249.29999999999998,OLD_SYSTEM_REF
2025-09-22,OUT_023,C_5769,Visit Pack,Fixed,LM,N/A,1907,286.05,OLD_SYSTEM_REF
2025-09-22,OUT_025,C_7740,BOS,Flexible,UM,burger,853,127.94999999999999,OLD_SYSTEM_REF
2025-09-22,OUT_027,C_1484,PSP,Flexible,Lapsed,N/A,993,148.95,OLD_SYSTEM_REF
2025-09-22,OUT_033,C_8461,Visit Pack,Fixed,LM,N/A,1983,297.45,OLD_SYSTEM_REF
2025-09-22,OUT_039,C_7227,BOS,Flexible,LM,dal makhani,729,109.35,OLD_SYSTEM_REF
2025-09-22,OUT_043,C_1897,Visit Pack,Fixed,Lapsed,N/A,745,111.75,OLD_SYSTEM_REF
2025-09-22,OUT_051,C_6796,Visit Pack,Fixed,UM,N/A,1545,231.75,OLD_SYSTEM_REF
2025-09-22,OUT_054,C_4597,BOS,Flexible,UM,pizza,896,134.4,OLD_SYSTEM_REF
2025-09-22,OUT_055,C_9960,PSP,Flexible,MM,N/A,927,139.04999999999998,OLD_SYSTEM_REF
2025-09-22,OUT_057,C_9359,Visit Pack,Fixed,LM,N/A,1475,221.25,OLD_SYSTEM_REF
2025-09-22,OUT_059,C_4384,Visit Pack,Fixed,LM,N/A,1043,156.45,OLD_SYSTEM_REF
2025-09-22,OUT_065,C_3372,Visit Pack,Fixed,Repeat,N/A,1569,235.35,OLD_SYSTEM_REF
2025-09-22,OUT_069,C_9592,Visit Pack,Fixed,Repeat,N/A,1584,237.6,OLD_SYSTEM_REF
2025-09-22,OUT_070,C_1705,PSP,Flexible,MM,N/A,1632,244.79999999999998,OLD_SYSTEM_REF
2025-09-22,OUT_073,C_7425,Visit Pack,Fixed,MM,N/A,1614,242.1,OLD_SYSTEM_REF
2025-09-22,OUT_075,C_7674,BOS,Flexible,LM,pizza,1508,226.2,OLD_SYSTEM_REF
2025-09-22,OUT_082,C_6887,PSP,Flexible,LM,N/A,1917,287.55,OLD_SYSTEM_REF
2025-09-22,OUT_083,C_3510,PSP,Flexible,UM,N/A,1667,250.04999999999998,OLD_SYSTEM_REF
2025-09-23,OUT_008,C_2769,BOS,Flexible,Lapsed,pizza,621,93.14999999999999,OLD_SYSTEM_REF
2025-09-23,OUT_011,C_8181,Visit Pack,Fixed,LM,N/A,1350,202.5,OLD_SYSTEM_REF
2025-09-23,OUT_015,C_2497,PSP,Flexible,Lapsed,N/A,1541,231.14999999999998,OLD_SYSTEM_REF
2025-09-23,OUT_016,C_4106,Visit Pack,Fixed,UM,N/A,1343,201.45,OLD_SYSTEM_REF
2025-09-23,OUT_022,C_4201,PSP,Flexible,LM,N/A,1822,273.3,OLD_SYSTEM_REF
2025-09-23,OUT_030,C_6294,PSP,Flexible,LM,N/A,1932,289.8,OLD_SYSTEM_REF
2025-09-23,OUT_034,C_7085,PSP,Flexible,Lapsed,N/A,1363,204.45,OLD_SYSTEM_REF
2025-09-23,OUT_043,C_9194,BOS,Flexible,UM,manchurian,1340,201.0,OLD_SYSTEM_REF
2025-09-23,OUT_046,C_1020,Visit Pack,Fixed,MM,N/A,853,127.94999999999999,OLD_SYSTEM_REF
2025-09-23,OUT_051,C_5947,Visit Pack,Fixed,LM,N/A,1488,223.2,OLD_SYSTEM_REF
2025-09-23,OUT_052,C_3897,Visit Pack,Fixed,MM,N/A,682,102.3,OLD_SYSTEM_REF
2025-09-23,OUT_053,C_2788,BOS,Flexible,LM,manchurian,943,141.45,OLD_SYSTEM_REF
2025-09-23,OUT_054,C_5326,Visit Pack,Fixed,UM,N/A,748,112.2,OLD_SYSTEM_REF
2025-09-23,OUT_060,C_2159,PSP,Flexible,Lapsed,N/A,1786,267.9,OLD_SYSTEM_REF
2025-09-23,OUT_071,C_4197,BOS,Flexible,Repeat,manchurian,502,75.3,OLD_SYSTEM_REF
2025-09-23,OUT_077,C_4301,PSP,Flexible,UM,N/A,1282,192.29999999999998,OLD_SYSTEM_REF
2025-09-23,OUT_078,C_7763,BOS,Flexible,Repeat,burger,550,82.5,OLD_SYSTEM_REF
2025-09-23,OUT_081,C_9238,Visit Pack,Fixed,Repeat,N/A,1926,288.9,OLD_SYSTEM_REF
2025-09-23,OUT_083,C_1428,Visit Pack,Fixed,UM,N/A,1840,276.0,OLD_SYSTEM_REF
2025-09-23,OUT_087,C_4525,BOS,Flexible,Lapsed,manchurian,682,102.3,OLD_SYSTEM_REF
2025-09-23,OUT_091,C_5630,Visit Pack,Fixed,UM,N/A,778,116.69999999999999,OLD_SYSTEM_REF
2025-09-24,OUT_001,C_2183,BOS,Flexible,Lapsed,dal makhani,1129,169.35,OLD_SYSTEM_REF
2025-09-24,OUT_003,C_1112,BOS,Flexible,Lapsed,manchurian,1312,196.79999999999998,OLD_SYSTEM_REF
2025-09-24,OUT_007,C_1470,PSP,Flexible,UM,N/A,1441,216.15,OLD_SYSTEM_REF
2025-09-24,OUT_010,C_8586,PSP,Flexible,UM,N/A,749,112.35,OLD_SYSTEM_REF
2025-09-24,OUT_018,C_8380,Visit Pack,Fixed,Repeat,N/A,856,128.4,OLD_SYSTEM_REF
2025-09-24,OUT_023,C_6897,PSP,Flexible,Repeat,N/A,1954,293.09999999999997,OLD_SYSTEM_REF
2025-09-24,OUT_032,C_2223,BOS,Flexible,MM,manchurian,537,80.55,OLD_SYSTEM_REF
2025-09-24,OUT_033,C_2907,BOS,Flexible,Lapsed,dosa,1514,227.1,OLD_SYSTEM_REF
2025-09-24,OUT_045,C_2771,PSP,Flexible,LM,N/A,1766,264.9,OLD_SYSTEM_REF
2025-09-24,OUT_048,C_1680,Visit Pack,Fixed,LM,N/A,1814,272.09999999999997,OLD_SYSTEM_REF
2025-09-24,OUT_051,C_1907,PSP,Flexible,LM,N/A,1614,242.1,OLD_SYSTEM_REF
2025-09-24,OUT_061,C_5182,BOS,Flexible,Repeat,dosa,1500,225.0,OLD_SYSTEM_REF
2025-09-24,OUT_062,C_3152,BOS,Flexible,Repeat,dal makhani,1729,259.34999999999997,OLD_SYSTEM_REF
2025-09-24,OUT_064,C_1548,Visit Pack,Fixed,Lapsed,N/A,910,136.5,OLD_SYSTEM_REF
2025-09-24,OUT_066,C_2361,BOS,Flexible,MM,manchurian,1102,165.29999999999998,OLD_SYSTEM_REF
2025-09-24,OUT_068,C_8096,BOS,Flexible,UM,manchurian,1538,230.7,OLD_SYSTEM_REF
2025-09-24,OUT_071,C_2382,BOS,Flexible,UM,manchurian,664,99.6,OLD_SYSTEM_REF
2025-09-24,OUT_077,C_6379,Visit Pack,Fixed,Lapsed,N/A,1067,160.04999999999998,OLD_SYSTEM_REF
2025-09-24,OUT_079,C_4555,BOS,Flexible,MM,burger,1966,294.9,OLD_SYSTEM_REF
2025-09-24,OUT_082,C_1471,PSP,Flexible,Lapsed,N/A,765,114.75,OLD_SYSTEM_REF
2025-09-24,OUT_084,C_2531,BOS,Flexible,LM,dal makhani,1013,151.95,OLD_SYSTEM_REF
2025-09-24,OUT_094,C_4105,PSP,Flexible,UM,N/A,1634,245.1,OLD_SYSTEM_REF
2025-09-24,OUT_098,C_8079,PSP,Flexible,LM,N/A,1602,240.29999999999998,OLD_SYSTEM_REF
2025-09-24,OUT_099,C_5147,BOS,Flexible,Repeat,manchurian,625,93.75,OLD_SYSTEM_REF
2025-09-25,OUT_001,C_7599,Visit Pack,Fixed,UM,N/A,902,135.29999999999998,OLD_SYSTEM_REF
2025-09-25,OUT_011,C_1819,BOS,Flexible,UM,burger,1621,243.14999999999998,OLD_SYSTEM_REF
2025-09-25,OUT_015,C_2343,BOS,Flexible,UM,dosa,1431,214.65,OLD_SYSTEM_REF
2025-09-25,OUT_027,C_2933,Visit Pack,Fixed,Repeat,N/A,615,92.25,OLD_SYSTEM_REF
2025-09-25,OUT_029,C_4964,PSP,Flexible,Lapsed,N/A,740,111.0,OLD_SYSTEM_REF
2025-09-25,OUT_032,C_7819,Visit Pack,Fixed,MM,N/A,1107,166.04999999999998,OLD_SYSTEM_REF
2025-09-25,OUT_037,C_8396,Visit Pack,Fixed,Repeat,N/A,1958,293.7,OLD_SYSTEM_REF
2025-09-25,OUT_038,C_9122,PSP,Flexible,Repeat,N/A,1855,278.25,OLD_SYSTEM_REF
2025-09-25,OUT_057,C_9308,PSP,Flexible,Lapsed,N/A,670,100.5,OLD_SYSTEM_REF
2025-09-25,OUT_065,C_3908,PSP,Flexible,Repeat,N/A,1803,270.45,OLD_SYSTEM_REF
2025-09-25,OUT_071,C_3817,PSP,Flexible,LM,N/A,1997,299.55,OLD_SYSTEM_REF
2025-09-25,OUT_073,C_9832,PSP,Flexible,MM,N/A,1442,216.29999999999998,OLD_SYSTEM_REF
2025-09-25,OUT_075,C_7223,Visit Pack,Fixed,Lapsed,N/A,603,90.45,OLD_SYSTEM_REF
2025-09-25,OUT_079,C_4515,PSP,Flexible,LM,N/A,1776,266.4,OLD_SYSTEM_REF
2025-09-25,OUT_087,C_7169,PSP,Flexible,Lapsed,N/A,1927,289.05,OLD_SYSTEM_REF
2025-09-25,OUT_095,C_4027,PSP,Flexible,Lapsed,N/A,933,139.95,OLD_SYSTEM_REF
2025-09-25,OUT_098,C_6437,Visit Pack,Fixed,MM,N/A,1038,155.7,OLD_SYSTEM_REF
2025-09-26,OUT_004,C_7602,BOS,Flexible,UM,dosa,890,133.5,OLD_SYSTEM_REF
2025-09-26,OUT_006,C_5210,BOS,Flexible,UM,dosa,1911,286.65,OLD_SYSTEM_REF
2025-09-26,OUT_017,C_7152,BOS,Flexible,MM,pizza,772,115.8,OLD_SYSTEM_REF
2025-09-26,OUT_020,C_4015,BOS,Flexible,UM,pizza,1664,249.6,OLD_SYSTEM_REF
2025-09-26,OUT_021,C_2850,Visit Pack,Fixed,Lapsed,N/A,816,122.39999999999999,OLD_SYSTEM_REF
2025-09-26,OUT_032,C_4181,BOS,Flexible,MM,manchurian,1191,178.65,OLD_SYSTEM_REF
2025-09-26,OUT_045,C_2159,PSP,Flexible,Repeat,N/A,1056,158.4,OLD_SYSTEM_REF
2025-09-26,OUT_051,C_8020,BOS,Flexible,UM,manchurian,734,110.1,OLD_SYSTEM_REF
2025-09-26,OUT_056,C_1110,BOS,Flexible,LM,dal makhani,1053,157.95,OLD_SYSTEM_REF
2025-09-26,OUT_057,C_6249,Visit Pack,Fixed,Lapsed,N/A,1118,167.7,OLD_SYSTEM_REF
2025-09-26,OUT_065,C_9961,PSP,Flexible,LM,N/A,1458,218.7,OLD_SYSTEM_REF
2025-09-26,OUT_066,C_5428,PSP,Flexible,UM,N/A,618,92.7,OLD_SYSTEM_REF
2025-09-26,OUT_071,C_8419,BOS,Flexible,MM,manchurian,732,109.8,OLD_SYSTEM_REF
2025-09-26,OUT_074,C_2205,PSP,Flexible,LM,N/A,1070,160.5,OLD_SYSTEM_REF
2025-09-26,OUT_075,C_5668,Visit Pack,Fixed,Repeat,N/A,1863,279.45,OLD_SYSTEM_REF
2025-09-26,OUT_077,C_9877,PSP,Flexible,UM,N/A,1000,150.0,OLD_SYSTEM_REF
2025-09-26,OUT_080,C_6522,BOS,Flexible,Repeat,manchurian,1686,252.89999999999998,OLD_SYSTEM_REF
2025-09-26,OUT_082,C_3643,PSP,Flexible,UM,N/A,1164,174.6,OLD_SYSTEM_REF
2025-09-26,OUT_088,C_1825,BOS,Flexible,Lapsed,burger,1658,248.7,OLD_SYSTEM_REF
2025-09-26,OUT_089,C_6341,BOS,Flexible,LM,manchurian,1527,229.04999999999998,OLD_SYSTEM_REF
2025-09-26,OUT_093,C_3247,Visit Pack,Fixed,UM,N/A,1547,232.04999999999998,OLD_SYSTEM_REF
2025-09-26,OUT_099,C_2757,BOS,Flexible,Repeat,manchurian,1386,207.9,OLD_SYSTEM_REF
2025-09-27,OUT_006,C_8654,PSP,Flexible,UM,N/A,663,99.45,OLD_SYSTEM_REF
2025-09-27,OUT_009,C_4751,PSP,Flexible,MM,N/A,1373,205.95,OLD_SYSTEM_REF
2025-09-27,OUT_026,C_1910,PSP,Flexible,LM,N/A,1878,281.7,OLD_SYSTEM_REF
2025-09-27,OUT_029,C_3725,Visit Pack,Fixed,Repeat,N/A,1046,156.9,OLD_SYSTEM_REF
2025-09-27,OUT_031,C_9799,PSP,Flexible,LM,N/A,626,93.89999999999999,OLD_SYSTEM_REF
2025-09-27,OUT_032,C_7795,PSP,Flexible,UM,N/A,980,147.0,OLD_SYSTEM_REF
2025-09-27,OUT_036,C_6403,Visit Pack,Fixed,LM,N/A,1159,173.85,OLD_SYSTEM_REF
2025-09-27,OUT_038,C_8539,PSP,Flexible,LM,N/A,1996,299.4,OLD_SYSTEM_REF
2025-09-27,OUT_039,C_8160,PSP,Flexible,Lapsed,N/A,685,102.75,OLD_SYSTEM_REF
2025-09-27,OUT_054,C_1242,Visit Pack,Fixed,Lapsed,N/A,1003,150.45,OLD_SYSTEM_REF
2025-09-27,OUT_058,C_9154,BOS,Flexible,LM,dosa,1829,274.34999999999997,OLD_SYSTEM_REF
2025-09-27,OUT_062,C_8759,BOS,Flexible,LM,dal makhani,1763,264.45,OLD_SYSTEM_REF
2025-09-27,OUT_063,C_4796,Visit Pack,Fixed,LM,N/A,1952,292.8,OLD_SYSTEM_REF
2025-09-27,OUT_065,C_9941,Visit Pack,Fixed,MM,N/A,1637,245.54999999999998,OLD_SYSTEM_REF
2025-09-27,OUT_078,C_2699,BOS,Flexible,MM,burger,1319,197.85,OLD_SYSTEM_REF
2025-09-27,OUT_083,C_7500,PSP,Flexible,UM,N/A,881,132.15,OLD_SYSTEM_REF
2025-09-27,OUT_091,C_3858,Visit Pack,Fixed,LM,N/A,927,139.04999999999998,OLD_SYSTEM_REF
2025-09-27,OUT_096,C_1849,PSP,Flexible,Repeat,N/A,777,116.55,OLD_SYSTEM_REF
2025-09-27,OUT_099,C_1092,BOS,Flexible,Lapsed,manchurian,1090,163.5,OLD_SYSTEM_REF
2025-09-28,OUT_002,C_1037,PSP,Flexible,Lapsed,N/A,1273,190.95,OLD_SYSTEM_REF
2025-09-28,OUT_008,C_9973,PSP,Flexible,Lapsed,N/A,1575,236.25,OLD_SYSTEM_REF
2025-09-28,OUT_019,C_6757,PSP,Flexible,UM,N/A,594,89.1,OLD_SYSTEM_REF
2025-09-28,OUT_020,C_8052,PSP,Flexible,LM,N/A,1555,233.25,OLD_SYSTEM_REF
2025-09-28,OUT_025,C_1992,Visit Pack,Fixed,MM,N/A,1376,206.4,OLD_SYSTEM_REF
2025-09-28,OUT_026,C_2623,Visit Pack,Fixed,Repeat,N/A,1011,151.65,OLD_SYSTEM_REF
2025-09-28,OUT_028,C_6229,Visit Pack,Fixed,Lapsed,N/A,1414,212.1,OLD_SYSTEM_REF
2025-09-28,OUT_034,C_7686,PSP,Flexible,Repeat,N/A,870,130.5,OLD_SYSTEM_REF
2025-09-28,OUT_043,C_7134,BOS,Flexible,Lapsed,manchurian,946,141.9,OLD_SYSTEM_REF
2025-09-28,OUT_052,C_4309,Visit Pack,Fixed,UM,N/A,1514,227.1,OLD_SYSTEM_REF
2025-09-28,OUT_053,C_4049,PSP,Flexible,MM,N/A,1035,155.25,OLD_SYSTEM_REF
2025-09-28,OUT_062,C_7801,Visit Pack,Fixed,Lapsed,N/A,827,124.05,OLD_SYSTEM_REF
2025-09-28,OUT_063,C_6460,PSP,Flexible,LM,N/A,1791,268.65,OLD_SYSTEM_REF
2025-09-28,OUT_065,C_3118,PSP,Flexible,MM,N/A,1690,253.5,OLD_SYSTEM_REF
2025-09-28,OUT_071,C_3752,Visit Pack,Fixed,LM,N/A,1158,173.7,OLD_SYSTEM_REF
2025-09-28,OUT_083,C_6805,PSP,Flexible,UM,N/A,993,148.95,OLD_SYSTEM_REF
2025-09-28,OUT_085,C_6758,BOS,Flexible,Lapsed,dosa,601,90.14999999999999,OLD_SYSTEM_REF
2025-09-28,OUT_095,C_7848,BOS,Flexible,Repeat,burger,1549,232.35,OLD_SYSTEM_REF
2025-09-29,OUT_007,C_1841,Visit Pack,Fixed,MM,N/A,1689,253.35,OLD_SYSTEM_REF
2025-09-29,OUT_009,C_5953,Visit Pack,Fixed,Lapsed,N/A,722,108.3,OLD_SYSTEM_REF
2025-09-29,OUT_011,C_7838,PSP,Flexible,Lapsed,N/A,1863,279.45,OLD_SYSTEM_REF
2025-09-29,OUT_019,C_8053,BOS,Flexible,MM,dal makhani,1687,253.04999999999998,OLD_SYSTEM_REF
2025-09-29,OUT_023,C_3201,PSP,Flexible,LM,N/A,1980,297.0,OLD_SYSTEM_REF
2025-09-29,OUT_027,C_2629,PSP,Flexible,Repeat,N/A,725,108.75,OLD_SYSTEM_REF
2025-09-29,OUT_034,C_5095,Visit Pack,Fixed,UM,N/A,1302,195.29999999999998,OLD_SYSTEM_REF
2025-09-29,OUT_037,C_1685,PSP,Flexible,LM,N/A,1783,267.45,OLD_SYSTEM_REF
2025-09-29,OUT_038,C_8670,BOS,Flexible,Repeat,burger,1501,225.15,OLD_SYSTEM_REF
2025-09-29,OUT_039,C_9655,Visit Pack,Fixed,Lapsed,N/A,1003,150.45,OLD_SYSTEM_REF
2025-09-29,OUT_040,C_1606,BOS,Flexible,LM,manchurian,1910,286.5,OLD_SYSTEM_REF
2025-09-29,OUT_044,C_9397,BOS,Flexible,MM,dal makhani,538,80.7,OLD_SYSTEM_REF
2025-09-29,OUT_045,C_2837,BOS,Flexible,MM,burger,827,124.05,OLD_SYSTEM_REF
2025-09-29,OUT_046,C_5157,Visit Pack,Fixed,LM,N/A,1822,273.3,OLD_SYSTEM_REF
2025-09-29,OUT_047,C_1342,PSP,Flexible,UM,N/A,929,139.35,OLD_SYSTEM_REF
2025-09-29,OUT_061,C_4746,BOS,Flexible,LM,dosa,787,118.05,OLD_SYSTEM_REF
2025-09-29,OUT_069,C_9475,BOS,Flexible,MM,manchurian,1185,177.75,OLD_SYSTEM_REF
2025-09-29,OUT_082,C_4824,BOS,Flexible,Lapsed,dosa,1206,180.9,OLD_SYSTEM_REF
2025-09-29,OUT_083,C_3726,PSP,Flexible,Repeat,N/A,1909,286.34999999999997,OLD_SYSTEM_REF
2025-09-29,OUT_088,C_8788,BOS,Flexible,MM,burger,1154,173.1,OLD_SYSTEM_REF
2025-09-29,OUT_094,C_3705,BOS,Flexible,LM,dosa,816,122.39999999999999,OLD_SYSTEM_REF
2025-09-29,OUT_097,C_5409,BOS,Flexible,Repeat,burger,1128,169.2,OLD_SYSTEM_REF
2025-09-30,OUT_001,C_8932,Visit Pack,Fixed,Repeat,N/A,1007,151.04999999999998,OLD_SYSTEM_REF
2025-09-30,OUT_013,C_2185,Visit Pack,Fixed,LM,N/A,1004,150.6,OLD_SYSTEM_REF
2025-09-30,OUT_018,C_3689,Visit Pack,Fixed,MM,N/A,1042,156.29999999999998,OLD_SYSTEM_REF
2025-09-30,OUT_036,C_7661,PSP,Flexible,LM,N/A,1452,217.79999999999998,OLD_SYSTEM_REF
2025-09-30,OUT_039,C_2540,PSP,Flexible,Repeat,N/A,1158,173.7,OLD_SYSTEM_REF
2025-09-30,OUT_041,C_1824,Visit Pack,Fixed,UM,N/A,528,79.2,OLD_SYSTEM_REF
2025-09-30,OUT_053,C_3808,PSP,Flexible,Lapsed,N/A,1333,199.95,OLD_SYSTEM_REF
2025-09-30,OUT_055,C_1331,BOS,Flexible,MM,dosa,752,112.8,OLD_SYSTEM_REF
2025-09-30,OUT_061,C_6389,Visit Pack,Fixed,Repeat,N/A,1280,192.0,OLD_SYSTEM_REF
2025-09-30,OUT_066,C_8081,BOS,Flexible,LM,manchurian,1155,173.25,OLD_SYSTEM_REF
2025-09-30,OUT_070,C_3504,BOS,Flexible,UM,dosa,1335,200.25,OLD_SYSTEM_REF
2025-09-30,OUT_087,C_8761,PSP,Flexible,MM,N/A,1177,176.54999999999998,OLD_SYSTEM_REF
2025-09-30,OUT_088,C_4270,BOS,Flexible,UM,burger,1547,232.04999999999998,OLD_SYSTEM_REF
2025-09-30,OUT_092,C_8498,BOS,Flexible,Lapsed,pizza,1051,157.65,OLD_SYSTEM_REF
2025-09-30,OUT_094,C_6226,PSP,Flexible,Lapsed,N/A,1818,272.7,OLD_SYSTEM_REF
2025-09-30,OUT_095,C_1584,Visit Pack,Fixed,UM,N/A,1624,243.6,OLD_SYSTEM_REF
2025-09-30,OUT_099,C_7082,PSP,Flexible,Repeat,N/A,1523,228.45,OLD_SYSTEM_REF
2025-10-01,OUT_006,C_4649,Visit Pack,Fixed,MM,N/A,1746,261.9,OLD_SYSTEM_REF
2025-10-01,OUT_015,C_4843,BOS,Flexible,MM,dosa,641,96.14999999999999,OLD_SYSTEM_REF
2025-10-01,OUT_019,C_2707,BOS,Flexible,LM,dal makhani,1347,202.04999999999998,OLD_SYSTEM_REF
2025-10-01,OUT_023,C_4018,Visit Pack,Fixed,MM,N/A,1956,293.4,OLD_SYSTEM_REF
2025-10-01,OUT_026,C_6880,PSP,Flexible,LM,N/A,1547,232.04999999999998,OLD_SYSTEM_REF
2025-10-01,OUT_027,C_9697,BOS,Flexible,Lapsed,manchurian,1002,150.29999999999998,OLD_SYSTEM_REF
2025-10-01,OUT_030,C_2310,BOS,Flexible,MM,burger,1859,278.84999999999997,OLD_SYSTEM_REF
2025-10-01,OUT_038,C_5435,BOS,Flexible,LM,burger,868,130.2,OLD_SYSTEM_REF
2025-10-01,OUT_041,C_6737,BOS,Flexible,Repeat,manchurian,741,111.14999999999999,OLD_SYSTEM_REF
2025-10-01,OUT_042,C_4440,Visit Pack,Fixed,Lapsed,N/A,1700,255.0,OLD_SYSTEM_REF
2025-10-01,OUT_053,C_8249,BOS,Flexible,UM,manchurian,1375,206.25,OLD_SYSTEM_REF
2025-10-01,OUT_054,C_3561,Visit Pack,Fixed,Repeat,N/A,705,105.75,OLD_SYSTEM_REF
2025-10-01,OUT_066,C_8319,PSP,Flexible,Repeat,N/A,1892,283.8,OLD_SYSTEM_REF
2025-10-01,OUT_071,C_3330,Visit Pack,Fixed,UM,N/A,1967,295.05,OLD_SYSTEM_REF
2025-10-01,OUT_076,C_5961,BOS,Flexible,UM,dosa,1413,211.95,OLD_SYSTEM_REF
2025-10-01,OUT_086,C_2009,Visit Pack,Fixed,MM,N/A,1395,209.25,OLD_SYSTEM_REF
2025-10-01,OUT_087,C_4636,PSP,Flexible,LM,N/A,519,77.85,OLD_SYSTEM_REF
2025-10-01,OUT_091,C_3966,PSP,Flexible,UM,N/A,671,100.64999999999999,OLD_SYSTEM_REF
2025-10-01,OUT_097,C_5814,PSP,Flexible,MM,N/A,908,136.2,OLD_SYSTEM_REF
2025-10-01,OUT_098,C_3328,Visit Pack,Fixed,LM,N/A,695,104.25,OLD_SYSTEM_REF
2025-10-02,OUT_007,C_1361,BOS,Flexible,UM,dal makhani,936,140.4,OLD_SYSTEM_REF
2025-10-02,OUT_009,C_1070,Visit Pack,Fixed,MM,N/A,1564,234.6,OLD_SYSTEM_REF
2025-10-02,OUT_010,C_3613,Visit Pack,Fixed,MM,N/A,1433,214.95,OLD_SYSTEM_REF
2025-10-02,OUT_013,C_5250,PSP,Flexible,LM,N/A,1447,217.04999999999998,OLD_SYSTEM_REF
2025-10-02,OUT_023,C_4612,PSP,Flexible,Lapsed,N/A,1112,166.79999999999998,OLD_SYSTEM_REF
2025-10-02,OUT_024,C_7270,PSP,Flexible,MM,N/A,991,148.65,OLD_SYSTEM_REF
2025-10-02,OUT_025,C_8991,Visit Pack,Fixed,MM,N/A,1082,162.29999999999998,OLD_SYSTEM_REF
2025-10-02,OUT_039,C_2567,PSP,Flexible,LM,N/A,1216,182.4,OLD_SYSTEM_REF
2025-10-02,OUT_042,C_9696,Visit Pack,Fixed,UM,N/A,904,135.6,OLD_SYSTEM_REF
2025-10-02,OUT_051,C_4295,PSP,Flexible,MM,N/A,731,109.64999999999999,OLD_SYSTEM_REF
2025-10-02,OUT_052,C_3795,BOS,Flexible,Lapsed,pizza,1263,189.45,OLD_SYSTEM_REF
2025-10-02,OUT_065,C_5309,PSP,Flexible,Lapsed,N/A,800,120.0,OLD_SYSTEM_REF
2025-10-02,OUT_067,C_6139,BOS,Flexible,Repeat,dosa,1414,212.1,OLD_SYSTEM_REF
2025-10-02,OUT_078,C_8101,BOS,Flexible,MM,burger,909,136.35,OLD_SYSTEM_REF
2025-10-02,OUT_083,C_7903,Visit Pack,Fixed,Repeat,N/A,1127,169.04999999999998,OLD_SYSTEM_REF
2025-10-02,OUT_087,C_8308,PSP,Flexible,Repeat,N/A,1139,170.85,OLD_SYSTEM_REF
2025-10-02,OUT_090,C_5456,PSP,Flexible,LM,N/A,1795,269.25,OLD_SYSTEM_REF
2025-10-02,OUT_091,C_3921,BOS,Flexible,Lapsed,dosa,815,122.25,OLD_SYSTEM_REF
2025-10-02,OUT_092,C_4141,BOS,Flexible,MM,pizza,692,103.8,OLD_SYSTEM_REF
2025-10-02,OUT_094,C_7151,Visit Pack,Fixed,Repeat,N/A,1712,256.8,OLD_SYSTEM_REF
2025-10-03,OUT_001,C_4034,PSP,Flexible,UM,N/A,992,148.79999999999998,OLD_SYSTEM_REF
2025-10-03,OUT_004,C_8013,PSP,Flexible,UM,N/A,1386,207.9,OLD_SYSTEM_REF
2025-10-03,OUT_005,C_7591,Visit Pack,Fixed,MM,N/A,1705,255.75,OLD_SYSTEM_REF
2025-10-03,OUT_006,C_1786,PSP,Flexible,UM,N/A,1278,191.7,OLD_SYSTEM_REF
2025-10-03,OUT_009,C_1162,BOS,Flexible,MM,dal makhani,1922,288.3,OLD_SYSTEM_REF
2025-10-03,OUT_016,C_8820,PSP,Flexible,Repeat,N/A,1331,199.65,OLD_SYSTEM_REF
2025-10-03,OUT_020,C_1501,PSP,Flexible,LM,N/A,532,79.8,OLD_SYSTEM_REF
2025-10-03,OUT_022,C_9906,BOS,Flexible,Repeat,pizza,1015,152.25,OLD_SYSTEM_REF
2025-10-03,OUT_027,C_5392,BOS,Flexible,MM,manchurian,1749,262.34999999999997,OLD_SYSTEM_REF
2025-10-03,OUT_028,C_2244,BOS,Flexible,MM,dal makhani,1905,285.75,OLD_SYSTEM_REF
2025-10-03,OUT_029,C_5930,BOS,Flexible,UM,dosa,1612,241.79999999999998,OLD_SYSTEM_REF
2025-10-03,OUT_033,C_8717,BOS,Flexible,UM,dosa,719,107.85,OLD_SYSTEM_REF
2025-10-03,OUT_040,C_3273,PSP,Flexible,LM,N/A,1316,197.4,OLD_SYSTEM_REF
2025-10-03,OUT_043,C_5501,Visit Pack,Fixed,UM,N/A,1946,291.9,OLD_SYSTEM_REF
2025-10-03,OUT_049,C_9158,BOS,Flexible,LM,dal makhani,1908,286.2,OLD_SYSTEM_REF
2025-10-03,OUT_053,C_4972,Visit Pack,Fixed,MM,N/A,1503,225.45,OLD_SYSTEM_REF
2025-10-03,OUT_059,C_2840,BOS,Flexible,MM,manchurian,932,139.79999999999998,OLD_SYSTEM_REF
2025-10-03,OUT_061,C_1335,PSP,Flexible,MM,N/A,1977,296.55,OLD_SYSTEM_REF
2025-10-03,OUT_063,C_2694,Visit Pack,Fixed,Repeat,N/A,1099,164.85,OLD_SYSTEM_REF
2025-10-03,OUT_066,C_4495,PSP,Flexible,Lapsed,N/A,1667,250.04999999999998,OLD_SYSTEM_REF
2025-10-03,OUT_069,C_9307,BOS,Flexible,Repeat,manchurian,1805,270.75,OLD_SYSTEM_REF
2025-10-03,OUT_072,C_1494,BOS,Flexible,LM,dal makhani,606,90.89999999999999,OLD_SYSTEM_REF
2025-10-03,OUT_078,C_5852,BOS,Flexible,Repeat,burger,1166,174.9,OLD_SYSTEM_REF
2025-10-04,OUT_001,C_5355,Visit Pack,Fixed,MM,N/A,1488,223.2,OLD_SYSTEM_REF
2025-10-04,OUT_003,C_6364,BOS,Flexible,UM,manchurian,1554,233.1,OLD_SYSTEM_REF
2025-10-04,OUT_011,C_9175,PSP,Flexible,UM,N/A,1089,163.35,OLD_SYSTEM_REF
2025-10-04,OUT_013,C_1078,BOS,Flexible,Repeat,dal makhani,1902,285.3,OLD_SYSTEM_REF
2025-10-04,OUT_028,C_2561,Visit Pack,Fixed,UM,N/A,1096,164.4,OLD_SYSTEM_REF
2025-10-04,OUT_031,C_9139,Visit Pack,Fixed,UM,N/A,1945,291.75,OLD_SYSTEM_REF
2025-10-04,OUT_038,C_2462,PSP,Flexible,LM,N/A,852,127.8,OLD_SYSTEM_REF
2025-10-04,OUT_039,C_9816,Visit Pack,Fixed,Repeat,N/A,1440,216.0,OLD_SYSTEM_REF
2025-10-04,OUT_040,C_6161,PSP,Flexible,UM,N/A,1548,232.2,OLD_SYSTEM_REF
2025-10-04,OUT_042,C_3787,BOS,Flexible,MM,pizza,1836,275.4,OLD_SYSTEM_REF
2025-10-04,OUT_045,C_1552,BOS,Flexible,UM,burger,1866,279.9,OLD_SYSTEM_REF
2025-10-04,OUT_055,C_6197,PSP,Flexible,Lapsed,N/A,1435,215.25,OLD_SYSTEM_REF
2025-10-04,OUT_060,C_7503,BOS,Flexible,MM,dal makhani,1798,269.7,OLD_SYSTEM_REF
2025-10-04,OUT_073,C_6181,BOS,Flexible,Lapsed,pizza,1939,290.84999999999997,OLD_SYSTEM_REF
2025-10-04,OUT_077,C_1711,PSP,Flexible,UM,N/A,1167,175.04999999999998,OLD_SYSTEM_REF
2025-10-04,OUT_080,C_8010,Visit Pack,Fixed,Lapsed,N/A,1879,281.84999999999997,OLD_SYSTEM_REF
2025-10-04,OUT_086,C_1780,Visit Pack,Fixed,MM,N/A,1069,160.35,OLD_SYSTEM_REF
2025-10-05,OUT_002,C_3691,PSP,Flexible,LM,N/A,622,93.3,OLD_SYSTEM_REF
2025-10-05,OUT_004,C_4720,BOS,Flexible,Lapsed,dosa,1850,277.5,OLD_SYSTEM_REF
2025-10-05,OUT_008,C_4292,PSP,Flexible,Repeat,N/A,1849,277.34999999999997,OLD_SYSTEM_REF
2025-10-05,OUT_013,C_2618,PSP,Flexible,MM,N/A,1444,216.6,OLD_SYSTEM_REF
2025-10-05,OUT_014,C_9521,PSP,Flexible,Repeat,N/A,518,77.7,OLD_SYSTEM_REF
2025-10-05,OUT_015,C_8729,Visit Pack,Fixed,UM,N/A,523,78.45,OLD_SYSTEM_REF
2025-10-05,OUT_030,C_7684,Visit Pack,Fixed,LM,N/A,1325,198.75,OLD_SYSTEM_REF
2025-10-05,OUT_035,C_7538,BOS,Flexible,Repeat,manchurian,848,127.19999999999999,OLD_SYSTEM_REF
2025-10-05,OUT_038,C_8546,PSP,Flexible,LM,N/A,1949,292.34999999999997,OLD_SYSTEM_REF
2025-10-05,OUT_039,C_7071,PSP,Flexible,UM,N/A,606,90.89999999999999,OLD_SYSTEM_REF
2025-10-05,OUT_042,C_7706,BOS,Flexible,UM,pizza,735,110.25,OLD_SYSTEM_REF
2025-10-05,OUT_045,C_9328,PSP,Flexible,Repeat,N/A,1972,295.8,OLD_SYSTEM_REF
2025-10-05,OUT_048,C_3889,PSP,Flexible,Lapsed,N/A,1333,199.95,OLD_SYSTEM_REF
2025-10-05,OUT_055,C_6694,PSP,Flexible,MM,N/A,1908,286.2,OLD_SYSTEM_REF
2025-10-05,OUT_062,C_8184,BOS,Flexible,LM,dal makhani,1358,203.7,OLD_SYSTEM_REF
2025-10-05,OUT_064,C_7921,BOS,Flexible,Repeat,manchurian,861,129.15,OLD_SYSTEM_REF
2025-10-05,OUT_074,C_5173,Visit Pack,Fixed,LM,N/A,1578,236.7,OLD_SYSTEM_REF
2025-10-05,OUT_081,C_8719,PSP,Flexible,UM,N/A,1538,230.7,OLD_SYSTEM_REF
2025-10-05,OUT_085,C_5347,BOS,Flexible,LM,dosa,1391,208.65,OLD_SYSTEM_REF
2025-10-05,OUT_087,C_8505,BOS,Flexible,MM,manchurian,946,141.9,OLD_SYSTEM_REF
2025-10-05,OUT_092,C_3317,Visit Pack,Fixed,Lapsed,N/A,1942,291.3,OLD_SYSTEM_REF
2025-10-05,OUT_093,C_1969,Visit Pack,Fixed,Lapsed,N/A,1841,276.15,OLD_SYSTEM_REF
2025-10-05,OUT_097,C_1899,BOS,Flexible,Lapsed,burger,1966,294.9,OLD_SYSTEM_REF
2025-10-06,OUT_001,C_2750,PSP,Flexible,MM,N/A,895,134.25,OLD_SYSTEM_REF
2025-10-06,OUT_003,C_7940,Visit Pack,Fixed,Repeat,N/A,1785,267.75,OLD_SYSTEM_REF
2025-10-06,OUT_007,C_5220,BOS,Flexible,MM,dal makhani,778,116.69999999999999,OLD_SYSTEM_REF
2025-10-06,OUT_018,C_8036,Visit Pack,Fixed,LM,N/A,1907,286.05,OLD_SYSTEM_REF
2025-10-06,OUT_020,C_6138,Visit Pack,Fixed,MM,N/A,1106,165.9,OLD_SYSTEM_REF
2025-10-06,OUT_025,C_2677,PSP,Flexible,LM,N/A,1524,228.6,OLD_SYSTEM_REF
2025-10-06,OUT_027,C_6555,Visit Pack,Fixed,LM,N/A,1828,274.2,OLD_SYSTEM_REF
2025-10-06,OUT_029,C_1246,BOS,Flexible,LM,dosa,864,129.6,OLD_SYSTEM_REF
2025-10-06,OUT_031,C_1610,PSP,Flexible,Repeat,N/A,797,119.55,OLD_SYSTEM_REF
2025-10-06,OUT_032,C_4398,Visit Pack,Fixed,Lapsed,N/A,1534,230.1,OLD_SYSTEM_REF
2025-10-06,OUT_036,C_5043,PSP,Flexible,LM,N/A,972,145.79999999999998,OLD_SYSTEM_REF
2025-10-06,OUT_048,C_4789,PSP,Flexible,LM,N/A,1355,203.25,OLD_SYSTEM_REF
2025-10-06,OUT_053,C_4031,BOS,Flexible,UM,manchurian,532,79.8,OLD_SYSTEM_REF
2025-10-06,OUT_059,C_5970,PSP,Flexible,UM,N/A,868,130.2,OLD_SYSTEM_REF
2025-10-06,OUT_062,C_2965,PSP,Flexible,LM,N/A,1125,168.75,OLD_SYSTEM_REF
2025-10-06,OUT_066,C_3973,BOS,Flexible,Lapsed,manchurian,1880,282.0,OLD_SYSTEM_REF
2025-10-06,OUT_070,C_1918,Visit Pack,Fixed,MM,N/A,512,76.8,OLD_SYSTEM_REF
2025-10-06,OUT_074,C_2673,BOS,Flexible,Lapsed,dosa,1315,197.25,OLD_SYSTEM_REF
2025-10-06,OUT_085,C_8781,BOS,Flexible,UM,dosa,1067,160.04999999999998,OLD_SYSTEM_REF
2025-10-06,OUT_091,C_6151,PSP,Flexible,UM,N/A,1448,217.2,OLD_SYSTEM_REF
2025-10-06,OUT_098,C_7550,PSP,Flexible,Lapsed,N/A,1721,258.15,OLD_SYSTEM_REF
2025-10-07,OUT_005,C_9034,PSP,Flexible,Repeat,N/A,1025,153.75,OLD_SYSTEM_REF
2025-10-07,OUT_011,C_4356,PSP,Flexible,Lapsed,N/A,1170,175.5,OLD_SYSTEM_REF
2025-10-07,OUT_012,C_4930,Visit Pack,Fixed,MM,N/A,1834,275.09999999999997,OLD_SYSTEM_REF
2025-10-07,OUT_013,C_1597,BOS,Flexible,UM,dal makhani,746,111.89999999999999,OLD_SYSTEM_REF
2025-10-07,OUT_020,C_3835,PSP,Flexible,MM,N/A,913,136.95,OLD_SYSTEM_REF
2025-10-07,OUT_022,C_5714,BOS,Flexible,MM,pizza,1096,164.4,OLD_SYSTEM_REF
2025-10-07,OUT_029,C_6557,PSP,Flexible,MM,N/A,1547,232.04999999999998,OLD_SYSTEM_REF
2025-10-07,OUT_042,C_9006,PSP,Flexible,UM,N/A,676,101.39999999999999,OLD_SYSTEM_REF
2025-10-07,OUT_046,C_8498,PSP,Flexible,UM,N/A,1473,220.95,OLD_SYSTEM_REF
2025-10-07,OUT_047,C_8077,BOS,Flexible,Lapsed,dal makhani,1898,284.7,OLD_SYSTEM_REF
2025-10-07,OUT_052,C_7060,Visit Pack,Fixed,Repeat,N/A,1027,154.04999999999998,OLD_SYSTEM_REF
2025-10-07,OUT_056,C_2801,PSP,Flexible,LM,N/A,1626,243.89999999999998,OLD_SYSTEM_REF
2025-10-07,OUT_058,C_6206,Visit Pack,Fixed,LM,N/A,1004,150.6,OLD_SYSTEM_REF
2025-10-07,OUT_062,C_9306,Visit Pack,Fixed,MM,N/A,1986,297.9,OLD_SYSTEM_REF
2025-10-07,OUT_071,C_1695,BOS,Flexible,Repeat,manchurian,770,115.5,OLD_SYSTEM_REF
2025-10-07,OUT_080,C_3855,BOS,Flexible,Lapsed,manchurian,780,117.0,OLD_SYSTEM_REF
2025-10-07,OUT_083,C_8104,PSP,Flexible,Lapsed,N/A,1155,173.25,OLD_SYSTEM_REF
2025-10-07,OUT_095,C_2950,PSP,Flexible,LM,N/A,1954,293.09999999999997,OLD_SYSTEM_REF
2025-10-07,OUT_097,C_7742,BOS,Flexible,UM,burger,1330,199.5,OLD_SYSTEM_REF
2025-10-08,OUT_004,C_9172,BOS,Flexible,Lapsed,dosa,1344,201.6,OLD_SYSTEM_REF
2025-10-08,OUT_006,C_5178,Visit Pack,Fixed,UM,N/A,1764,264.59999999999997,OLD_SYSTEM_REF
2025-10-08,OUT_009,C_8615,PSP,Flexible,UM,N/A,1263,189.45,OLD_SYSTEM_REF
2025-10-08,OUT_010,C_7479,Visit Pack,Fixed,MM,N/A,1983,297.45,OLD_SYSTEM_REF
2025-10-08,OUT_015,C_6692,BOS,Flexible,UM,dosa,1004,150.6,OLD_SYSTEM_REF
2025-10-08,OUT_019,C_4981,BOS,Flexible,Lapsed,dal makhani,1938,290.7,OLD_SYSTEM_REF
2025-10-08,OUT_024,C_5173,BOS,Flexible,Lapsed,dosa,1471,220.65,OLD_SYSTEM_REF
2025-10-08,OUT_028,C_6358,PSP,Flexible,UM,N/A,913,136.95,OLD_SYSTEM_REF
2025-10-08,OUT_029,C_5138,Visit Pack,Fixed,LM,N/A,1976,296.4,OLD_SYSTEM_REF
2025-10-08,OUT_031,C_5676,Visit Pack,Fixed,MM,N/A,1881,282.15,OLD_SYSTEM_REF
2025-10-08,OUT_040,C_7317,PSP,Flexible,UM,N/A,1488,223.2,OLD_SYSTEM_REF
2025-10-08,OUT_042,C_2502,BOS,Flexible,MM,pizza,1429,214.35,OLD_SYSTEM_REF
2025-10-08,OUT_044,C_1601,PSP,Flexible,Lapsed,N/A,1880,282.0,OLD_SYSTEM_REF
2025-10-08,OUT_049,C_4307,Visit Pack,Fixed,LM,N/A,568,85.2,OLD_SYSTEM_REF
2025-10-08,OUT_051,C_4135,Visit Pack,Fixed,LM,N/A,1938,290.7,OLD_SYSTEM_REF
2025-10-08,OUT_055,C_6077,PSP,Flexible,MM,N/A,1074,161.1,OLD_SYSTEM_REF
2025-10-08,OUT_056,C_6931,PSP,Flexible,Lapsed,N/A,1970,295.5,OLD_SYSTEM_REF
2025-10-08,OUT_058,C_8813,BOS,Flexible,Lapsed,dosa,550,82.5,OLD_SYSTEM_REF
2025-10-08,OUT_069,C_1974,BOS,Flexible,Repeat,manchurian,1262,189.29999999999998,OLD_SYSTEM_REF
2025-10-08,OUT_075,C_4048,BOS,Flexible,Lapsed,pizza,1896,284.4,OLD_SYSTEM_REF
2025-10-08,OUT_078,C_9439,PSP,Flexible,MM,N/A,1925,288.75,OLD_SYSTEM_REF
2025-10-08,OUT_083,C_2921,BOS,Flexible,MM,manchurian,1372,205.79999999999998,OLD_SYSTEM_REF
2025-10-08,OUT_084,C_3997,BOS,Flexible,Lapsed,dal makhani,756,113.39999999999999,OLD_SYSTEM_REF
2025-10-08,OUT_091,C_6244,BOS,Flexible,LM,dosa,1604,240.6,OLD_SYSTEM_REF
2025-10-08,OUT_094,C_6873,PSP,Flexible,LM,N/A,1901,285.15,OLD_SYSTEM_REF
2025-10-08,OUT_095,C_5524,BOS,Flexible,LM,burger,1552,232.79999999999998,OLD_SYSTEM_REF
2025-10-08,OUT_098,C_8643,Visit Pack,Fixed,Lapsed,N/A,858,128.7,OLD_SYSTEM_REF
2025-10-09,OUT_012,C_8558,BOS,Flexible,MM,dal makhani,848,127.19999999999999,OLD_SYSTEM_REF
2025-10-09,OUT_019,C_9405,Visit Pack,Fixed,LM,N/A,639,95.85,OLD_SYSTEM_REF
2025-10-09,OUT_020,C_5729,Visit Pack,Fixed,MM,N/A,1620,243.0,OLD_SYSTEM_REF
2025-10-09,OUT_027,C_5942,BOS,Flexible,Repeat,manchurian,728,109.2,OLD_SYSTEM_REF
2025-10-09,OUT_028,C_7017,PSP,Flexible,LM,N/A,1834,275.09999999999997,OLD_SYSTEM_REF
2025-10-09,OUT_032,C_8936,BOS,Flexible,UM,manchurian,1767,265.05,OLD_SYSTEM_REF
2025-10-09,OUT_034,C_1086,Visit Pack,Fixed,Repeat,N/A,1520,228.0,OLD_SYSTEM_REF
2025-10-09,OUT_035,C_7851,Visit Pack,Fixed,UM,N/A,1207,181.04999999999998,OLD_SYSTEM_REF
2025-10-09,OUT_036,C_3693,BOS,Flexible,Repeat,dal makhani,1452,217.79999999999998,OLD_SYSTEM_REF
2025-10-09,OUT_043,C_8647,PSP,Flexible,Repeat,N/A,1784,267.59999999999997,OLD_SYSTEM_REF
2025-10-09,OUT_046,C_9692,PSP,Flexible,Lapsed,N/A,1508,226.2,OLD_SYSTEM_REF
2025-10-09,OUT_050,C_6039,BOS,Flexible,Repeat,pizza,1796,269.4,OLD_SYSTEM_REF
2025-10-09,OUT_052,C_4986,Visit Pack,Fixed,MM,N/A,1907,286.05,OLD_SYSTEM_REF
2025-10-09,OUT_056,C_3738,Visit Pack,Fixed,Lapsed,N/A,1576,236.39999999999998,OLD_SYSTEM_REF
2025-10-09,OUT_057,C_2695,Visit Pack,Fixed,UM,N/A,766,114.89999999999999,OLD_SYSTEM_REF
2025-10-09,OUT_066,C_3733,Visit Pack,Fixed,UM,N/A,662,99.3,OLD_SYSTEM_REF
2025-10-09,OUT_069,C_9854,BOS,Flexible,UM,manchurian,1957,293.55,OLD_SYSTEM_REF
2025-10-09,OUT_073,C_7105,PSP,Flexible,Lapsed,N/A,1614,242.1,OLD_SYSTEM_REF
2025-10-09,OUT_080,C_2600,BOS,Flexible,LM,manchurian,588,88.2,OLD_SYSTEM_REF
2025-10-09,OUT_082,C_7428,BOS,Flexible,UM,dosa,1797,269.55,OLD_SYSTEM_REF
2025-10-09,OUT_089,C_5120,PSP,Flexible,Lapsed,N/A,1579,236.85,OLD_SYSTEM_REF
2025-10-09,OUT_092,C_5325,BOS,Flexible,Lapsed,pizza,1604,240.6,OLD_SYSTEM_REF
2025-10-09,OUT_097,C_1775,Visit Pack,Fixed,Repeat,N/A,1734,260.09999999999997,OLD_SYSTEM_REF
2025-10-10,OUT_003,C_6706,Visit Pack,Fixed,MM,N/A,1326,198.9,OLD_SYSTEM_REF
2025-10-10,OUT_010,C_8101,BOS,Flexible,Repeat,pizza,946,141.9,OLD_SYSTEM_REF
2025-10-10,OUT_023,C_7613,BOS,Flexible,MM,burger,1370,205.5,OLD_SYSTEM_REF
2025-10-10,OUT_028,C_9788,Visit Pack,Fixed,LM,N/A,519,77.85,OLD_SYSTEM_REF
2025-10-10,OUT_029,C_3082,Visit Pack,Fixed,Repeat,N/A,1985,297.75,OLD_SYSTEM_REF
2025-10-10,OUT_033,C_7888,Visit Pack,Fixed,Lapsed,N/A,854,128.1,OLD_SYSTEM_REF
2025-10-10,OUT_035,C_6566,Visit Pack,Fixed,Repeat,N/A,985,147.75,OLD_SYSTEM_REF
2025-10-10,OUT_037,C_4171,BOS,Flexible,MM,dal makhani,706,105.89999999999999,OLD_SYSTEM_REF
2025-10-10,OUT_046,C_1754,PSP,Flexible,MM,N/A,1918,287.7,OLD_SYSTEM_REF
2025-10-10,OUT_059,C_1645,BOS,Flexible,Lapsed,manchurian,1609,241.35,OLD_SYSTEM_REF
2025-10-10,OUT_062,C_4808,BOS,Flexible,Repeat,dal makhani,1766,264.9,OLD_SYSTEM_REF
2025-10-10,OUT_065,C_5081,BOS,Flexible,UM,burger,1479,221.85,OLD_SYSTEM_REF
2025-10-10,OUT_073,C_9394,Visit Pack,Fixed,Repeat,N/A,1525,228.75,OLD_SYSTEM_REF
2025-10-10,OUT_080,C_4805,PSP,Flexible,Repeat,N/A,852,127.8,OLD_SYSTEM_REF
2025-10-10,OUT_083,C_7357,BOS,Flexible,Lapsed,manchurian,1608,241.2,OLD_SYSTEM_REF
2025-10-10,OUT_084,C_8173,BOS,Flexible,MM,dal makhani,1912,286.8,OLD_SYSTEM_REF
2025-10-10,OUT_096,C_3701,PSP,Flexible,MM,N/A,1802,270.3,OLD_SYSTEM_REF
2025-10-10,OUT_098,C_9649,BOS,Flexible,MM,dosa,783,117.44999999999999,OLD_SYSTEM_REF
2025-10-11,OUT_002,C_8833,PSP,Flexible,Repeat,N/A,1774,266.09999999999997,OLD_SYSTEM_REF
2025-10-11,OUT_008,C_6036,Visit Pack,Fixed,UM,N/A,1450,217.5,OLD_SYSTEM_REF
2025-10-11,OUT_021,C_9600,BOS,Flexible,Repeat,dosa,1390,208.5,OLD_SYSTEM_REF
2025-10-11,OUT_025,C_6857,BOS,Flexible,LM,burger,700,105.0,OLD_SYSTEM_REF
2025-10-11,OUT_030,C_7232,BOS,Flexible,Repeat,burger,1916,287.4,OLD_SYSTEM_REF
2025-10-11,OUT_034,C_8013,PSP,Flexible,LM,N/A,631,94.64999999999999,OLD_SYSTEM_REF
2025-10-11,OUT_037,C_6914,PSP,Flexible,Lapsed,N/A,1371,205.65,OLD_SYSTEM_REF
2025-10-11,OUT_045,C_4883,BOS,Flexible,UM,burger,1398,209.7,OLD_SYSTEM_REF
2025-10-11,OUT_060,C_9074,Visit Pack,Fixed,LM,N/A,650,97.5,OLD_SYSTEM_REF
2025-10-11,OUT_061,C_9411,Visit Pack,Fixed,Repeat,N/A,1720,258.0,OLD_SYSTEM_REF
2025-10-11,OUT_072,C_1747,BOS,Flexible,Lapsed,dal makhani,1598,239.7,OLD_SYSTEM_REF
2025-10-11,OUT_086,C_5867,Visit Pack,Fixed,LM,N/A,1181,177.15,OLD_SYSTEM_REF
2025-10-11,OUT_090,C_8030,BOS,Flexible,UM,dal makhani,1056,158.4,OLD_SYSTEM_REF
2025-10-11,OUT_091,C_9508,PSP,Flexible,LM,N/A,943,141.45,OLD_SYSTEM_REF
2025-10-11,OUT_096,C_8019,BOS,Flexible,LM,burger,971,145.65,OLD_SYSTEM_REF
2025-10-12,OUT_002,C_5207,BOS,Flexible,Lapsed,dal makhani,1205,180.75,OLD_SYSTEM_REF
2025-10-12,OUT_007,C_1269,PSP,Flexible,Repeat,N/A,1423,213.45,OLD_SYSTEM_REF
2025-10-12,OUT_009,C_4113,BOS,Flexible,UM,dal makhani,1524,228.6,OLD_SYSTEM_REF
2025-10-12,OUT_011,C_2837,Visit Pack,Fixed,Lapsed,N/A,722,108.3,OLD_SYSTEM_REF
2025-10-12,OUT_012,C_1925,PSP,Flexible,Repeat,N/A,1050,157.5,OLD_SYSTEM_REF
2025-10-12,OUT_028,C_1540,PSP,Flexible,UM,N/A,1157,173.54999999999998,OLD_SYSTEM_REF
2025-10-12,OUT_032,C_3491,BOS,Flexible,Repeat,manchurian,1403,210.45,OLD_SYSTEM_REF
2025-10-12,OUT_035,C_2992,Visit Pack,Fixed,Lapsed,N/A,1247,187.04999999999998,OLD_SYSTEM_REF
2025-10-12,OUT_045,C_7697,Visit Pack,Fixed,Repeat,N/A,1568,235.2,OLD_SYSTEM_REF
2025-10-12,OUT_052,C_5809,PSP,Flexible,MM,N/A,1375,206.25,OLD_SYSTEM_REF
2025-10-12,OUT_055,C_3728,Visit Pack,Fixed,UM,N/A,1566,234.89999999999998,OLD_SYSTEM_REF
2025-10-12,OUT_060,C_5292,PSP,Flexible,MM,N/A,1719,257.84999999999997,OLD_SYSTEM_REF
2025-10-12,OUT_070,C_8439,PSP,Flexible,Repeat,N/A,616,92.39999999999999,OLD_SYSTEM_REF
2025-10-12,OUT_072,C_7941,PSP,Flexible,MM,N/A,1777,266.55,OLD_SYSTEM_REF
2025-10-12,OUT_073,C_6334,BOS,Flexible,Lapsed,pizza,1547,232.04999999999998,OLD_SYSTEM_REF
2025-10-12,OUT_086,C_6275,BOS,Flexible,Repeat,dal makhani,794,119.1,OLD_SYSTEM_REF
2025-10-12,OUT_088,C_7545,BOS,Flexible,Lapsed,burger,1605,240.75,OLD_SYSTEM_REF
2025-10-12,OUT_090,C_2917,PSP,Flexible,LM,N/A,1508,226.2,OLD_SYSTEM_REF
2025-10-12,OUT_092,C_5840,Visit Pack,Fixed,LM,N/A,1704,255.6,OLD_SYSTEM_REF
2025-10-12,OUT_094,C_1267,PSP,Flexible,UM,N/A,1368,205.2,OLD_SYSTEM_REF
2025-10-12,OUT_096,C_8501,Visit Pack,Fixed,LM,N/A,1229,184.35,OLD_SYSTEM_REF
2025-10-12,OUT_098,C_3791,BOS,Flexible,Lapsed,dosa,1514,227.1,OLD_SYSTEM_REF
2025-10-13,OUT_007,C_2593,Visit Pack,Fixed,Repeat,N/A,1273,190.95,OLD_SYSTEM_REF
2025-10-13,OUT_008,C_7063,BOS,Flexible,Lapsed,pizza,1258,188.7,OLD_SYSTEM_REF
2025-10-13,OUT_010,C_5089,BOS,Flexible,LM,pizza,1726,258.9,OLD_SYSTEM_REF
2025-10-13,OUT_014,C_3544,PSP,Flexible,UM,N/A,1690,253.5,OLD_SYSTEM_REF
2025-10-13,OUT_024,C_6193,BOS,Flexible,Lapsed,dosa,1767,265.05,OLD_SYSTEM_REF
2025-10-13,OUT_041,C_2858,PSP,Flexible,Lapsed,N/A,874,131.1,OLD_SYSTEM_REF
2025-10-13,OUT_049,C_3922,Visit Pack,Fixed,Repeat,N/A,1405,210.75,OLD_SYSTEM_REF
2025-10-13,OUT_061,C_3790,BOS,Flexible,MM,dosa,1255,188.25,OLD_SYSTEM_REF
2025-10-13,OUT_064,C_8305,Visit Pack,Fixed,UM,N/A,673,100.95,OLD_SYSTEM_REF
2025-10-13,OUT_073,C_9664,PSP,Flexible,MM,N/A,1408,211.2,OLD_SYSTEM_REF
2025-10-13,OUT_080,C_2122,BOS,Flexible,UM,manchurian,1428,214.2,OLD_SYSTEM_REF
2025-10-13,OUT_082,C_2785,Visit Pack,Fixed,LM,N/A,1108,166.2,OLD_SYSTEM_REF
2025-10-13,OUT_093,C_5064,PSP,Flexible,Repeat,N/A,1080,162.0,OLD_SYSTEM_REF
2025-10-13,OUT_094,C_9235,PSP,Flexible,LM,N/A,997,149.54999999999998,OLD_SYSTEM_REF
2025-10-13,OUT_098,C_5226,BOS,Flexible,LM,dosa,1237,185.54999999999998,OLD_SYSTEM_REF
2025-10-14,OUT_009,C_3916,PSP,Flexible,LM,N/A,508,76.2,OLD_SYSTEM_REF
2025-10-14,OUT_011,C_8201,BOS,Flexible,UM,burger,1076,161.4,OLD_SYSTEM_REF
2025-10-14,OUT_013,C_1396,Visit Pack,Fixed,MM,N/A,654,98.1,OLD_SYSTEM_REF
2025-10-14,OUT_014,C_5020,Visit Pack,Fixed,LM,N/A,1545,231.75,OLD_SYSTEM_REF
2025-10-14,OUT_020,C_4634,PSP,Flexible,MM,N/A,993,148.95,OLD_SYSTEM_REF
2025-10-14,OUT_032,C_9277,Visit Pack,Fixed,LM,N/A,652,97.8,OLD_SYSTEM_REF
2025-10-14,OUT_037,C_2158,BOS,Flexible,LM,dal makhani,1897,284.55,OLD_SYSTEM_REF
2025-10-14,OUT_042,C_1508,PSP,Flexible,UM,N/A,1800,270.0,OLD_SYSTEM_REF
2025-10-14,OUT_044,C_9105,BOS,Flexible,MM,dal makhani,1713,256.95,OLD_SYSTEM_REF
2025-10-14,OUT_045,C_3147,BOS,Flexible,Lapsed,burger,672,100.8,OLD_SYSTEM_REF
2025-10-14,OUT_047,C_7224,BOS,Flexible,Repeat,dal makhani,1940,291.0,OLD_SYSTEM_REF
2025-10-14,OUT_057,C_3128,Visit Pack,Fixed,UM,N/A,1607,241.04999999999998,OLD_SYSTEM_REF
2025-10-14,OUT_059,C_1504,BOS,Flexible,Repeat,manchurian,1627,244.04999999999998,OLD_SYSTEM_REF
2025-10-14,OUT_076,C_6418,Visit Pack,Fixed,UM,N/A,673,100.95,OLD_SYSTEM_REF
2025-10-14,OUT_077,C_1084,Visit Pack,Fixed,LM,N/A,1278,191.7,OLD_SYSTEM_REF
2025-10-14,OUT_078,C_4453,BOS,Flexible,LM,burger,720,108.0,OLD_SYSTEM_REF
2025-10-14,OUT_080,C_4819,PSP,Flexible,LM,N/A,685,102.75,OLD_SYSTEM_REF
2025-10-14,OUT_081,C_7291,Visit Pack,Fixed,Lapsed,N/A,1752,262.8,OLD_SYSTEM_REF
2025-10-14,OUT_082,C_3653,BOS,Flexible,Repeat,dosa,785,117.75,OLD_SYSTEM_REF
2025-10-14,OUT_083,C_2370,PSP,Flexible,LM,N/A,1728,259.2,OLD_SYSTEM_REF
2025-10-14,OUT_085,C_3227,BOS,Flexible,MM,dosa,1591,238.64999999999998,OLD_SYSTEM_REF
2025-10-14,OUT_088,C_2111,Visit Pack,Fixed,MM,N/A,1998,299.7,OLD_SYSTEM_REF
2025-10-15,OUT_003,C_3399,Visit Pack,Fixed,Repeat,N/A,1390,208.5,OLD_SYSTEM_REF
2025-10-15,OUT_006,C_9752,PSP,Flexible,Repeat,N/A,1563,234.45,OLD_SYSTEM_REF
2025-10-15,OUT_015,C_2686,PSP,Flexible,MM,N/A,633,94.95,OLD_SYSTEM_REF
2025-10-15,OUT_019,C_5043,Visit Pack,Fixed,UM,N/A,1448,217.2,OLD_SYSTEM_REF
2025-10-15,OUT_020,C_9197,BOS,Flexible,LM,pizza,886,132.9,OLD_SYSTEM_REF
2025-10-15,OUT_021,C_8042,BOS,Flexible,UM,dosa,605,90.75,OLD_SYSTEM_REF
2025-10-15,OUT_023,C_2656,Visit Pack,Fixed,MM,N/A,1459,218.85,OLD_SYSTEM_REF
2025-10-15,OUT_025,C_5433,PSP,Flexible,Lapsed,N/A,526,78.89999999999999,OLD_SYSTEM_REF
2025-10-15,OUT_033,C_6133,PSP,Flexible,UM,N/A,1264,189.6,OLD_SYSTEM_REF
2025-10-15,OUT_036,C_9213,PSP,Flexible,MM,N/A,1943,291.45,OLD_SYSTEM_REF
2025-10-15,OUT_042,C_6018,PSP,Flexible,Lapsed,N/A,1216,182.4,OLD_SYSTEM_REF
2025-10-15,OUT_048,C_7931,PSP,Flexible,LM,N/A,1855,278.25,OLD_SYSTEM_REF
2025-10-15,OUT_059,C_5741,PSP,Flexible,Lapsed,N/A,576,86.39999999999999,OLD_SYSTEM_REF
2025-10-15,OUT_060,C_8472,PSP,Flexible,Lapsed,N/A,1723,258.45,OLD_SYSTEM_REF
2025-10-15,OUT_068,C_9514,Visit Pack,Fixed,Lapsed,N/A,1972,295.8,OLD_SYSTEM_REF
2025-10-15,OUT_071,C_8320,Visit Pack,Fixed,Repeat,N/A,1688,253.2,OLD_SYSTEM_REF
2025-10-15,OUT_074,C_7925,BOS,Flexible,Repeat,dosa,1443,216.45,OLD_SYSTEM_REF
2025-10-15,OUT_091,C_9527,PSP,Flexible,Repeat,N/A,1509,226.35,OLD_SYSTEM_REF
2025-10-15,OUT_093,C_6854,Visit Pack,Fixed,LM,N/A,1954,293.09999999999997,OLD_SYSTEM_REF
2025-10-15,OUT_094,C_2667,PSP,Flexible,UM,N/A,535,80.25,OLD_SYSTEM_REF
2025-10-16,OUT_003,C_1064,BOS,Flexible,Lapsed,manchurian,1942,291.3,OLD_SYSTEM_REF
2025-10-16,OUT_004,C_8937,BOS,Flexible,MM,dosa,835,125.25,OLD_SYSTEM_REF
2025-10-16,OUT_008,C_2459,Visit Pack,Fixed,LM,N/A,1897,284.55,OLD_SYSTEM_REF
2025-10-16,OUT_013,C_2067,BOS,Flexible,UM,dal makhani,880,132.0,OLD_SYSTEM_REF
2025-10-16,OUT_026,C_5096,Visit Pack,Fixed,UM,N/A,645,96.75,OLD_SYSTEM_REF
2025-10-16,OUT_027,C_9046,PSP,Flexible,Repeat,N/A,542,81.3,OLD_SYSTEM_REF
2025-10-16,OUT_032,C_2740,PSP,Flexible,UM,N/A,1199,179.85,OLD_SYSTEM_REF
2025-10-16,OUT_033,C_3759,PSP,Flexible,Lapsed,N/A,571,85.64999999999999,OLD_SYSTEM_REF
2025-10-16,OUT_036,C_4323,BOS,Flexible,UM,dal makhani,1138,170.7,OLD_SYSTEM_REF
2025-10-16,OUT_039,C_4111,Visit Pack,Fixed,Lapsed,N/A,665,99.75,OLD_SYSTEM_REF
2025-10-16,OUT_042,C_4129,BOS,Flexible,UM,pizza,553,82.95,OLD_SYSTEM_REF
2025-10-16,OUT_055,C_8025,Visit Pack,Fixed,Repeat,N/A,865,129.75,OLD_SYSTEM_REF
2025-10-16,OUT_057,C_7370,Visit Pack,Fixed,MM,N/A,889,133.35,OLD_SYSTEM_REF
2025-10-16,OUT_064,C_1508,BOS,Flexible,Lapsed,manchurian,1280,192.0,OLD_SYSTEM_REF
2025-10-16,OUT_067,C_6255,Visit Pack,Fixed,Lapsed,N/A,1248,187.2,OLD_SYSTEM_REF
2025-10-16,OUT_070,C_9765,BOS,Flexible,Lapsed,dosa,1777,266.55,OLD_SYSTEM_REF
2025-10-16,OUT_075,C_3047,PSP,Flexible,UM,N/A,1277,191.54999999999998,OLD_SYSTEM_REF
2025-10-16,OUT_077,C_4914,Visit Pack,Fixed,Repeat,N/A,755,113.25,OLD_SYSTEM_REF
2025-10-16,OUT_086,C_3835,PSP,Flexible,MM,N/A,600,90.0,OLD_SYSTEM_REF
2025-10-16,OUT_095,C_3819,PSP,Flexible,Repeat,N/A,577,86.55,OLD_SYSTEM_REF
2025-10-16,OUT_097,C_9739,PSP,Flexible,Repeat,N/A,1946,291.9,OLD_SYSTEM_REF
2025-10-17,OUT_002,C_5353,PSP,Flexible,Repeat,N/A,1387,208.04999999999998,OLD_SYSTEM_REF
2025-10-17,OUT_012,C_3929,Visit Pack,Fixed,MM,N/A,1538,230.7,OLD_SYSTEM_REF
2025-10-17,OUT_013,C_9355,PSP,Flexible,Lapsed,N/A,874,131.1,OLD_SYSTEM_REF
2025-10-17,OUT_018,C_6378,BOS,Flexible,Lapsed,pizza,980,147.0,OLD_SYSTEM_REF
2025-10-17,OUT_025,C_4555,PSP,Flexible,Repeat,N/A,1988,298.2,OLD_SYSTEM_REF
2025-10-17,OUT_027,C_8145,Visit Pack,Fixed,Lapsed,N/A,806,120.89999999999999,OLD_SYSTEM_REF
2025-10-17,OUT_031,C_9582,Visit Pack,Fixed,LM,N/A,1742,261.3,OLD_SYSTEM_REF
2025-10-17,OUT_035,C_1325,PSP,Flexible,Repeat,N/A,1267,190.04999999999998,OLD_SYSTEM_REF
2025-10-17,OUT_043,C_4532,Visit Pack,Fixed,UM,N/A,534,80.1,OLD_SYSTEM_REF
2025-10-17,OUT_044,C_3993,BOS,Flexible,Repeat,dal makhani,1631,244.64999999999998,OLD_SYSTEM_REF
2025-10-17,OUT_047,C_3919,BOS,Flexible,LM,dal makhani,1957,293.55,OLD_SYSTEM_REF
2025-10-17,OUT_053,C_6776,Visit Pack,Fixed,Repeat,N/A,875,131.25,OLD_SYSTEM_REF
2025-10-17,OUT_055,C_8413,PSP,Flexible,Repeat,N/A,687,103.05,OLD_SYSTEM_REF
2025-10-17,OUT_057,C_6386,PSP,Flexible,MM,N/A,1459,218.85,OLD_SYSTEM_REF
2025-10-17,OUT_063,C_2908,PSP,Flexible,Lapsed,N/A,1633,244.95,OLD_SYSTEM_REF
2025-10-17,OUT_068,C_9440,BOS,Flexible,MM,manchurian,1111,166.65,OLD_SYSTEM_REF
2025-10-17,OUT_071,C_8230,PSP,Flexible,UM,N/A,557,83.55,OLD_SYSTEM_REF
2025-10-17,OUT_075,C_1461,Visit Pack,Fixed,LM,N/A,1382,207.29999999999998,OLD_SYSTEM_REF
2025-10-17,OUT_084,C_8428,BOS,Flexible,LM,dal makhani,843,126.44999999999999,OLD_SYSTEM_REF
2025-10-17,OUT_089,C_9948,Visit Pack,Fixed,MM,N/A,796,119.39999999999999,OLD_SYSTEM_REF
2025-10-17,OUT_091,C_3125,BOS,Flexible,UM,dosa,1232,184.79999999999998,OLD_SYSTEM_REF
2025-10-17,OUT_097,C_7724,Visit Pack,Fixed,UM,N/A,561,84.14999999999999,OLD_SYSTEM_REF
2025-10-17,OUT_100,C_8686,BOS,Flexible,Lapsed,dosa,531,79.64999999999999,OLD_SYSTEM_REF
2025-10-18,OUT_003,C_1254,Visit Pack,Fixed,Lapsed,N/A,1903,285.45,OLD_SYSTEM_REF
2025-10-18,OUT_005,C_9530,PSP,Flexible,UM,N/A,1880,282.0,OLD_SYSTEM_REF
2025-10-18,OUT_007,C_8029,Visit Pack,Fixed,MM,N/A,1984,297.59999999999997,OLD_SYSTEM_REF
2025-10-18,OUT_013,C_9907,PSP,Flexible,Lapsed,N/A,1522,228.29999999999998,OLD_SYSTEM_REF
2025-10-18,OUT_016,C_6707,PSP,Flexible,MM,N/A,1390,208.5,OLD_SYSTEM_REF
2025-10-18,OUT_020,C_7659,BOS,Flexible,Repeat,pizza,1579,236.85,OLD_SYSTEM_REF
2025-10-18,OUT_022,C_3271,Visit Pack,Fixed,Repeat,N/A,1259,188.85,OLD_SYSTEM_REF
2025-10-18,OUT_034,C_9931,Visit Pack,Fixed,MM,N/A,1621,243.14999999999998,OLD_SYSTEM_REF
2025-10-18,OUT_037,C_6650,PSP,Flexible,Repeat,N/A,1499,224.85,OLD_SYSTEM_REF
2025-10-18,OUT_042,C_1162,BOS,Flexible,LM,pizza,1022,153.29999999999998,OLD_SYSTEM_REF
2025-10-18,OUT_046,C_3139,BOS,Flexible,LM,pizza,1819,272.84999999999997,OLD_SYSTEM_REF
2025-10-18,OUT_048,C_5581,PSP,Flexible,Lapsed,N/A,1743,261.45,OLD_SYSTEM_REF
2025-10-18,OUT_050,C_9966,Visit Pack,Fixed,MM,N/A,1377,206.54999999999998,OLD_SYSTEM_REF
2025-10-18,OUT_054,C_2033,PSP,Flexible,Lapsed,N/A,1623,243.45,OLD_SYSTEM_REF
2025-10-18,OUT_055,C_8926,PSP,Flexible,MM,N/A,553,82.95,OLD_SYSTEM_REF
2025-10-18,OUT_058,C_3836,Visit Pack,Fixed,UM,N/A,1420,213.0,OLD_SYSTEM_REF
2025-10-18,OUT_062,C_2725,Visit Pack,Fixed,LM,N/A,814,122.1,OLD_SYSTEM_REF
2025-10-18,OUT_064,C_9847,PSP,Flexible,Lapsed,N/A,1759,263.84999999999997,OLD_SYSTEM_REF
2025-10-18,OUT_066,C_7672,Visit Pack,Fixed,Lapsed,N/A,580,87.0,OLD_SYSTEM_REF
2025-10-18,OUT_073,C_3674,PSP,Flexible,MM,N/A,1950,292.5,OLD_SYSTEM_REF
2025-10-18,OUT_079,C_1685,Visit Pack,Fixed,UM,N/A,662,99.3,OLD_SYSTEM_REF
2025-10-18,OUT_089,C_5611,BOS,Flexible,MM,manchurian,1256,188.4,OLD_SYSTEM_REF
2025-10-18,OUT_100,C_6868,Visit Pack,Fixed,UM,N/A,957,143.54999999999998,OLD_SYSTEM_REF
2025-10-19,OUT_007,C_6723,PSP,Flexible,UM,N/A,1411,211.65,OLD_SYSTEM_REF
2025-10-19,OUT_025,C_3011,BOS,Flexible,Lapsed,burger,1593,238.95,OLD_SYSTEM_REF
2025-10-19,OUT_036,C_7781,Visit Pack,Fixed,MM,N/A,1174,176.1,OLD_SYSTEM_REF
2025-10-19,OUT_045,C_9273,Visit Pack,Fixed,Repeat,N/A,876,131.4,OLD_SYSTEM_REF
2025-10-19,OUT_052,C_4286,PSP,Flexible,LM,N/A,1361,204.15,OLD_SYSTEM_REF
2025-10-19,OUT_054,C_7256,PSP,Flexible,Repeat,N/A,1419,212.85,OLD_SYSTEM_REF
2025-10-19,OUT_056,C_8380,Visit Pack,Fixed,LM,N/A,669,100.35,OLD_SYSTEM_REF
2025-10-19,OUT_057,C_8255,BOS,Flexible,Lapsed,dal makhani,1433,214.95,OLD_SYSTEM_REF
2025-10-19,OUT_059,C_2941,PSP,Flexible,Repeat,N/A,1901,285.15,OLD_SYSTEM_REF
2025-10-19,OUT_061,C_6616,PSP,Flexible,Repeat,N/A,1605,240.75,OLD_SYSTEM_REF
2025-10-19,OUT_073,C_6157,PSP,Flexible,Lapsed,N/A,1841,276.15,OLD_SYSTEM_REF
2025-10-19,OUT_080,C_7040,Visit Pack,Fixed,UM,N/A,1622,243.29999999999998,OLD_SYSTEM_REF
2025-10-19,OUT_083,C_7463,Visit Pack,Fixed,UM,N/A,1805,270.75,OLD_SYSTEM_REF
2025-10-19,OUT_084,C_5093,PSP,Flexible,MM,N/A,1318,197.7,OLD_SYSTEM_REF
2025-10-19,OUT_086,C_1018,Visit Pack,Fixed,MM,N/A,1070,160.5,OLD_SYSTEM_REF
2025-10-19,OUT_087,C_4667,Visit Pack,Fixed,Lapsed,N/A,1792,268.8,OLD_SYSTEM_REF
2025-10-19,OUT_088,C_1407,PSP,Flexible,Lapsed,N/A,728,109.2,OLD_SYSTEM_REF
2025-10-19,OUT_090,C_4096,BOS,Flexible,Repeat,dal makhani,1754,263.09999999999997,OLD_SYSTEM_REF
2025-10-19,OUT_091,C_8978,BOS,Flexible,MM,dosa,1153,172.95,OLD_SYSTEM_REF
2025-10-19,OUT_094,C_4634,Visit Pack,Fixed,UM,N/A,1330,199.5,OLD_SYSTEM_REF
2025-10-19,OUT_096,C_3788,Visit Pack,Fixed,Lapsed,N/A,1968,295.2,OLD_SYSTEM_REF
2025-10-19,OUT_098,C_5384,Visit Pack,Fixed,UM,N/A,500,75.0,OLD_SYSTEM_REF
2025-10-19,OUT_099,C_3137,Visit Pack,Fixed,LM,N/A,1092,163.79999999999998,OLD_SYSTEM_REF
2025-10-19,OUT_100,C_9650,PSP,Flexible,Repeat,N/A,983,147.45,OLD_SYSTEM_REF
2025-10-20,OUT_001,C_5404,PSP,Flexible,Lapsed,N/A,1747,262.05,OLD_SYSTEM_REF
2025-10-20,OUT_004,C_8116,PSP,Flexible,Lapsed,N/A,1225,183.75,OLD_SYSTEM_REF
2025-10-20,OUT_005,C_1255,Visit Pack,Fixed,MM,N/A,1349,202.35,OLD_SYSTEM_REF
2025-10-20,OUT_009,C_6165,PSP,Flexible,UM,N/A,1849,277.34999999999997,OLD_SYSTEM_REF
2025-10-20,OUT_012,C_3783,BOS,Flexible,Repeat,dal makhani,1321,198.15,OLD_SYSTEM_REF
2025-10-20,OUT_015,C_3705,BOS,Flexible,Lapsed,dosa,1683,252.45,OLD_SYSTEM_REF
2025-10-20,OUT_025,C_4054,BOS,Flexible,Repeat,burger,1132,169.79999999999998,OLD_SYSTEM_REF
2025-10-20,OUT_028,C_6638,BOS,Flexible,Repeat,dal makhani,1925,288.75,OLD_SYSTEM_REF
2025-10-20,OUT_030,C_7739,Visit Pack,Fixed,LM,N/A,1826,273.9,OLD_SYSTEM_REF
2025-10-20,OUT_034,C_9494,PSP,Flexible,MM,N/A,1386,207.9,OLD_SYSTEM_REF
2025-10-20,OUT_049,C_4822,Visit Pack,Fixed,Repeat,N/A,1602,240.29999999999998,OLD_SYSTEM_REF
2025-10-20,OUT_054,C_2107,Visit Pack,Fixed,Lapsed,N/A,1853,277.95,OLD_SYSTEM_REF
2025-10-20,OUT_067,C_7775,Visit Pack,Fixed,Repeat,N/A,590,88.5,OLD_SYSTEM_REF
2025-10-20,OUT_084,C_3253,Visit Pack,Fixed,UM,N/A,1621,243.14999999999998,OLD_SYSTEM_REF
2025-10-20,OUT_093,C_1029,BOS,Flexible,LM,manchurian,804,120.6,OLD_SYSTEM_REF
2025-10-21,OUT_001,C_1889,Visit Pack,Fixed,UM,N/A,1860,279.0,OLD_SYSTEM_REF
2025-10-21,OUT_004,C_2792,Visit Pack,Fixed,UM,N/A,1804,270.59999999999997,OLD_SYSTEM_REF
2025-10-21,OUT_006,C_3757,Visit Pack,Fixed,UM,N/A,1995,299.25,OLD_SYSTEM_REF
2025-10-21,OUT_009,C_9680,BOS,Flexible,Repeat,dal makhani,1432,214.79999999999998,OLD_SYSTEM_REF
2025-10-21,OUT_013,C_3630,BOS,Flexible,Repeat,dal makhani,1852,277.8,OLD_SYSTEM_REF
2025-10-21,OUT_019,C_3285,PSP,Flexible,Lapsed,N/A,1533,229.95,OLD_SYSTEM_REF
2025-10-21,OUT_025,C_2462,PSP,Flexible,LM,N/A,1210,181.5,OLD_SYSTEM_REF
2025-10-21,OUT_027,C_1840,Visit Pack,Fixed,LM,N/A,913,136.95,OLD_SYSTEM_REF
2025-10-21,OUT_029,C_9522,Visit Pack,Fixed,MM,N/A,1428,214.2,OLD_SYSTEM_REF
2025-10-21,OUT_039,C_7420,PSP,Flexible,Repeat,N/A,1574,236.1,OLD_SYSTEM_REF
2025-10-21,OUT_040,C_3971,PSP,Flexible,Lapsed,N/A,1332,199.79999999999998,OLD_SYSTEM_REF
2025-10-21,OUT_043,C_1376,Visit Pack,Fixed,UM,N/A,1054,158.1,OLD_SYSTEM_REF
2025-10-21,OUT_044,C_4666,PSP,Flexible,UM,N/A,728,109.2,OLD_SYSTEM_REF
2025-10-21,OUT_048,C_1423,PSP,Flexible,Repeat,N/A,1105,165.75,OLD_SYSTEM_REF
2025-10-21,OUT_050,C_5002,BOS,Flexible,UM,pizza,912,136.79999999999998,OLD_SYSTEM_REF
2025-10-21,OUT_051,C_4528,Visit Pack,Fixed,LM,N/A,1124,168.6,OLD_SYSTEM_REF
2025-10-21,OUT_052,C_1218,BOS,Flexible,LM,pizza,1625,243.75,OLD_SYSTEM_REF
2025-10-21,OUT_054,C_6733,Visit Pack,Fixed,Repeat,N/A,1006,150.9,OLD_SYSTEM_REF
2025-10-21,OUT_060,C_5101,Visit Pack,Fixed,MM,N/A,505,75.75,OLD_SYSTEM_REF
2025-10-21,OUT_063,C_5576,Visit Pack,Fixed,Repeat,N/A,1105,165.75,OLD_SYSTEM_REF
2025-10-21,OUT_073,C_6485,PSP,Flexible,Repeat,N/A,1026,153.9,OLD_SYSTEM_REF
2025-10-21,OUT_074,C_8913,BOS,Flexible,Repeat,dosa,1552,232.79999999999998,OLD_SYSTEM_REF
2025-10-21,OUT_077,C_7943,Visit Pack,Fixed,MM,N/A,725,108.75,OLD_SYSTEM_REF
2025-10-21,OUT_079,C_4256,Visit Pack,Fixed,Repeat,N/A,662,99.3,OLD_SYSTEM_REF
2025-10-21,OUT_080,C_5783,Visit Pack,Fixed,UM,N/A,1990,298.5,OLD_SYSTEM_REF
2025-10-21,OUT_088,C_6006,PSP,Flexible,LM,N/A,1950,292.5,OLD_SYSTEM_REF
2025-10-21,OUT_096,C_8267,Visit Pack,Fixed,UM,N/A,954,143.1,OLD_SYSTEM_REF
2025-10-21,OUT_097,C_3277,PSP,Flexible,Repeat,N/A,862,129.29999999999998,OLD_SYSTEM_REF
2025-10-22,OUT_006,C_9075,PSP,Flexible,Lapsed,N/A,842,126.3,OLD_SYSTEM_REF
2025-10-22,OUT_024,C_9384,BOS,Flexible,UM,dosa,942,141.29999999999998,OLD_SYSTEM_REF
2025-10-22,OUT_032,C_2852,Visit Pack,Fixed,LM,N/A,1754,263.09999999999997,OLD_SYSTEM_REF
2025-10-22,OUT_036,C_4187,BOS,Flexible,UM,dal makhani,1733,259.95,OLD_SYSTEM_REF
2025-10-22,OUT_039,C_9295,BOS,Flexible,LM,dal makhani,1730,259.5,OLD_SYSTEM_REF
2025-10-22,OUT_042,C_4846,PSP,Flexible,UM,N/A,1549,232.35,OLD_SYSTEM_REF
2025-10-22,OUT_044,C_7727,BOS,Flexible,MM,dal makhani,1097,164.54999999999998,OLD_SYSTEM_REF
2025-10-22,OUT_045,C_8333,BOS,Flexible,MM,burger,1400,210.0,OLD_SYSTEM_REF
2025-10-22,OUT_046,C_8403,PSP,Flexible,MM,N/A,1344,201.6,OLD_SYSTEM_REF
2025-10-22,OUT_049,C_7951,BOS,Flexible,Repeat,dal makhani,1989,298.34999999999997,OLD_SYSTEM_REF
2025-10-22,OUT_050,C_5316,Visit Pack,Fixed,Repeat,N/A,1381,207.15,OLD_SYSTEM_REF
2025-10-22,OUT_052,C_1008,PSP,Flexible,Lapsed,N/A,1642,246.29999999999998,OLD_SYSTEM_REF
2025-10-22,OUT_053,C_8939,Visit Pack,Fixed,LM,N/A,923,138.45,OLD_SYSTEM_REF
2025-10-22,OUT_060,C_6405,BOS,Flexible,UM,dal makhani,544,81.6,OLD_SYSTEM_REF
2025-10-22,OUT_063,C_9811,Visit Pack,Fixed,UM,N/A,1562,234.29999999999998,OLD_SYSTEM_REF
2025-10-22,OUT_065,C_2899,PSP,Flexible,LM,N/A,1640,246.0,OLD_SYSTEM_REF
2025-10-22,OUT_067,C_8584,PSP,Flexible,Lapsed,N/A,599,89.85,OLD_SYSTEM_REF
2025-10-22,OUT_073,C_6061,BOS,Flexible,MM,pizza,1343,201.45,OLD_SYSTEM_REF
2025-10-22,OUT_077,C_7861,Visit Pack,Fixed,Repeat,N/A,1414,212.1,OLD_SYSTEM_REF
2025-10-22,OUT_080,C_3489,Visit Pack,Fixed,Lapsed,N/A,1209,181.35,OLD_SYSTEM_REF
2025-10-22,OUT_084,C_5471,PSP,Flexible,LM,N/A,738,110.7,OLD_SYSTEM_REF
2025-10-22,OUT_087,C_6557,BOS,Flexible,LM,manchurian,1947,292.05,OLD_SYSTEM_REF
2025-10-22,OUT_091,C_5362,Visit Pack,Fixed,MM,N/A,1558,233.7,OLD_SYSTEM_REF
2025-10-22,OUT_094,C_2666,Visit Pack,Fixed,Repeat,N/A,1538,230.7,OLD_SYSTEM_REF
2025-10-22,OUT_096,C_7410,Visit Pack,Fixed,LM,N/A,831,124.64999999999999,OLD_SYSTEM_REF
2025-10-22,OUT_099,C_4622,Visit Pack,Fixed,UM,N/A,1968,295.2,OLD_SYSTEM_REF
2025-10-23,OUT_002,C_6748,PSP,Flexible,MM,N/A,1439,215.85,OLD_SYSTEM_REF
2025-10-23,OUT_004,C_4322,Visit Pack,Fixed,LM,N/A,937,140.54999999999998,OLD_SYSTEM_REF
2025-10-23,OUT_005,C_7205,BOS,Flexible,Lapsed,dosa,569,85.35,OLD_SYSTEM_REF
2025-10-23,OUT_012,C_7650,BOS,Flexible,MM,dal makhani,818,122.69999999999999,OLD_SYSTEM_REF
2025-10-23,OUT_021,C_2094,BOS,Flexible,Repeat,dosa,1912,286.8,OLD_SYSTEM_REF
2025-10-23,OUT_031,C_1237,Visit Pack,Fixed,UM,N/A,1229,184.35,OLD_SYSTEM_REF
2025-10-23,OUT_035,C_2857,BOS,Flexible,LM,manchurian,890,133.5,OLD_SYSTEM_REF
2025-10-23,OUT_039,C_2665,Visit Pack,Fixed,UM,N/A,1876,281.4,OLD_SYSTEM_REF
2025-10-23,OUT_040,C_6495,Visit Pack,Fixed,Lapsed,N/A,1094,164.1,OLD_SYSTEM_REF
2025-10-23,OUT_042,C_4055,Visit Pack,Fixed,LM,N/A,1274,191.1,OLD_SYSTEM_REF
2025-10-23,OUT_046,C_3328,Visit Pack,Fixed,LM,N/A,780,117.0,OLD_SYSTEM_REF
2025-10-23,OUT_053,C_4058,BOS,Flexible,UM,manchurian,1161,174.15,OLD_SYSTEM_REF
2025-10-23,OUT_067,C_1907,BOS,Flexible,MM,dosa,758,113.7,OLD_SYSTEM_REF
2025-10-23,OUT_068,C_7097,PSP,Flexible,Repeat,N/A,1130,169.5,OLD_SYSTEM_REF
2025-10-23,OUT_070,C_1443,BOS,Flexible,Lapsed,dosa,1410,211.5,OLD_SYSTEM_REF
2025-10-23,OUT_071,C_8880,BOS,Flexible,LM,manchurian,822,123.3,OLD_SYSTEM_REF
2025-10-23,OUT_078,C_4785,Visit Pack,Fixed,MM,N/A,1801,270.15,OLD_SYSTEM_REF
2025-10-23,OUT_088,C_4163,Visit Pack,Fixed,Lapsed,N/A,739,110.85,OLD_SYSTEM_REF
2025-10-23,OUT_091,C_2816,BOS,Flexible,Repeat,dosa,1343,201.45,OLD_SYSTEM_REF
2025-10-23,OUT_094,C_9651,Visit Pack,Fixed,LM,N/A,1144,171.6,OLD_SYSTEM_REF
2025-10-23,OUT_095,C_2473,PSP,Flexible,Lapsed,N/A,506,75.89999999999999,OLD_SYSTEM_REF
2025-10-23,OUT_097,C_3204,Visit Pack,Fixed,Repeat,N/A,1858,278.7,OLD_SYSTEM_REF
2025-10-24,OUT_003,C_1071,PSP,Flexible,LM,N/A,892,133.79999999999998,OLD_SYSTEM_REF
2025-10-24,OUT_009,C_5357,Visit Pack,Fixed,LM,N/A,1276,191.4,OLD_SYSTEM_REF
2025-10-24,OUT_012,C_5622,PSP,Flexible,Lapsed,N/A,1331,199.65,OLD_SYSTEM_REF
2025-10-24,OUT_016,C_8772,BOS,Flexible,Repeat,dosa,617,92.55,OLD_SYSTEM_REF
2025-10-24,OUT_023,C_3940,Visit Pack,Fixed,MM,N/A,1251,187.65,OLD_SYSTEM_REF
2025-10-24,OUT_033,C_3840,PSP,Flexible,UM,N/A,1539,230.85,OLD_SYSTEM_REF
2025-10-24,OUT_035,C_6526,BOS,Flexible,Repeat,manchurian,1689,253.35,OLD_SYSTEM_REF
2025-10-24,OUT_037,C_9168,Visit Pack,Fixed,LM,N/A,1984,297.59999999999997,OLD_SYSTEM_REF
2025-10-24,OUT_042,C_1315,BOS,Flexible,UM,pizza,1347,202.04999999999998,OLD_SYSTEM_REF
2025-10-24,OUT_043,C_1921,PSP,Flexible,LM,N/A,1003,150.45,OLD_SYSTEM_REF
2025-10-24,OUT_049,C_3889,PSP,Flexible,LM,N/A,1046,156.9,OLD_SYSTEM_REF
2025-10-24,OUT_053,C_1498,Visit Pack,Fixed,LM,N/A,1716,257.4,OLD_SYSTEM_REF
2025-10-24,OUT_057,C_3561,PSP,Flexible,LM,N/A,1751,262.65,OLD_SYSTEM_REF
2025-10-24,OUT_063,C_3557,BOS,Flexible,UM,burger,1657,248.54999999999998,OLD_SYSTEM_REF
2025-10-24,OUT_071,C_1749,Visit Pack,Fixed,LM,N/A,652,97.8,OLD_SYSTEM_REF
2025-10-24,OUT_078,C_6905,Visit Pack,Fixed,Lapsed,N/A,1886,282.9,OLD_SYSTEM_REF
2025-10-24,OUT_081,C_8281,Visit Pack,Fixed,LM,N/A,1768,265.2,OLD_SYSTEM_REF
2025-10-24,OUT_082,C_4924,Visit Pack,Fixed,Lapsed,N/A,1511,226.65,OLD_SYSTEM_REF
2025-10-24,OUT_088,C_4279,BOS,Flexible,MM,burger,1010,151.5,OLD_SYSTEM_REF
2025-10-24,OUT_096,C_7284,PSP,Flexible,Lapsed,N/A,677,101.55,OLD_SYSTEM_REF
2025-10-25,OUT_002,C_1818,BOS,Flexible,UM,dal makhani,1279,191.85,OLD_SYSTEM_REF
2025-10-25,OUT_005,C_4838,PSP,Flexible,MM,N/A,1893,283.95,OLD_SYSTEM_REF
2025-10-25,OUT_010,C_2049,BOS,Flexible,Lapsed,pizza,1223,183.45,OLD_SYSTEM_REF
2025-10-25,OUT_015,C_2444,BOS,Flexible,Repeat,dosa,797,119.55,OLD_SYSTEM_REF
2025-10-25,OUT_020,C_6950,BOS,Flexible,Repeat,pizza,1726,258.9,OLD_SYSTEM_REF
2025-10-25,OUT_023,C_9131,PSP,Flexible,Lapsed,N/A,573,85.95,OLD_SYSTEM_REF
2025-10-25,OUT_024,C_1944,BOS,Flexible,UM,dosa,1842,276.3,OLD_SYSTEM_REF
2025-10-25,OUT_035,C_4067,BOS,Flexible,UM,manchurian,765,114.75,OLD_SYSTEM_REF
2025-10-25,OUT_036,C_1901,PSP,Flexible,LM,N/A,875,131.25,OLD_SYSTEM_REF
2025-10-25,OUT_051,C_5052,BOS,Flexible,LM,manchurian,1895,284.25,OLD_SYSTEM_REF
2025-10-25,OUT_057,C_1480,BOS,Flexible,LM,dal makhani,736,110.39999999999999,OLD_SYSTEM_REF
2025-10-25,OUT_060,C_2783,Visit Pack,Fixed,LM,N/A,1666,249.89999999999998,OLD_SYSTEM_REF
2025-10-25,OUT_067,C_5168,BOS,Flexible,UM,dosa,889,133.35,OLD_SYSTEM_REF
2025-10-25,OUT_068,C_5279,BOS,Flexible,UM,manchurian,923,138.45,OLD_SYSTEM_REF
2025-10-25,OUT_069,C_2477,BOS,Flexible,Repeat,manchurian,1631,244.64999999999998,OLD_SYSTEM_REF
2025-10-25,OUT_076,C_4688,Visit Pack,Fixed,Lapsed,N/A,943,141.45,OLD_SYSTEM_REF
2025-10-25,OUT_084,C_9669,BOS,Flexible,MM,dal makhani,607,91.05,OLD_SYSTEM_REF
2025-10-25,OUT_086,C_1455,BOS,Flexible,Lapsed,dal makhani,1126,168.9,OLD_SYSTEM_REF
2025-10-25,OUT_087,C_8573,BOS,Flexible,MM,manchurian,1272,190.79999999999998,OLD_SYSTEM_REF
2025-10-25,OUT_089,C_8045,PSP,Flexible,UM,N/A,973,145.95,OLD_SYSTEM_REF
2025-10-25,OUT_090,C_1823,Visit Pack,Fixed,LM,N/A,1042,156.29999999999998,OLD_SYSTEM_REF
2025-10-25,OUT_094,C_1981,BOS,Flexible,Repeat,dosa,676,101.39999999999999,OLD_SYSTEM_REF
2025-10-25,OUT_095,C_5813,BOS,Flexible,Lapsed,burger,1499,224.85,OLD_SYSTEM_REF
2025-10-25,OUT_099,C_9455,Visit Pack,Fixed,Lapsed,N/A,1139,170.85,OLD_SYSTEM_REF
2025-10-26,OUT_002,C_3975,PSP,Flexible,Lapsed,N/A,787,118.05,OLD_SYSTEM_REF
2025-10-26,OUT_012,C_3930,Visit Pack,Fixed,Lapsed,N/A,1139,170.85,OLD_SYSTEM_REF
2025-10-26,OUT_016,C_4142,PSP,Flexible,LM,N/A,1187,178.04999999999998,OLD_SYSTEM_REF
2025-10-26,OUT_019,C_1969,PSP,Flexible,Repeat,N/A,1493,223.95,OLD_SYSTEM_REF
2025-10-26,OUT_028,C_6868,BOS,Flexible,MM,dal makhani,622,93.3,OLD_SYSTEM_REF
2025-10-26,OUT_029,C_6049,BOS,Flexible,Repeat,dosa,1640,246.0,OLD_SYSTEM_REF
2025-10-26,OUT_043,C_2439,Visit Pack,Fixed,MM,N/A,916,137.4,OLD_SYSTEM_REF
2025-10-26,OUT_054,C_6893,PSP,Flexible,Lapsed,N/A,683,102.45,OLD_SYSTEM_REF
2025-10-26,OUT_056,C_6151,PSP,Flexible,MM,N/A,1950,292.5,OLD_SYSTEM_REF
2025-10-26,OUT_057,C_3264,Visit Pack,Fixed,Repeat,N/A,1472,220.79999999999998,OLD_SYSTEM_REF
2025-10-26,OUT_059,C_1582,PSP,Flexible,UM,N/A,1254,188.1,OLD_SYSTEM_REF
2025-10-26,OUT_062,C_4378,Visit Pack,Fixed,Lapsed,N/A,1326,198.9,OLD_SYSTEM_REF
2025-10-26,OUT_070,C_9306,Visit Pack,Fixed,Repeat,N/A,1918,287.7,OLD_SYSTEM_REF
2025-10-26,OUT_077,C_3981,PSP,Flexible,Lapsed,N/A,1607,241.04999999999998,OLD_SYSTEM_REF
2025-10-26,OUT_079,C_4118,Visit Pack,Fixed,Repeat,N/A,1359,203.85,OLD_SYSTEM_REF
2025-10-26,OUT_083,C_1406,BOS,Flexible,UM,manchurian,573,85.95,OLD_SYSTEM_REF
2025-10-26,OUT_084,C_8719,BOS,Flexible,Repeat,dal makhani,635,95.25,OLD_SYSTEM_REF
2025-10-26,OUT_087,C_6815,PSP,Flexible,LM,N/A,1044,156.6,OLD_SYSTEM_REF
2025-10-26,OUT_088,C_9683,Visit Pack,Fixed,Lapsed,N/A,658,98.7,OLD_SYSTEM_REF
2025-10-26,OUT_096,C_8594,PSP,Flexible,LM,N/A,1072,160.79999999999998,OLD_SYSTEM_REF
2025-10-26,OUT_100,C_1227,BOS,Flexible,Lapsed,dosa,1523,228.45,OLD_SYSTEM_REF
2025-10-27,OUT_011,C_3544,Visit Pack,Fixed,Lapsed,N/A,1590,238.5,OLD_SYSTEM_REF
2025-10-27,OUT_012,C_2614,PSP,Flexible,LM,N/A,582,87.3,OLD_SYSTEM_REF
2025-10-27,OUT_016,C_6554,Visit Pack,Fixed,LM,N/A,565,84.75,OLD_SYSTEM_REF
2025-10-27,OUT_017,C_4306,BOS,Flexible,MM,pizza,1321,198.15,OLD_SYSTEM_REF
2025-10-27,OUT_022,C_1642,PSP,Flexible,LM,N/A,1020,153.0,OLD_SYSTEM_REF
2025-10-27,OUT_024,C_3201,PSP,Flexible,Repeat,N/A,1576,236.39999999999998,OLD_SYSTEM_REF
2025-10-27,OUT_026,C_9471,PSP,Flexible,Repeat,N/A,1832,274.8,OLD_SYSTEM_REF
2025-10-27,OUT_028,C_8282,Visit Pack,Fixed,Repeat,N/A,1783,267.45,OLD_SYSTEM_REF
2025-10-27,OUT_043,C_1955,BOS,Flexible,Repeat,manchurian,1419,212.85,OLD_SYSTEM_REF
2025-10-27,OUT_053,C_6595,Visit Pack,Fixed,UM,N/A,821,123.14999999999999,OLD_SYSTEM_REF
2025-10-27,OUT_054,C_8274,Visit Pack,Fixed,Repeat,N/A,1256,188.4,OLD_SYSTEM_REF
2025-10-27,OUT_056,C_6135,BOS,Flexible,LM,dal makhani,1563,234.45,OLD_SYSTEM_REF
2025-10-27,OUT_057,C_5590,BOS,Flexible,Repeat,dal makhani,1394,209.1,OLD_SYSTEM_REF
2025-10-27,OUT_059,C_9456,PSP,Flexible,Lapsed,N/A,1442,216.29999999999998,OLD_SYSTEM_REF
2025-10-27,OUT_061,C_8669,Visit Pack,Fixed,MM,N/A,1744,261.59999999999997,OLD_SYSTEM_REF
2025-10-27,OUT_065,C_2291,BOS,Flexible,UM,burger,812,121.8,OLD_SYSTEM_REF
2025-10-27,OUT_067,C_5740,Visit Pack,Fixed,LM,N/A,1022,153.29999999999998,OLD_SYSTEM_REF
2025-10-27,OUT_071,C_2786,Visit Pack,Fixed,MM,N/A,768,115.19999999999999,OLD_SYSTEM_REF
2025-10-27,OUT_072,C_4663,PSP,Flexible,UM,N/A,1057,158.54999999999998,OLD_SYSTEM_REF
2025-10-27,OUT_074,C_5733,Visit Pack,Fixed,Lapsed,N/A,730,109.5,OLD_SYSTEM_REF
2025-10-27,OUT_075,C_6555,Visit Pack,Fixed,UM,N/A,885,132.75,OLD_SYSTEM_REF
2025-10-27,OUT_076,C_3739,PSP,Flexible,LM,N/A,588,88.2,OLD_SYSTEM_REF
2025-10-27,OUT_087,C_9130,Visit Pack,Fixed,MM,N/A,730,109.5,OLD_SYSTEM_REF
2025-10-27,OUT_095,C_9348,Visit Pack,Fixed,LM,N/A,967,145.04999999999998,OLD_SYSTEM_REF
2025-10-27,OUT_098,C_7305,Visit Pack,Fixed,MM,N/A,1901,285.15,OLD_SYSTEM_REF
2025-10-27,OUT_100,C_2727,BOS,Flexible,MM,dosa,1640,246.0,OLD_SYSTEM_REF
2025-10-28,OUT_003,C_9737,PSP,Flexible,LM,N/A,1118,167.7,OLD_SYSTEM_REF
2025-10-28,OUT_007,C_9423,PSP,Flexible,Repeat,N/A,1462,219.29999999999998,OLD_SYSTEM_REF
2025-10-28,OUT_010,C_1659,BOS,Flexible,Repeat,pizza,965,144.75,OLD_SYSTEM_REF
2025-10-28,OUT_020,C_5999,PSP,Flexible,UM,N/A,1087,163.04999999999998,OLD_SYSTEM_REF
2025-10-28,OUT_024,C_3915,BOS,Flexible,Lapsed,dosa,1396,209.4,OLD_SYSTEM_REF
2025-10-28,OUT_025,C_2369,PSP,Flexible,Repeat,N/A,878,131.7,OLD_SYSTEM_REF
2025-10-28,OUT_033,C_9559,PSP,Flexible,LM,N/A,1590,238.5,OLD_SYSTEM_REF
2025-10-28,OUT_034,C_2249,BOS,Flexible,Repeat,dosa,735,110.25,OLD_SYSTEM_REF
2025-10-28,OUT_035,C_1888,Visit Pack,Fixed,UM,N/A,619,92.85,OLD_SYSTEM_REF
2025-10-28,OUT_036,C_3240,Visit Pack,Fixed,LM,N/A,740,111.0,OLD_SYSTEM_REF
2025-10-28,OUT_054,C_2725,Visit Pack,Fixed,MM,N/A,1134,170.1,OLD_SYSTEM_REF
2025-10-28,OUT_062,C_5987,Visit Pack,Fixed,UM,N/A,556,83.39999999999999,OLD_SYSTEM_REF
2025-10-28,OUT_068,C_7611,PSP,Flexible,UM,N/A,1721,258.15,OLD_SYSTEM_REF
2025-10-28,OUT_073,C_5885,BOS,Flexible,LM,pizza,1253,187.95,OLD_SYSTEM_REF
2025-10-28,OUT_079,C_5352,PSP,Flexible,MM,N/A,643,96.45,OLD_SYSTEM_REF
2025-10-28,OUT_082,C_9198,PSP,Flexible,UM,N/A,727,109.05,OLD_SYSTEM_REF
2025-10-28,OUT_098,C_3408,PSP,Flexible,LM,N/A,1508,226.2,OLD_SYSTEM_REF
2025-10-28,OUT_099,C_9511,Visit Pack,Fixed,Repeat,N/A,1361,204.15,OLD_SYSTEM_REF
2025-10-29,OUT_001,C_1170,PSP,Flexible,Lapsed,N/A,1386,207.9,OLD_SYSTEM_REF
2025-10-29,OUT_003,C_4197,BOS,Flexible,LM,manchurian,1754,263.09999999999997,OLD_SYSTEM_REF
2025-10-29,OUT_005,C_3614,PSP,Flexible,LM,N/A,1140,171.0,OLD_SYSTEM_REF
2025-10-29,OUT_013,C_5927,Visit Pack,Fixed,Lapsed,N/A,1953,292.95,OLD_SYSTEM_REF
2025-10-29,OUT_018,C_1498,Visit Pack,Fixed,Lapsed,N/A,1998,299.7,OLD_SYSTEM_REF
2025-10-29,OUT_021,C_8487,PSP,Flexible,Lapsed,N/A,634,95.1,OLD_SYSTEM_REF
2025-10-29,OUT_026,C_6367,BOS,Flexible,Lapsed,pizza,1997,299.55,OLD_SYSTEM_REF
2025-10-29,OUT_027,C_7863,Visit Pack,Fixed,MM,N/A,1656,248.39999999999998,OLD_SYSTEM_REF
2025-10-29,OUT_028,C_6014,BOS,Flexible,MM,dal makhani,1732,259.8,OLD_SYSTEM_REF
2025-10-29,OUT_030,C_4827,Visit Pack,Fixed,UM,N/A,583,87.45,OLD_SYSTEM_REF
2025-10-29,OUT_031,C_4211,BOS,Flexible,UM,manchurian,756,113.39999999999999,OLD_SYSTEM_REF
2025-10-29,OUT_052,C_1235,Visit Pack,Fixed,LM,N/A,1665,249.75,OLD_SYSTEM_REF
2025-10-29,OUT_053,C_7565,BOS,Flexible,UM,manchurian,1486,222.9,OLD_SYSTEM_REF
2025-10-29,OUT_056,C_7766,Visit Pack,Fixed,LM,N/A,625,93.75,OLD_SYSTEM_REF
2025-10-29,OUT_064,C_2246,Visit Pack,Fixed,UM,N/A,1078,161.7,OLD_SYSTEM_REF
2025-10-29,OUT_066,C_1733,BOS,Flexible,LM,manchurian,1106,165.9,OLD_SYSTEM_REF
2025-10-29,OUT_074,C_8554,BOS,Flexible,UM,dosa,1732,259.8,OLD_SYSTEM_REF
2025-10-29,OUT_075,C_6006,Visit Pack,Fixed,LM,N/A,1219,182.85,OLD_SYSTEM_REF
2025-10-29,OUT_083,C_6056,BOS,Flexible,UM,manchurian,1569,235.35,OLD_SYSTEM_REF
2025-10-29,OUT_097,C_2795,PSP,Flexible,Repeat,N/A,920,138.0,OLD_SYSTEM_REF
2025-10-30,OUT_009,C_4106,PSP,Flexible,Lapsed,N/A,1213,181.95,OLD_SYSTEM_REF
2025-10-30,OUT_012,C_1385,PSP,Flexible,Repeat,N/A,1391,208.65,OLD_SYSTEM_REF
2025-10-30,OUT_020,C_9802,PSP,Flexible,Lapsed,N/A,1651,247.64999999999998,OLD_SYSTEM_REF
2025-10-30,OUT_021,C_4838,BOS,Flexible,UM,dosa,1834,275.09999999999997,OLD_SYSTEM_REF
2025-10-30,OUT_033,C_5661,Visit Pack,Fixed,LM,N/A,996,149.4,OLD_SYSTEM_REF
2025-10-30,OUT_036,C_4385,Visit Pack,Fixed,LM,N/A,1850,277.5,OLD_SYSTEM_REF
2025-10-30,OUT_037,C_1444,Visit Pack,Fixed,Repeat,N/A,1208,181.2,OLD_SYSTEM_REF
2025-10-30,OUT_038,C_2613,PSP,Flexible,Lapsed,N/A,1371,205.65,OLD_SYSTEM_REF
2025-10-30,OUT_043,C_9181,PSP,Flexible,UM,N/A,636,95.39999999999999,OLD_SYSTEM_REF
2025-10-30,OUT_048,C_9664,PSP,Flexible,Lapsed,N/A,960,144.0,OLD_SYSTEM_REF
2025-10-30,OUT_049,C_8779,Visit Pack,Fixed,UM,N/A,632,94.8,OLD_SYSTEM_REF
2025-10-30,OUT_059,C_3109,PSP,Flexible,Lapsed,N/A,1371,205.65,OLD_SYSTEM_REF
2025-10-30,OUT_061,C_7946,BOS,Flexible,MM,dosa,816,122.39999999999999,OLD_SYSTEM_REF
2025-10-30,OUT_062,C_6824,BOS,Flexible,LM,dal makhani,1679,251.85,OLD_SYSTEM_REF
2025-10-30,OUT_063,C_7801,PSP,Flexible,Repeat,N/A,1309,196.35,OLD_SYSTEM_REF
2025-10-30,OUT_068,C_5927,BOS,Flexible,UM,manchurian,847,127.05,OLD_SYSTEM_REF
2025-10-30,OUT_074,C_4397,PSP,Flexible,LM,N/A,1859,278.84999999999997,OLD_SYSTEM_REF
2025-10-30,OUT_075,C_6188,BOS,Flexible,MM,pizza,544,81.6,OLD_SYSTEM_REF
2025-10-30,OUT_077,C_7742,BOS,Flexible,Lapsed,dosa,1203,180.45,OLD_SYSTEM_REF
2025-10-30,OUT_085,C_3862,PSP,Flexible,Lapsed,N/A,1307,196.04999999999998,OLD_SYSTEM_REF
2025-10-30,OUT_087,C_5284,Visit Pack,Fixed,UM,N/A,598,89.7,OLD_SYSTEM_REF
2025-10-30,OUT_093,C_8883,BOS,Flexible,UM,manchurian,544,81.6,OLD_SYSTEM_REF
2025-10-30,OUT_096,C_2150,Visit Pack,Fixed,UM,N/A,617,92.55,OLD_SYSTEM_REF
2025-10-30,OUT_097,C_8941,PSP,Flexible,Repeat,N/A,1414,212.1,OLD_SYSTEM_REF
2025-10-30,OUT_098,C_4642,BOS,Flexible,UM,dosa,1790,268.5,OLD_SYSTEM_REF
2025-10-31,OUT_003,C_5104,Visit Pack,Fixed,LM,N/A,549,82.35,OLD_SYSTEM_REF
2025-10-31,OUT_009,C_4224,Visit Pack,Fixed,UM,N/A,910,136.5,OLD_SYSTEM_REF
2025-10-31,OUT_010,C_4223,Visit Pack,Fixed,Lapsed,N/A,1228,184.2,OLD_SYSTEM_REF
2025-10-31,OUT_014,C_8388,PSP,Flexible,UM,N/A,598,89.7,OLD_SYSTEM_REF
2025-10-31,OUT_016,C_5266,BOS,Flexible,LM,dosa,974,146.1,OLD_SYSTEM_REF
2025-10-31,OUT_020,C_7389,Visit Pack,Fixed,LM,N/A,732,109.8,OLD_SYSTEM_REF
2025-10-31,OUT_026,C_5712,BOS,Flexible,Lapsed,pizza,815,122.25,OLD_SYSTEM_REF
2025-10-31,OUT_034,C_5739,Visit Pack,Fixed,Repeat,N/A,1088,163.2,OLD_SYSTEM_REF
2025-10-31,OUT_041,C_9016,PSP,Flexible,Lapsed,N/A,1692,253.79999999999998,OLD_SYSTEM_REF
2025-10-31,OUT_043,C_9346,PSP,Flexible,MM,N/A,1051,157.65,OLD_SYSTEM_REF
2025-10-31,OUT_044,C_8720,BOS,Flexible,MM,dal makhani,539,80.85,OLD_SYSTEM_REF
2025-10-31,OUT_050,C_9516,BOS,Flexible,MM,pizza,1674,251.1,OLD_SYSTEM_REF
2025-10-31,OUT_052,C_6514,Visit Pack,Fixed,Lapsed,N/A,1198,179.7,OLD_SYSTEM_REF
2025-10-31,OUT_053,C_4989,BOS,Flexible,MM,manchurian,547,82.05,OLD_SYSTEM_REF
2025-10-31,OUT_054,C_7149,PSP,Flexible,Lapsed,N/A,1734,260.09999999999997,OLD_SYSTEM_REF
2025-10-31,OUT_057,C_2264,PSP,Flexible,UM,N/A,668,100.2,OLD_SYSTEM_REF
2025-10-31,OUT_060,C_2537,BOS,Flexible,MM,dal makhani,1726,258.9,OLD_SYSTEM_REF
2025-10-31,OUT_063,C_3517,PSP,Flexible,Lapsed,N/A,1561,234.14999999999998,OLD_SYSTEM_REF
2025-10-31,OUT_079,C_8647,BOS,Flexible,Lapsed,burger,1856,278.4,OLD_SYSTEM_REF
2025-10-31,OUT_080,C_9285,Visit Pack,Fixed,Lapsed,N/A,1969,295.34999999999997,OLD_SYSTEM_REF
2025-10-31,OUT_085,C_9432,PSP,Flexible,Repeat,N/A,1723,258.45,OLD_SYSTEM_REF
2025-10-31,OUT_090,C_9744,PSP,Flexible,UM,N/A,1618,242.7,OLD_SYSTEM_REF
2025-10-31,OUT_094,C_5164,PSP,Flexible,LM,N/A,1997,299.55,OLD_SYSTEM_REF
2025-11-01,OUT_002,C_4520,Visit Pack,Fixed,Repeat,N/A,1884,282.59999999999997,OLD_SYSTEM_REF
2025-11-01,OUT_004,C_2039,Visit Pack,Fixed,Repeat,N/A,998,149.7,OLD_SYSTEM_REF
2025-11-01,OUT_019,C_9677,BOS,Flexible,LM,dal makhani,1055,158.25,OLD_SYSTEM_REF
2025-11-01,OUT_023,C_1605,Visit Pack,Fixed,UM,N/A,1859,278.84999999999997,OLD_SYSTEM_REF
2025-11-01,OUT_034,C_2493,Visit Pack,Fixed,UM,N/A,1098,164.7,OLD_SYSTEM_REF
2025-11-01,OUT_041,C_3796,Visit Pack,Fixed,LM,N/A,1026,153.9,OLD_SYSTEM_REF
2025-11-01,OUT_057,C_9332,Visit Pack,Fixed,LM,N/A,760,114.0,OLD_SYSTEM_REF
2025-11-01,OUT_059,C_2828,PSP,Flexible,Lapsed,N/A,1993,298.95,OLD_SYSTEM_REF
2025-11-01,OUT_061,C_5981,Visit Pack,Fixed,UM,N/A,863,129.45,OLD_SYSTEM_REF
2025-11-01,OUT_068,C_6661,PSP,Flexible,Lapsed,N/A,1152,172.79999999999998,OLD_SYSTEM_REF
2025-11-01,OUT_072,C_6616,PSP,Flexible,MM,N/A,1462,219.29999999999998,OLD_SYSTEM_REF
2025-11-01,OUT_074,C_3114,Visit Pack,Fixed,Repeat,N/A,624,93.6,OLD_SYSTEM_REF
2025-11-01,OUT_076,C_8487,PSP,Flexible,UM,N/A,807,121.05,OLD_SYSTEM_REF
2025-11-01,OUT_077,C_9747,Visit Pack,Fixed,UM,N/A,1749,262.34999999999997,OLD_SYSTEM_REF
2025-11-01,OUT_082,C_5437,Visit Pack,Fixed,Lapsed,N/A,1767,265.05,OLD_SYSTEM_REF
2025-11-01,OUT_087,C_9366,BOS,Flexible,Lapsed,manchurian,762,114.3,OLD_SYSTEM_REF
2025-11-01,OUT_095,C_1394,PSP,Flexible,LM,N/A,636,95.39999999999999,OLD_SYSTEM_REF
2025-11-01,OUT_100,C_6518,BOS,Flexible,UM,dosa,1934,290.09999999999997,OLD_SYSTEM_REF
2025-11-02,OUT_002,C_3925,PSP,Flexible,Repeat,N/A,1843,276.45,OLD_SYSTEM_REF
2025-11-02,OUT_004,C_5054,PSP,Flexible,Repeat,N/A,932,139.79999999999998,OLD_SYSTEM_REF
2025-11-02,OUT_005,C_9793,BOS,Flexible,MM,dosa,881,132.15,OLD_SYSTEM_REF
2025-11-02,OUT_007,C_6663,Visit Pack,Fixed,MM,N/A,631,94.64999999999999,OLD_SYSTEM_REF
2025-11-02,OUT_010,C_4207,Visit Pack,Fixed,LM,N/A,564,84.6,OLD_SYSTEM_REF
2025-11-02,OUT_016,C_5841,PSP,Flexible,LM,N/A,536,80.39999999999999,OLD_SYSTEM_REF
2025-11-02,OUT_019,C_5386,Visit Pack,Fixed,MM,N/A,1781,267.15,OLD_SYSTEM_REF
2025-11-02,OUT_032,C_9350,BOS,Flexible,UM,manchurian,1097,164.54999999999998,OLD_SYSTEM_REF
2025-11-02,OUT_038,C_4637,BOS,Flexible,Lapsed,burger,1303,195.45,OLD_SYSTEM_REF
2025-11-02,OUT_039,C_4512,PSP,Flexible,Lapsed,N/A,1762,264.3,OLD_SYSTEM_REF
2025-11-02,OUT_046,C_8042,Visit Pack,Fixed,LM,N/A,970,145.5,OLD_SYSTEM_REF
2025-11-02,OUT_048,C_6998,PSP,Flexible,Repeat,N/A,1110,166.5,OLD_SYSTEM_REF
2025-11-02,OUT_052,C_2195,PSP,Flexible,UM,N/A,718,107.7,OLD_SYSTEM_REF
2025-11-02,OUT_054,C_8664,PSP,Flexible,Lapsed,N/A,1399,209.85,OLD_SYSTEM_REF
2025-11-02,OUT_064,C_8807,BOS,Flexible,UM,manchurian,1650,247.5,OLD_SYSTEM_REF
2025-11-02,OUT_068,C_6422,Visit Pack,Fixed,UM,N/A,1327,199.04999999999998,OLD_SYSTEM_REF
2025-11-02,OUT_076,C_8512,Visit Pack,Fixed,UM,N/A,1330,199.5,OLD_SYSTEM_REF
2025-11-02,OUT_085,C_5188,PSP,Flexible,Repeat,N/A,1332,199.79999999999998,OLD_SYSTEM_REF
2025-11-02,OUT_091,C_3645,Visit Pack,Fixed,Lapsed,N/A,904,135.6,OLD_SYSTEM_REF
2025-11-02,OUT_092,C_2217,Visit Pack,Fixed,MM,N/A,759,113.85,OLD_SYSTEM_REF
2025-11-02,OUT_093,C_9103,BOS,Flexible,MM,manchurian,1624,243.6,OLD_SYSTEM_REF
2025-11-02,OUT_094,C_5932,Visit Pack,Fixed,LM,N/A,891,133.65,OLD_SYSTEM_REF
2025-11-02,OUT_096,C_1197,Visit Pack,Fixed,LM,N/A,1302,195.29999999999998,OLD_SYSTEM_REF
2025-11-03,OUT_001,C_9191,Visit Pack,Fixed,Lapsed,N/A,1999,299.84999999999997,OLD_SYSTEM_REF
2025-11-03,OUT_019,C_3464,BOS,Flexible,LM,dal makhani,1107,166.04999999999998,OLD_SYSTEM_REF
2025-11-03,OUT_040,C_8187,BOS,Flexible,UM,manchurian,684,102.6,OLD_SYSTEM_REF
2025-11-03,OUT_041,C_4600,Visit Pack,Fixed,LM,N/A,628,94.2,OLD_SYSTEM_REF
2025-11-03,OUT_046,C_5323,Visit Pack,Fixed,LM,N/A,859,128.85,OLD_SYSTEM_REF
2025-11-03,OUT_058,C_9094,Visit Pack,Fixed,Repeat,N/A,1410,211.5,OLD_SYSTEM_REF
2025-11-03,OUT_062,C_1976,Visit Pack,Fixed,Lapsed,N/A,985,147.75,OLD_SYSTEM_REF
2025-11-03,OUT_065,C_4698,BOS,Flexible,LM,burger,1140,171.0,OLD_SYSTEM_REF
2025-11-03,OUT_073,C_5733,BOS,Flexible,LM,pizza,1493,223.95,OLD_SYSTEM_REF
2025-11-03,OUT_074,C_5543,PSP,Flexible,Lapsed,N/A,1905,285.75,OLD_SYSTEM_REF
2025-11-03,OUT_082,C_8562,BOS,Flexible,LM,dosa,855,128.25,OLD_SYSTEM_REF
2025-11-03,OUT_084,C_1193,BOS,Flexible,MM,dal makhani,1429,214.35,OLD_SYSTEM_REF
2025-11-03,OUT_085,C_6394,BOS,Flexible,UM,dosa,1493,223.95,OLD_SYSTEM_REF
2025-11-03,OUT_092,C_6169,PSP,Flexible,LM,N/A,1542,231.29999999999998,OLD_SYSTEM_REF
2025-11-03,OUT_093,C_9552,BOS,Flexible,Lapsed,manchurian,1856,278.4,OLD_SYSTEM_REF
2025-11-03,OUT_094,C_2008,BOS,Flexible,Lapsed,dosa,631,94.64999999999999,OLD_SYSTEM_REF
2025-11-03,OUT_097,C_8621,PSP,Flexible,LM,N/A,966,144.9,OLD_SYSTEM_REF
2025-11-03,OUT_100,C_9264,BOS,Flexible,Repeat,dosa,1080,162.0,OLD_SYSTEM_REF
2025-11-04,OUT_003,C_1216,BOS,Flexible,MM,manchurian,1727,259.05,OLD_SYSTEM_REF
2025-11-04,OUT_007,C_1255,BOS,Flexible,Lapsed,dal makhani,571,85.64999999999999,OLD_SYSTEM_REF
2025-11-04,OUT_010,C_5407,PSP,Flexible,Lapsed,N/A,1018,152.7,OLD_SYSTEM_REF
2025-11-04,OUT_014,C_2043,BOS,Flexible,LM,dal makhani,692,103.8,OLD_SYSTEM_REF
2025-11-04,OUT_017,C_5887,BOS,Flexible,Lapsed,pizza,1755,263.25,OLD_SYSTEM_REF
2025-11-04,OUT_020,C_6171,BOS,Flexible,MM,pizza,528,79.2,OLD_SYSTEM_REF
2025-11-04,OUT_021,C_1559,Visit Pack,Fixed,UM,N/A,1184,177.6,OLD_SYSTEM_REF
2025-11-04,OUT_032,C_9298,BOS,Flexible,LM,manchurian,1100,165.0,OLD_SYSTEM_REF
2025-11-04,OUT_039,C_6276,Visit Pack,Fixed,Repeat,N/A,1725,258.75,OLD_SYSTEM_REF
2025-11-04,OUT_044,C_3672,BOS,Flexible,Lapsed,dal makhani,1343,201.45,OLD_SYSTEM_REF
2025-11-04,OUT_046,C_2753,BOS,Flexible,Lapsed,pizza,744,111.6,OLD_SYSTEM_REF
2025-11-04,OUT_053,C_9753,Visit Pack,Fixed,Lapsed,N/A,1102,165.29999999999998,OLD_SYSTEM_REF
2025-11-04,OUT_056,C_4232,BOS,Flexible,UM,dal makhani,895,134.25,OLD_SYSTEM_REF
2025-11-04,OUT_059,C_6214,Visit Pack,Fixed,LM,N/A,1087,163.04999999999998,OLD_SYSTEM_REF
2025-11-04,OUT_062,C_5515,PSP,Flexible,MM,N/A,1366,204.9,OLD_SYSTEM_REF
2025-11-04,OUT_064,C_4742,BOS,Flexible,Lapsed,manchurian,1589,238.35,OLD_SYSTEM_REF
2025-11-04,OUT_076,C_5954,BOS,Flexible,MM,dosa,1056,158.4,OLD_SYSTEM_REF
2025-11-04,OUT_086,C_8069,Visit Pack,Fixed,MM,N/A,1037,155.54999999999998,OLD_SYSTEM_REF
2025-11-04,OUT_087,C_1538,BOS,Flexible,MM,manchurian,1790,268.5,OLD_SYSTEM_REF
2025-11-04,OUT_088,C_2682,BOS,Flexible,UM,burger,1173,175.95,OLD_SYSTEM_REF
2025-11-04,OUT_090,C_9354,PSP,Flexible,Lapsed,N/A,1267,190.04999999999998,OLD_SYSTEM_REF
2025-11-04,OUT_095,C_3646,BOS,Flexible,LM,burger,1090,163.5,OLD_SYSTEM_REF
2025-11-04,OUT_096,C_1511,Visit Pack,Fixed,UM,N/A,1865,279.75,OLD_SYSTEM_REF
2025-11-04,OUT_097,C_9224,BOS,Flexible,LM,burger,1176,176.4,OLD_SYSTEM_REF
2025-11-05,OUT_004,C_2954,PSP,Flexible,MM,N/A,691,103.64999999999999,OLD_SYSTEM_REF
2025-11-05,OUT_006,C_9055,PSP,Flexible,Repeat,N/A,597,89.55,OLD_SYSTEM_REF
2025-11-05,OUT_009,C_9731,Visit Pack,Fixed,MM,N/A,1358,203.7,OLD_SYSTEM_REF
2025-11-05,OUT_012,C_5448,BOS,Flexible,Lapsed,dal makhani,1817,272.55,OLD_SYSTEM_REF
2025-11-05,OUT_014,C_1637,PSP,Flexible,UM,N/A,1765,264.75,OLD_SYSTEM_REF
2025-11-05,OUT_038,C_2300,BOS,Flexible,Repeat,burger,1475,221.25,OLD_SYSTEM_REF
2025-11-05,OUT_047,C_3222,BOS,Flexible,Lapsed,dal makhani,1608,241.2,OLD_SYSTEM_REF
2025-11-05,OUT_054,C_9514,PSP,Flexible,LM,N/A,1376,206.4,OLD_SYSTEM_REF
2025-11-05,OUT_066,C_6670,Visit Pack,Fixed,LM,N/A,1083,162.45,OLD_SYSTEM_REF
2025-11-05,OUT_071,C_3912,PSP,Flexible,UM,N/A,1735,260.25,OLD_SYSTEM_REF
2025-11-05,OUT_077,C_3576,Visit Pack,Fixed,Repeat,N/A,937,140.54999999999998,OLD_SYSTEM_REF
2025-11-05,OUT_078,C_6440,PSP,Flexible,LM,N/A,1170,175.5,OLD_SYSTEM_REF
2025-11-05,OUT_080,C_2530,PSP,Flexible,MM,N/A,1053,157.95,OLD_SYSTEM_REF
2025-11-05,OUT_082,C_6438,Visit Pack,Fixed,Lapsed,N/A,676,101.39999999999999,OLD_SYSTEM_REF
2025-11-05,OUT_084,C_8806,BOS,Flexible,Lapsed,dal makhani,1517,227.54999999999998,OLD_SYSTEM_REF
2025-11-05,OUT_091,C_5008,BOS,Flexible,Repeat,dosa,1133,169.95,OLD_SYSTEM_REF
2025-11-05,OUT_094,C_9545,BOS,Flexible,LM,dosa,1661,249.14999999999998,OLD_SYSTEM_REF
2025-11-05,OUT_095,C_6330,BOS,Flexible,MM,burger,914,137.1,OLD_SYSTEM_REF
2025-11-06,OUT_002,C_3758,Visit Pack,Fixed,Repeat,N/A,966,144.9,OLD_SYSTEM_REF
2025-11-06,OUT_009,C_2438,BOS,Flexible,Repeat,dal makhani,1971,295.65,OLD_SYSTEM_REF
2025-11-06,OUT_013,C_9200,Visit Pack,Fixed,UM,N/A,1920,288.0,OLD_SYSTEM_REF
2025-11-06,OUT_020,C_3012,PSP,Flexible,Repeat,N/A,1556,233.39999999999998,OLD_SYSTEM_REF
2025-11-06,OUT_023,C_5939,Visit Pack,Fixed,Lapsed,N/A,571,85.64999999999999,OLD_SYSTEM_REF
2025-11-06,OUT_024,C_1897,BOS,Flexible,Repeat,dosa,1993,298.95,OLD_SYSTEM_REF
2025-11-06,OUT_026,C_2646,Visit Pack,Fixed,UM,N/A,1311,196.65,OLD_SYSTEM_REF
2025-11-06,OUT_030,C_1742,Visit Pack,Fixed,Lapsed,N/A,1930,289.5,OLD_SYSTEM_REF
2025-11-06,OUT_039,C_2485,BOS,Flexible,MM,dal makhani,1821,273.15,OLD_SYSTEM_REF
2025-11-06,OUT_041,C_5462,BOS,Flexible,UM,manchurian,531,79.64999999999999,OLD_SYSTEM_REF
2025-11-06,OUT_048,C_4174,BOS,Flexible,MM,burger,1716,257.4,OLD_SYSTEM_REF
2025-11-06,OUT_052,C_4245,PSP,Flexible,UM,N/A,1994,299.09999999999997,OLD_SYSTEM_REF
2025-11-06,OUT_053,C_7238,BOS,Flexible,Lapsed,manchurian,1060,159.0,OLD_SYSTEM_REF
2025-11-06,OUT_061,C_6609,BOS,Flexible,LM,dosa,1679,251.85,OLD_SYSTEM_REF
2025-11-06,OUT_064,C_8095,BOS,Flexible,MM,manchurian,1507,226.04999999999998,OLD_SYSTEM_REF
2025-11-06,OUT_066,C_5356,PSP,Flexible,UM,N/A,686,102.89999999999999,OLD_SYSTEM_REF
2025-11-06,OUT_072,C_7028,PSP,Flexible,Repeat,N/A,1612,241.79999999999998,OLD_SYSTEM_REF
2025-11-06,OUT_088,C_1385,BOS,Flexible,MM,burger,1594,239.1,OLD_SYSTEM_REF
2025-11-06,OUT_092,C_8500,BOS,Flexible,Lapsed,pizza,1676,251.39999999999998,OLD_SYSTEM_REF
2025-11-06,OUT_096,C_9330,PSP,Flexible,MM,N/A,1477,221.54999999999998,OLD_SYSTEM_REF
2025-11-06,OUT_099,C_4351,BOS,Flexible,UM,manchurian,1759,263.84999999999997,OLD_SYSTEM_REF
2025-11-07,OUT_007,C_7160,Visit Pack,Fixed,Repeat,N/A,1790,268.5,OLD_SYSTEM_REF
2025-11-07,OUT_008,C_3409,Visit Pack,Fixed,MM,N/A,797,119.55,OLD_SYSTEM_REF
2025-11-07,OUT_010,C_2157,Visit Pack,Fixed,LM,N/A,996,149.4,OLD_SYSTEM_REF
2025-11-07,OUT_013,C_4834,BOS,Flexible,UM,dal makhani,1907,286.05,OLD_SYSTEM_REF
2025-11-07,OUT_017,C_6850,Visit Pack,Fixed,UM,N/A,658,98.7,OLD_SYSTEM_REF
2025-11-07,OUT_020,C_8903,PSP,Flexible,MM,N/A,1944,291.59999999999997,OLD_SYSTEM_REF
2025-11-07,OUT_021,C_1812,Visit Pack,Fixed,Lapsed,N/A,1931,289.65,OLD_SYSTEM_REF
2025-11-07,OUT_025,C_6462,BOS,Flexible,UM,burger,550,82.5,OLD_SYSTEM_REF
2025-11-07,OUT_026,C_4615,Visit Pack,Fixed,Lapsed,N/A,844,126.6,OLD_SYSTEM_REF
2025-11-07,OUT_029,C_4625,BOS,Flexible,MM,dosa,1752,262.8,OLD_SYSTEM_REF
2025-11-07,OUT_032,C_1476,PSP,Flexible,MM,N/A,1370,205.5,OLD_SYSTEM_REF
2025-11-07,OUT_050,C_2851,BOS,Flexible,UM,pizza,1054,158.1,OLD_SYSTEM_REF
2025-11-07,OUT_051,C_4951,Visit Pack,Fixed,Repeat,N/A,600,90.0,OLD_SYSTEM_REF
2025-11-07,OUT_057,C_7607,PSP,Flexible,UM,N/A,1414,212.1,OLD_SYSTEM_REF
2025-11-07,OUT_058,C_2328,BOS,Flexible,Lapsed,dosa,1896,284.4,OLD_SYSTEM_REF
2025-11-07,OUT_064,C_8956,Visit Pack,Fixed,MM,N/A,1948,292.2,OLD_SYSTEM_REF
2025-11-07,OUT_067,C_9028,PSP,Flexible,Lapsed,N/A,670,100.5,OLD_SYSTEM_REF
2025-11-07,OUT_071,C_4591,PSP,Flexible,UM,N/A,1901,285.15,OLD_SYSTEM_REF
2025-11-07,OUT_072,C_8035,Visit Pack,Fixed,Repeat,N/A,1041,156.15,OLD_SYSTEM_REF
2025-11-07,OUT_073,C_2722,PSP,Flexible,MM,N/A,763,114.45,OLD_SYSTEM_REF
2025-11-07,OUT_075,C_5019,PSP,Flexible,LM,N/A,1809,271.34999999999997,OLD_SYSTEM_REF
2025-11-07,OUT_076,C_5808,BOS,Flexible,MM,dosa,580,87.0,OLD_SYSTEM_REF
2025-11-07,OUT_084,C_3937,BOS,Flexible,Repeat,dal makhani,631,94.64999999999999,OLD_SYSTEM_REF
2025-11-07,OUT_088,C_6474,BOS,Flexible,Lapsed,burger,1311,196.65,OLD_SYSTEM_REF
2025-11-08,OUT_002,C_2948,PSP,Flexible,MM,N/A,1125,168.75,OLD_SYSTEM_REF
2025-11-08,OUT_005,C_7194,Visit Pack,Fixed,MM,N/A,1815,272.25,OLD_SYSTEM_REF
2025-11-08,OUT_008,C_1321,PSP,Flexible,Repeat,N/A,1514,227.1,OLD_SYSTEM_REF
2025-11-08,OUT_009,C_3077,BOS,Flexible,MM,dal makhani,1900,285.0,OLD_SYSTEM_REF
2025-11-08,OUT_010,C_8971,Visit Pack,Fixed,UM,N/A,997,149.54999999999998,OLD_SYSTEM_REF
2025-11-08,OUT_011,C_8609,PSP,Flexible,LM,N/A,848,127.19999999999999,OLD_SYSTEM_REF
2025-11-08,OUT_013,C_8975,PSP,Flexible,UM,N/A,1085,162.75,OLD_SYSTEM_REF
2025-11-08,OUT_016,C_5510,Visit Pack,Fixed,MM,N/A,1723,258.45,OLD_SYSTEM_REF
2025-11-08,OUT_019,C_7411,PSP,Flexible,Repeat,N/A,706,105.89999999999999,OLD_SYSTEM_REF
2025-11-08,OUT_024,C_1131,PSP,Flexible,LM,N/A,935,140.25,OLD_SYSTEM_REF
2025-11-08,OUT_026,C_4688,BOS,Flexible,MM,pizza,578,86.7,OLD_SYSTEM_REF
2025-11-08,OUT_029,C_5358,PSP,Flexible,UM,N/A,1783,267.45,OLD_SYSTEM_REF
2025-11-08,OUT_030,C_5816,BOS,Flexible,MM,burger,1137,170.54999999999998,OLD_SYSTEM_REF
2025-11-08,OUT_036,C_4746,Visit Pack,Fixed,MM,N/A,1940,291.0,OLD_SYSTEM_REF
2025-11-08,OUT_041,C_8624,Visit Pack,Fixed,LM,N/A,1453,217.95,OLD_SYSTEM_REF
2025-11-08,OUT_042,C_6088,BOS,Flexible,UM,pizza,1948,292.2,OLD_SYSTEM_REF
2025-11-08,OUT_047,C_8673,BOS,Flexible,Repeat,dal makhani,909,136.35,OLD_SYSTEM_REF
2025-11-08,OUT_049,C_7631,Visit Pack,Fixed,UM,N/A,592,88.8,OLD_SYSTEM_REF
2025-11-08,OUT_063,C_6423,BOS,Flexible,MM,burger,1917,287.55,OLD_SYSTEM_REF
2025-11-08,OUT_075,C_4444,PSP,Flexible,UM,N/A,1622,243.29999999999998,OLD_SYSTEM_REF
2025-11-08,OUT_076,C_4117,PSP,Flexible,UM,N/A,941,141.15,OLD_SYSTEM_REF
2025-11-08,OUT_080,C_7688,BOS,Flexible,Repeat,manchurian,754,113.1,OLD_SYSTEM_REF
2025-11-08,OUT_082,C_2984,Visit Pack,Fixed,Lapsed,N/A,1227,184.04999999999998,OLD_SYSTEM_REF
2025-11-08,OUT_083,C_6721,Visit Pack,Fixed,Lapsed,N/A,1698,254.7,OLD_SYSTEM_REF
2025-11-08,OUT_089,C_8849,Visit Pack,Fixed,Lapsed,N/A,1497,224.54999999999998,OLD_SYSTEM_REF
2025-11-08,OUT_092,C_5096,PSP,Flexible,Repeat,N/A,1896,284.4,OLD_SYSTEM_REF
2025-11-08,OUT_098,C_7022,PSP,Flexible,LM,N/A,1475,221.25,OLD_SYSTEM_REF
2025-11-09,OUT_002,C_3487,PSP,Flexible,Lapsed,N/A,1914,287.09999999999997,OLD_SYSTEM_REF
2025-11-09,OUT_005,C_3771,BOS,Flexible,UM,dosa,920,138.0,OLD_SYSTEM_REF
2025-11-09,OUT_009,C_5075,Visit Pack,Fixed,LM,N/A,1435,215.25,OLD_SYSTEM_REF
2025-11-09,OUT_013,C_3554,Visit Pack,Fixed,Lapsed,N/A,569,85.35,OLD_SYSTEM_REF
2025-11-09,OUT_019,C_7357,BOS,Flexible,UM,dal makhani,1590,238.5,OLD_SYSTEM_REF
2025-11-09,OUT_031,C_1715,BOS,Flexible,UM,manchurian,961,144.15,OLD_SYSTEM_REF
2025-11-09,OUT_049,C_8064,Visit Pack,Fixed,UM,N/A,958,143.7,OLD_SYSTEM_REF
2025-11-09,OUT_052,C_4734,PSP,Flexible,Repeat,N/A,1959,293.84999999999997,OLD_SYSTEM_REF
2025-11-09,OUT_061,C_6382,Visit Pack,Fixed,Repeat,N/A,746,111.89999999999999,OLD_SYSTEM_REF
2025-11-09,OUT_075,C_1075,PSP,Flexible,UM,N/A,650,97.5,OLD_SYSTEM_REF
2025-11-09,OUT_078,C_6926,BOS,Flexible,MM,burger,1660,249.0,OLD_SYSTEM_REF
2025-11-09,OUT_079,C_2668,PSP,Flexible,MM,N/A,800,120.0,OLD_SYSTEM_REF
2025-11-09,OUT_082,C_6413,Visit Pack,Fixed,MM,N/A,830,124.5,OLD_SYSTEM_REF
2025-11-09,OUT_083,C_1425,PSP,Flexible,Lapsed,N/A,677,101.55,OLD_SYSTEM_REF
2025-11-09,OUT_086,C_1227,PSP,Flexible,Repeat,N/A,1269,190.35,OLD_SYSTEM_REF
2025-11-09,OUT_091,C_1379,BOS,Flexible,MM,dosa,767,115.05,OLD_SYSTEM_REF
2025-11-09,OUT_093,C_5344,Visit Pack,Fixed,UM,N/A,1800,270.0,OLD_SYSTEM_REF
2025-11-09,OUT_095,C_9750,PSP,Flexible,UM,N/A,853,127.94999999999999,OLD_SYSTEM_REF
2025-11-10,OUT_002,C_9477,PSP,Flexible,MM,N/A,1740,261.0,OLD_SYSTEM_REF
2025-11-10,OUT_007,C_2142,PSP,Flexible,Lapsed,N/A,1137,170.54999999999998,OLD_SYSTEM_REF
2025-11-10,OUT_028,C_3138,PSP,Flexible,UM,N/A,1375,206.25,OLD_SYSTEM_REF
2025-11-10,OUT_030,C_2950,BOS,Flexible,Repeat,burger,1135,170.25,OLD_SYSTEM_REF
2025-11-10,OUT_036,C_7193,BOS,Flexible,MM,dal makhani,1764,264.59999999999997,OLD_SYSTEM_REF
2025-11-10,OUT_044,C_4459,BOS,Flexible,Repeat,dal makhani,1976,296.4,OLD_SYSTEM_REF
2025-11-10,OUT_056,C_2288,Visit Pack,Fixed,UM,N/A,1190,178.5,OLD_SYSTEM_REF
2025-11-10,OUT_061,C_1283,BOS,Flexible,LM,dosa,1549,232.35,OLD_SYSTEM_REF
2025-11-10,OUT_066,C_7160,Visit Pack,Fixed,Repeat,N/A,1426,213.9,OLD_SYSTEM_REF
2025-11-10,OUT_076,C_5388,BOS,Flexible,Repeat,dosa,1520,228.0,OLD_SYSTEM_REF
2025-11-10,OUT_080,C_6394,BOS,Flexible,LM,manchurian,832,124.8,OLD_SYSTEM_REF
2025-11-10,OUT_084,C_9100,BOS,Flexible,Repeat,dal makhani,1305,195.75,OLD_SYSTEM_REF
2025-11-10,OUT_086,C_9733,Visit Pack,Fixed,Repeat,N/A,1060,159.0,OLD_SYSTEM_REF
2025-11-10,OUT_090,C_4918,PSP,Flexible,UM,N/A,1319,197.85,OLD_SYSTEM_REF
2025-11-11,OUT_001,C_3725,BOS,Flexible,LM,dal makhani,1632,244.79999999999998,OLD_SYSTEM_REF
2025-11-11,OUT_002,C_3437,BOS,Flexible,Lapsed,dal makhani,1749,262.34999999999997,OLD_SYSTEM_REF
2025-11-11,OUT_006,C_5750,BOS,Flexible,UM,dosa,1156,173.4,OLD_SYSTEM_REF
2025-11-11,OUT_014,C_1383,PSP,Flexible,Repeat,N/A,1183,177.45,OLD_SYSTEM_REF
2025-11-11,OUT_023,C_1172,Visit Pack,Fixed,LM,N/A,1020,153.0,OLD_SYSTEM_REF
2025-11-11,OUT_024,C_5371,Visit Pack,Fixed,MM,N/A,1120,168.0,OLD_SYSTEM_REF
2025-11-11,OUT_034,C_4473,Visit Pack,Fixed,Repeat,N/A,1267,190.04999999999998,OLD_SYSTEM_REF
2025-11-11,OUT_035,C_5103,BOS,Flexible,MM,manchurian,1520,228.0,OLD_SYSTEM_REF
2025-11-11,OUT_044,C_6911,BOS,Flexible,Lapsed,dal makhani,615,92.25,OLD_SYSTEM_REF
2025-11-11,OUT_046,C_1576,PSP,Flexible,Lapsed,N/A,1194,179.1,OLD_SYSTEM_REF
2025-11-11,OUT_052,C_1235,PSP,Flexible,Lapsed,N/A,1211,181.65,OLD_SYSTEM_REF
2025-11-11,OUT_057,C_4343,PSP,Flexible,MM,N/A,1687,253.04999999999998,OLD_SYSTEM_REF
2025-11-11,OUT_058,C_5956,Visit Pack,Fixed,LM,N/A,1462,219.29999999999998,OLD_SYSTEM_REF
2025-11-11,OUT_065,C_5862,BOS,Flexible,MM,burger,1172,175.79999999999998,OLD_SYSTEM_REF
2025-11-11,OUT_074,C_7539,BOS,Flexible,UM,dosa,817,122.55,OLD_SYSTEM_REF
2025-11-11,OUT_079,C_6908,BOS,Flexible,Repeat,burger,1835,275.25,OLD_SYSTEM_REF
2025-11-11,OUT_084,C_9330,Visit Pack,Fixed,Repeat,N/A,904,135.6,OLD_SYSTEM_REF
2025-11-11,OUT_086,C_3185,BOS,Flexible,LM,dal makhani,632,94.8,OLD_SYSTEM_REF
2025-11-11,OUT_088,C_6530,PSP,Flexible,MM,N/A,679,101.85,OLD_SYSTEM_REF
2025-11-11,OUT_091,C_8621,Visit Pack,Fixed,UM,N/A,946,141.9,OLD_SYSTEM_REF
2025-11-11,OUT_094,C_5060,Visit Pack,Fixed,UM,N/A,1797,269.55,OLD_SYSTEM_REF
2025-11-12,OUT_003,C_2718,Visit Pack,Fixed,Lapsed,N/A,537,80.55,OLD_SYSTEM_REF
2025-11-12,OUT_007,C_8762,BOS,Flexible,LM,dal makhani,1609,241.35,OLD_SYSTEM_REF
2025-11-12,OUT_009,C_5164,Visit Pack,Fixed,Repeat,N/A,1692,253.79999999999998,OLD_SYSTEM_REF
2025-11-12,OUT_015,C_1985,PSP,Flexible,MM,N/A,667,100.05,OLD_SYSTEM_REF
2025-11-12,OUT_016,C_6706,BOS,Flexible,Repeat,dosa,536,80.39999999999999,OLD_SYSTEM_REF
2025-11-12,OUT_018,C_5450,Visit Pack,Fixed,Lapsed,N/A,1445,216.75,OLD_SYSTEM_REF
2025-11-12,OUT_024,C_3437,BOS,Flexible,MM,dosa,1785,267.75,OLD_SYSTEM_REF
2025-11-12,OUT_031,C_2147,Visit Pack,Fixed,Lapsed,N/A,1159,173.85,OLD_SYSTEM_REF
2025-11-12,OUT_034,C_6131,PSP,Flexible,MM,N/A,854,128.1,OLD_SYSTEM_REF
2025-11-12,OUT_035,C_8845,BOS,Flexible,MM,manchurian,1247,187.04999999999998,OLD_SYSTEM_REF
2025-11-12,OUT_044,C_2160,PSP,Flexible,MM,N/A,1260,189.0,OLD_SYSTEM_REF
2025-11-12,OUT_054,C_5512,PSP,Flexible,LM,N/A,1388,208.2,OLD_SYSTEM_REF
2025-11-12,OUT_062,C_8993,PSP,Flexible,UM,N/A,1297,194.54999999999998,OLD_SYSTEM_REF
2025-11-12,OUT_065,C_6953,Visit Pack,Fixed,UM,N/A,1314,197.1,OLD_SYSTEM_REF
2025-11-12,OUT_069,C_2406,Visit Pack,Fixed,Lapsed,N/A,1811,271.65,OLD_SYSTEM_REF
2025-11-12,OUT_070,C_2769,BOS,Flexible,MM,dosa,776,116.39999999999999,OLD_SYSTEM_REF
2025-11-12,OUT_076,C_9804,BOS,Flexible,Lapsed,dosa,917,137.54999999999998,OLD_SYSTEM_REF
2025-11-12,OUT_081,C_4893,BOS,Flexible,Lapsed,pizza,1446,216.9,OLD_SYSTEM_REF
2025-11-12,OUT_082,C_3952,Visit Pack,Fixed,Lapsed,N/A,1270,190.5,OLD_SYSTEM_REF
2025-11-12,OUT_083,C_1104,BOS,Flexible,MM,manchurian,1674,251.1,OLD_SYSTEM_REF
2025-11-12,OUT_084,C_3460,PSP,Flexible,MM,N/A,670,100.5,OLD_SYSTEM_REF
2025-11-12,OUT_088,C_2785,BOS,Flexible,Lapsed,burger,842,126.3,OLD_SYSTEM_REF
2025-11-12,OUT_091,C_2482,PSP,Flexible,Repeat,N/A,1610,241.5,OLD_SYSTEM_REF
2025-11-12,OUT_093,C_1699,PSP,Flexible,Repeat,N/A,1441,216.15,OLD_SYSTEM_REF
2025-11-12,OUT_098,C_7473,Visit Pack,Fixed,UM,N/A,1265,189.75,OLD_SYSTEM_REF
2025-11-13,OUT_001,C_9566,PSP,Flexible,Repeat,N/A,943,141.45,OLD_SYSTEM_REF
2025-11-13,OUT_002,C_8412,Visit Pack,Fixed,Lapsed,N/A,1204,180.6,OLD_SYSTEM_REF
2025-11-13,OUT_014,C_2645,Visit Pack,Fixed,Lapsed,N/A,708,106.2,OLD_SYSTEM_REF
2025-11-13,OUT_018,C_4727,BOS,Flexible,Lapsed,pizza,680,102.0,OLD_SYSTEM_REF
2025-11-13,OUT_022,C_1809,Visit Pack,Fixed,LM,N/A,662,99.3,OLD_SYSTEM_REF
2025-11-13,OUT_023,C_8169,PSP,Flexible,UM,N/A,1189,178.35,OLD_SYSTEM_REF
2025-11-13,OUT_031,C_1579,Visit Pack,Fixed,Lapsed,N/A,1884,282.59999999999997,OLD_SYSTEM_REF
2025-11-13,OUT_044,C_7494,PSP,Flexible,MM,N/A,1780,267.0,OLD_SYSTEM_REF
2025-11-13,OUT_045,C_3490,PSP,Flexible,LM,N/A,735,110.25,OLD_SYSTEM_REF
2025-11-13,OUT_048,C_8816,Visit Pack,Fixed,UM,N/A,848,127.19999999999999,OLD_SYSTEM_REF
2025-11-13,OUT_050,C_6092,PSP,Flexible,MM,N/A,1871,280.65,OLD_SYSTEM_REF
2025-11-13,OUT_059,C_7354,BOS,Flexible,UM,manchurian,1447,217.04999999999998,OLD_SYSTEM_REF
2025-11-13,OUT_061,C_9106,Visit Pack,Fixed,Repeat,N/A,523,78.45,OLD_SYSTEM_REF
2025-11-13,OUT_062,C_3255,PSP,Flexible,Lapsed,N/A,1361,204.15,OLD_SYSTEM_REF
2025-11-13,OUT_063,C_6705,PSP,Flexible,UM,N/A,1879,281.84999999999997,OLD_SYSTEM_REF
2025-11-13,OUT_069,C_9675,BOS,Flexible,MM,manchurian,1496,224.4,OLD_SYSTEM_REF
2025-11-13,OUT_076,C_8525,PSP,Flexible,Repeat,N/A,1770,265.5,OLD_SYSTEM_REF
2025-11-13,OUT_093,C_7019,BOS,Flexible,LM,manchurian,1611,241.64999999999998,OLD_SYSTEM_REF
2025-11-14,OUT_002,C_7728,PSP,Flexible,UM,N/A,1842,276.3,OLD_SYSTEM_REF
2025-11-14,OUT_003,C_2310,BOS,Flexible,UM,manchurian,1508,226.2,OLD_SYSTEM_REF
2025-11-14,OUT_010,C_5036,BOS,Flexible,LM,pizza,1020,153.0,OLD_SYSTEM_REF
2025-11-14,OUT_011,C_6015,Visit Pack,Fixed,MM,N/A,976,146.4,OLD_SYSTEM_REF
2025-11-14,OUT_027,C_4164,PSP,Flexible,Lapsed,N/A,713,106.95,OLD_SYSTEM_REF
2025-11-14,OUT_031,C_6551,PSP,Flexible,Repeat,N/A,1942,291.3,OLD_SYSTEM_REF
2025-11-14,OUT_037,C_4116,Visit Pack,Fixed,MM,N/A,666,99.89999999999999,OLD_SYSTEM_REF
2025-11-14,OUT_041,C_3895,Visit Pack,Fixed,UM,N/A,1450,217.5,OLD_SYSTEM_REF
2025-11-14,OUT_045,C_3466,Visit Pack,Fixed,Repeat,N/A,1810,271.5,OLD_SYSTEM_REF
2025-11-14,OUT_061,C_3388,Visit Pack,Fixed,Repeat,N/A,789,118.35,OLD_SYSTEM_REF
2025-11-14,OUT_063,C_4121,PSP,Flexible,Repeat,N/A,1582,237.29999999999998,OLD_SYSTEM_REF
2025-11-14,OUT_066,C_3633,PSP,Flexible,UM,N/A,626,93.89999999999999,OLD_SYSTEM_REF
2025-11-14,OUT_069,C_2815,Visit Pack,Fixed,MM,N/A,885,132.75,OLD_SYSTEM_REF
2025-11-14,OUT_072,C_5661,BOS,Flexible,LM,dal makhani,1814,272.09999999999997,OLD_SYSTEM_REF
2025-11-14,OUT_080,C_2336,BOS,Flexible,Repeat,manchurian,1864,279.59999999999997,OLD_SYSTEM_REF
2025-11-14,OUT_087,C_1214,Visit Pack,Fixed,MM,N/A,1549,232.35,OLD_SYSTEM_REF
2025-11-14,OUT_088,C_8612,PSP,Flexible,LM,N/A,1928,289.2,OLD_SYSTEM_REF
2025-11-14,OUT_094,C_5986,PSP,Flexible,Repeat,N/A,1629,244.35,OLD_SYSTEM_REF
2025-11-14,OUT_100,C_5662,Visit Pack,Fixed,LM,N/A,1837,275.55,OLD_SYSTEM_REF
2025-11-15,OUT_005,C_5035,PSP,Flexible,Repeat,N/A,1690,253.5,OLD_SYSTEM_REF
2025-11-15,OUT_014,C_3264,BOS,Flexible,LM,dal makhani,1576,236.39999999999998,OLD_SYSTEM_REF
2025-11-15,OUT_015,C_3007,BOS,Flexible,MM,dosa,1544,231.6,OLD_SYSTEM_REF
2025-11-15,OUT_018,C_4697,BOS,Flexible,UM,pizza,717,107.55,OLD_SYSTEM_REF
2025-11-15,OUT_026,C_1600,PSP,Flexible,Repeat,N/A,1189,178.35,OLD_SYSTEM_REF
2025-11-15,OUT_037,C_1632,PSP,Flexible,UM,N/A,1197,179.54999999999998,OLD_SYSTEM_REF
2025-11-15,OUT_041,C_2301,Visit Pack,Fixed,UM,N/A,1948,292.2,OLD_SYSTEM_REF
2025-11-15,OUT_046,C_8547,BOS,Flexible,Lapsed,pizza,1391,208.65,OLD_SYSTEM_REF
2025-11-15,OUT_051,C_5582,Visit Pack,Fixed,LM,N/A,1278,191.7,OLD_SYSTEM_REF
2025-11-15,OUT_062,C_9971,Visit Pack,Fixed,LM,N/A,1533,229.95,OLD_SYSTEM_REF
2025-11-15,OUT_064,C_6445,PSP,Flexible,UM,N/A,712,106.8,OLD_SYSTEM_REF
2025-11-15,OUT_069,C_4886,BOS,Flexible,MM,manchurian,1839,275.84999999999997,OLD_SYSTEM_REF
2025-11-15,OUT_076,C_3895,BOS,Flexible,LM,dosa,1754,263.09999999999997,OLD_SYSTEM_REF
2025-11-15,OUT_082,C_3380,BOS,Flexible,LM,dosa,1413,211.95,OLD_SYSTEM_REF
2025-11-15,OUT_087,C_2505,PSP,Flexible,UM,N/A,951,142.65,OLD_SYSTEM_REF
2025-11-15,OUT_088,C_6676,BOS,Flexible,Repeat,burger,514,77.1,OLD_SYSTEM_REF
2025-11-15,OUT_092,C_6702,PSP,Flexible,Repeat,N/A,1426,213.9,OLD_SYSTEM_REF
2025-11-15,OUT_097,C_4211,BOS,Flexible,MM,burger,1988,298.2,OLD_SYSTEM_REF
2025-11-15,OUT_098,C_6065,PSP,Flexible,MM,N/A,1372,205.79999999999998,OLD_SYSTEM_REF
2025-11-15,OUT_100,C_5003,BOS,Flexible,UM,dosa,1351,202.65,OLD_SYSTEM_REF
2025-11-16,OUT_002,C_9868,BOS,Flexible,UM,dal makhani,504,75.6,OLD_SYSTEM_REF
2025-11-16,OUT_005,C_8553,Visit Pack,Fixed,MM,N/A,1379,206.85,OLD_SYSTEM_REF
2025-11-16,OUT_006,C_4461,BOS,Flexible,Repeat,dosa,1857,278.55,OLD_SYSTEM_REF
2025-11-16,OUT_010,C_3841,PSP,Flexible,Lapsed,N/A,1589,238.35,OLD_SYSTEM_REF
2025-11-16,OUT_011,C_8098,PSP,Flexible,MM,N/A,1660,249.0,OLD_SYSTEM_REF
2025-11-16,OUT_023,C_7046,Visit Pack,Fixed,UM,N/A,1355,203.25,OLD_SYSTEM_REF
2025-11-16,OUT_024,C_1505,Visit Pack,Fixed,UM,N/A,1799,269.84999999999997,OLD_SYSTEM_REF
2025-11-16,OUT_025,C_6452,BOS,Flexible,Lapsed,burger,1593,238.95,OLD_SYSTEM_REF
2025-11-16,OUT_029,C_5189,PSP,Flexible,MM,N/A,943,141.45,OLD_SYSTEM_REF
2025-11-16,OUT_033,C_5448,BOS,Flexible,UM,dosa,1702,255.29999999999998,OLD_SYSTEM_REF
2025-11-16,OUT_036,C_6052,PSP,Flexible,Repeat,N/A,1278,191.7,OLD_SYSTEM_REF
2025-11-16,OUT_044,C_2184,BOS,Flexible,UM,dal makhani,527,79.05,OLD_SYSTEM_REF
2025-11-16,OUT_051,C_8845,Visit Pack,Fixed,MM,N/A,1504,225.6,OLD_SYSTEM_REF
2025-11-16,OUT_054,C_6786,PSP,Flexible,UM,N/A,911,136.65,OLD_SYSTEM_REF
2025-11-16,OUT_055,C_8496,BOS,Flexible,MM,dosa,792,118.8,OLD_SYSTEM_REF
2025-11-16,OUT_057,C_6726,PSP,Flexible,LM,N/A,1993,298.95,OLD_SYSTEM_REF
2025-11-16,OUT_061,C_6847,PSP,Flexible,Repeat,N/A,1284,192.6,OLD_SYSTEM_REF
2025-11-16,OUT_066,C_9636,Visit Pack,Fixed,Repeat,N/A,1841,276.15,OLD_SYSTEM_REF
2025-11-16,OUT_070,C_8076,PSP,Flexible,Lapsed,N/A,736,110.39999999999999,OLD_SYSTEM_REF
2025-11-16,OUT_072,C_1997,Visit Pack,Fixed,LM,N/A,1445,216.75,OLD_SYSTEM_REF
2025-11-16,OUT_078,C_8680,Visit Pack,Fixed,Lapsed,N/A,1040,156.0,OLD_SYSTEM_REF
2025-11-16,OUT_080,C_4584,Visit Pack,Fixed,LM,N/A,1885,282.75,OLD_SYSTEM_REF
2025-11-16,OUT_081,C_6017,Visit Pack,Fixed,MM,N/A,1962,294.3,OLD_SYSTEM_REF
2025-11-16,OUT_082,C_2433,Visit Pack,Fixed,Lapsed,N/A,1325,198.75,OLD_SYSTEM_REF
2025-11-16,OUT_086,C_8251,BOS,Flexible,MM,dal makhani,751,112.64999999999999,OLD_SYSTEM_REF
2025-11-16,OUT_087,C_9369,Visit Pack,Fixed,MM,N/A,1745,261.75,OLD_SYSTEM_REF
2025-11-16,OUT_088,C_5209,PSP,Flexible,MM,N/A,717,107.55,OLD_SYSTEM_REF
2025-11-16,OUT_090,C_2977,PSP,Flexible,MM,N/A,1864,279.59999999999997,OLD_SYSTEM_REF
2025-11-16,OUT_094,C_4507,PSP,Flexible,UM,N/A,933,139.95,OLD_SYSTEM_REF
2025-11-16,OUT_098,C_5665,Visit Pack,Fixed,Lapsed,N/A,987,148.04999999999998,OLD_SYSTEM_REF
2025-11-17,OUT_004,C_8339,BOS,Flexible,LM,dosa,1536,230.39999999999998,OLD_SYSTEM_REF
2025-11-17,OUT_007,C_5177,PSP,Flexible,Lapsed,N/A,1145,171.75,OLD_SYSTEM_REF
2025-11-17,OUT_008,C_8671,PSP,Flexible,MM,N/A,1574,236.1,OLD_SYSTEM_REF
2025-11-17,OUT_015,C_9503,BOS,Flexible,MM,dosa,547,82.05,OLD_SYSTEM_REF
2025-11-17,OUT_017,C_3299,BOS,Flexible,UM,pizza,1657,248.54999999999998,OLD_SYSTEM_REF
2025-11-17,OUT_020,C_4536,Visit Pack,Fixed,MM,N/A,797,119.55,OLD_SYSTEM_REF
2025-11-17,OUT_021,C_2383,Visit Pack,Fixed,Lapsed,N/A,1198,179.7,OLD_SYSTEM_REF
2025-11-17,OUT_023,C_3815,PSP,Flexible,Repeat,N/A,831,124.64999999999999,OLD_SYSTEM_REF
2025-11-17,OUT_028,C_8228,BOS,Flexible,MM,dal makhani,669,100.35,OLD_SYSTEM_REF
2025-11-17,OUT_036,C_3982,Visit Pack,Fixed,MM,N/A,1357,203.54999999999998,OLD_SYSTEM_REF
2025-11-17,OUT_039,C_1867,BOS,Flexible,MM,dal makhani,655,98.25,OLD_SYSTEM_REF
2025-11-17,OUT_041,C_7044,BOS,Flexible,LM,manchurian,1000,150.0,OLD_SYSTEM_REF
2025-11-17,OUT_044,C_8576,BOS,Flexible,MM,dal makhani,1787,268.05,OLD_SYSTEM_REF
2025-11-17,OUT_046,C_9775,Visit Pack,Fixed,LM,N/A,1359,203.85,OLD_SYSTEM_REF
2025-11-17,OUT_048,C_1063,PSP,Flexible,MM,N/A,1613,241.95,OLD_SYSTEM_REF
2025-11-17,OUT_052,C_6649,Visit Pack,Fixed,Lapsed,N/A,1130,169.5,OLD_SYSTEM_REF
2025-11-17,OUT_055,C_8180,PSP,Flexible,UM,N/A,728,109.2,OLD_SYSTEM_REF
2025-11-17,OUT_056,C_2660,BOS,Flexible,Repeat,dal makhani,1436,215.4,OLD_SYSTEM_REF
2025-11-17,OUT_058,C_2621,BOS,Flexible,UM,dosa,529,79.35,OLD_SYSTEM_REF
2025-11-17,OUT_064,C_7683,BOS,Flexible,LM,manchurian,1931,289.65,OLD_SYSTEM_REF
2025-11-17,OUT_065,C_2703,Visit Pack,Fixed,UM,N/A,1799,269.84999999999997,OLD_SYSTEM_REF
2025-11-17,OUT_071,C_5549,Visit Pack,Fixed,UM,N/A,1151,172.65,OLD_SYSTEM_REF
2025-11-17,OUT_073,C_7161,Visit Pack,Fixed,Lapsed,N/A,1568,235.2,OLD_SYSTEM_REF
2025-11-17,OUT_077,C_7833,Visit Pack,Fixed,UM,N/A,933,139.95,OLD_SYSTEM_REF
2025-11-17,OUT_080,C_5428,BOS,Flexible,Lapsed,manchurian,648,97.2,OLD_SYSTEM_REF
2025-11-17,OUT_086,C_1733,BOS,Flexible,Lapsed,dal makhani,1787,268.05,OLD_SYSTEM_REF
2025-11-17,OUT_088,C_3649,BOS,Flexible,UM,burger,1869,280.34999999999997,OLD_SYSTEM_REF
2025-11-17,OUT_092,C_4488,PSP,Flexible,UM,N/A,1396,209.4,OLD_SYSTEM_REF
2025-11-17,OUT_096,C_2373,PSP,Flexible,Repeat,N/A,1011,151.65,OLD_SYSTEM_REF
2025-11-17,OUT_098,C_3470,BOS,Flexible,UM,dosa,1766,264.9,OLD_SYSTEM_REF
2025-11-17,OUT_100,C_4857,Visit Pack,Fixed,Repeat,N/A,1980,297.0,OLD_SYSTEM_REF
2025-11-18,OUT_004,C_3963,BOS,Flexible,Repeat,dosa,732,109.8,OLD_SYSTEM_REF
2025-11-18,OUT_014,C_9528,PSP,Flexible,Lapsed,N/A,1764,264.59999999999997,OLD_SYSTEM_REF
2025-11-18,OUT_031,C_5126,Visit Pack,Fixed,UM,N/A,1253,187.95,OLD_SYSTEM_REF
2025-11-18,OUT_033,C_2785,Visit Pack,Fixed,UM,N/A,1339,200.85,OLD_SYSTEM_REF
2025-11-18,OUT_040,C_2580,Visit Pack,Fixed,MM,N/A,744,111.6,OLD_SYSTEM_REF
2025-11-18,OUT_046,C_8627,PSP,Flexible,MM,N/A,827,124.05,OLD_SYSTEM_REF
2025-11-18,OUT_047,C_3496,PSP,Flexible,Lapsed,N/A,1802,270.3,OLD_SYSTEM_REF
2025-11-18,OUT_055,C_1468,Visit Pack,Fixed,MM,N/A,1335,200.25,OLD_SYSTEM_REF
2025-11-18,OUT_058,C_3211,Visit Pack,Fixed,LM,N/A,951,142.65,OLD_SYSTEM_REF
2025-11-18,OUT_062,C_8304,Visit Pack,Fixed,MM,N/A,1117,167.54999999999998,OLD_SYSTEM_REF
2025-11-18,OUT_070,C_4725,Visit Pack,Fixed,Lapsed,N/A,1893,283.95,OLD_SYSTEM_REF
2025-11-18,OUT_071,C_4819,Visit Pack,Fixed,MM,N/A,1850,277.5,OLD_SYSTEM_REF
2025-11-18,OUT_081,C_6219,Visit Pack,Fixed,UM,N/A,1088,163.2,OLD_SYSTEM_REF
2025-11-18,OUT_085,C_1020,Visit Pack,Fixed,MM,N/A,773,115.94999999999999,OLD_SYSTEM_REF
2025-11-18,OUT_091,C_1820,Visit Pack,Fixed,MM,N/A,1957,293.55,OLD_SYSTEM_REF
2025-11-18,OUT_094,C_6483,BOS,Flexible,UM,dosa,1524,228.6,OLD_SYSTEM_REF
2025-11-19,OUT_002,C_5672,BOS,Flexible,Lapsed,dal makhani,519,77.85,OLD_SYSTEM_REF
2025-11-19,OUT_011,C_7533,Visit Pack,Fixed,LM,N/A,1897,284.55,OLD_SYSTEM_REF
2025-11-19,OUT_021,C_4231,Visit Pack,Fixed,MM,N/A,1874,281.09999999999997,OLD_SYSTEM_REF
2025-11-19,OUT_025,C_3828,Visit Pack,Fixed,UM,N/A,759,113.85,OLD_SYSTEM_REF
2025-11-19,OUT_027,C_3518,Visit Pack,Fixed,UM,N/A,522,78.3,OLD_SYSTEM_REF
2025-11-19,OUT_030,C_8763,Visit Pack,Fixed,Lapsed,N/A,1941,291.15,OLD_SYSTEM_REF
2025-11-19,OUT_039,C_6039,PSP,Flexible,Lapsed,N/A,642,96.3,OLD_SYSTEM_REF
2025-11-19,OUT_040,C_3665,PSP,Flexible,Repeat,N/A,1766,264.9,OLD_SYSTEM_REF
2025-11-19,OUT_045,C_5704,PSP,Flexible,MM,N/A,1643,246.45,OLD_SYSTEM_REF
2025-11-19,OUT_046,C_8957,BOS,Flexible,LM,pizza,692,103.8,OLD_SYSTEM_REF
2025-11-19,OUT_050,C_8783,PSP,Flexible,Repeat,N/A,1280,192.0,OLD_SYSTEM_REF
2025-11-19,OUT_055,C_2453,BOS,Flexible,Repeat,dosa,1854,278.09999999999997,OLD_SYSTEM_REF
2025-11-19,OUT_060,C_8814,PSP,Flexible,LM,N/A,1962,294.3,OLD_SYSTEM_REF
2025-11-19,OUT_070,C_7221,BOS,Flexible,Lapsed,dosa,1305,195.75,OLD_SYSTEM_REF
2025-11-19,OUT_079,C_3453,PSP,Flexible,LM,N/A,763,114.45,OLD_SYSTEM_REF
2025-11-19,OUT_086,C_6024,BOS,Flexible,Repeat,dal makhani,1501,225.15,OLD_SYSTEM_REF
2025-11-19,OUT_087,C_7004,PSP,Flexible,LM,N/A,1942,291.3,OLD_SYSTEM_REF
2025-11-19,OUT_099,C_8212,PSP,Flexible,UM,N/A,630,94.5,OLD_SYSTEM_REF
2025-11-20,OUT_004,C_6814,BOS,Flexible,Repeat,dosa,1947,292.05,OLD_SYSTEM_REF
2025-11-20,OUT_007,C_6267,PSP,Flexible,LM,N/A,1049,157.35,OLD_SYSTEM_REF
2025-11-20,OUT_032,C_8953,BOS,Flexible,UM,manchurian,1250,187.5,OLD_SYSTEM_REF
2025-11-20,OUT_041,C_4541,Visit Pack,Fixed,LM,N/A,1780,267.0,OLD_SYSTEM_REF
2025-11-20,OUT_044,C_7894,BOS,Flexible,MM,dal makhani,1542,231.29999999999998,OLD_SYSTEM_REF
2025-11-20,OUT_058,C_1388,BOS,Flexible,MM,dosa,1406,210.9,OLD_SYSTEM_REF
2025-11-20,OUT_061,C_1741,Visit Pack,Fixed,MM,N/A,1817,272.55,OLD_SYSTEM_REF
2025-11-20,OUT_062,C_5560,Visit Pack,Fixed,LM,N/A,1709,256.34999999999997,OLD_SYSTEM_REF
2025-11-20,OUT_063,C_3218,PSP,Flexible,LM,N/A,1128,169.2,OLD_SYSTEM_REF
2025-11-20,OUT_068,C_4735,Visit Pack,Fixed,Repeat,N/A,639,95.85,OLD_SYSTEM_REF
2025-11-20,OUT_069,C_5968,Visit Pack,Fixed,Repeat,N/A,632,94.8,OLD_SYSTEM_REF
2025-11-20,OUT_070,C_5972,Visit Pack,Fixed,MM,N/A,934,140.1,OLD_SYSTEM_REF
2025-11-20,OUT_071,C_7835,PSP,Flexible,UM,N/A,1359,203.85,OLD_SYSTEM_REF
2025-11-20,OUT_077,C_3830,PSP,Flexible,Lapsed,N/A,1236,185.4,OLD_SYSTEM_REF
2025-11-20,OUT_084,C_1022,PSP,Flexible,Lapsed,N/A,656,98.39999999999999,OLD_SYSTEM_REF
2025-11-20,OUT_085,C_7078,PSP,Flexible,Lapsed,N/A,1936,290.4,OLD_SYSTEM_REF
2025-11-20,OUT_087,C_2508,Visit Pack,Fixed,Lapsed,N/A,1116,167.4,OLD_SYSTEM_REF
2025-11-20,OUT_088,C_5590,Visit Pack,Fixed,Repeat,N/A,1763,264.45,OLD_SYSTEM_REF
2025-11-20,OUT_098,C_9299,PSP,Flexible,UM,N/A,872,130.79999999999998,OLD_SYSTEM_REF
2025-11-21,OUT_001,C_4057,BOS,Flexible,Repeat,dal makhani,767,115.05,OLD_SYSTEM_REF
2025-11-21,OUT_002,C_3004,BOS,Flexible,UM,dal makhani,1995,299.25,OLD_SYSTEM_REF
2025-11-21,OUT_006,C_6733,PSP,Flexible,Repeat,N/A,517,77.55,OLD_SYSTEM_REF
2025-11-21,OUT_011,C_3267,PSP,Flexible,Lapsed,N/A,1826,273.9,OLD_SYSTEM_REF
2025-11-21,OUT_019,C_7205,Visit Pack,Fixed,Lapsed,N/A,810,121.5,OLD_SYSTEM_REF
2025-11-21,OUT_020,C_8313,BOS,Flexible,Lapsed,pizza,1627,244.04999999999998,OLD_SYSTEM_REF
2025-11-21,OUT_022,C_8535,BOS,Flexible,UM,pizza,859,128.85,OLD_SYSTEM_REF
2025-11-21,OUT_042,C_3714,Visit Pack,Fixed,LM,N/A,1022,153.29999999999998,OLD_SYSTEM_REF
2025-11-21,OUT_051,C_5022,PSP,Flexible,Repeat,N/A,1845,276.75,OLD_SYSTEM_REF
2025-11-21,OUT_055,C_2727,Visit Pack,Fixed,Lapsed,N/A,1219,182.85,OLD_SYSTEM_REF
2025-11-21,OUT_063,C_8142,Visit Pack,Fixed,MM,N/A,655,98.25,OLD_SYSTEM_REF
2025-11-21,OUT_073,C_7825,BOS,Flexible,MM,pizza,823,123.44999999999999,OLD_SYSTEM_REF
2025-11-21,OUT_076,C_6248,Visit Pack,Fixed,Repeat,N/A,1179,176.85,OLD_SYSTEM_REF
2025-11-21,OUT_089,C_7463,Visit Pack,Fixed,UM,N/A,1432,214.79999999999998,OLD_SYSTEM_REF
2025-11-21,OUT_092,C_4477,BOS,Flexible,LM,pizza,1794,269.09999999999997,OLD_SYSTEM_REF
2025-11-21,OUT_093,C_6743,BOS,Flexible,Repeat,manchurian,775,116.25,OLD_SYSTEM_REF
2025-11-21,OUT_095,C_5793,PSP,Flexible,Repeat,N/A,1493,223.95,OLD_SYSTEM_REF
2025-11-22,OUT_002,C_7073,PSP,Flexible,UM,N/A,773,115.94999999999999,OLD_SYSTEM_REF
2025-11-22,OUT_012,C_1210,PSP,Flexible,UM,N/A,1165,174.75,OLD_SYSTEM_REF
2025-11-22,OUT_031,C_5936,Visit Pack,Fixed,Lapsed,N/A,762,114.3,OLD_SYSTEM_REF
2025-11-22,OUT_035,C_3706,PSP,Flexible,Lapsed,N/A,1460,219.0,OLD_SYSTEM_REF
2025-11-22,OUT_037,C_6422,BOS,Flexible,LM,dal makhani,1240,186.0,OLD_SYSTEM_REF
2025-11-22,OUT_038,C_1524,PSP,Flexible,Repeat,N/A,1754,263.09999999999997,OLD_SYSTEM_REF
2025-11-22,OUT_043,C_1076,BOS,Flexible,Repeat,manchurian,1184,177.6,OLD_SYSTEM_REF
2025-11-22,OUT_049,C_1575,Visit Pack,Fixed,UM,N/A,912,136.79999999999998,OLD_SYSTEM_REF
2025-11-22,OUT_050,C_8132,Visit Pack,Fixed,MM,N/A,928,139.2,OLD_SYSTEM_REF
2025-11-22,OUT_052,C_1768,BOS,Flexible,LM,pizza,762,114.3,OLD_SYSTEM_REF
2025-11-22,OUT_055,C_1084,BOS,Flexible,MM,dosa,928,139.2,OLD_SYSTEM_REF
2025-11-22,OUT_060,C_8840,BOS,Flexible,UM,dal makhani,1257,188.54999999999998,OLD_SYSTEM_REF
2025-11-22,OUT_063,C_6384,Visit Pack,Fixed,Repeat,N/A,709,106.35,OLD_SYSTEM_REF
2025-11-22,OUT_064,C_2644,Visit Pack,Fixed,Lapsed,N/A,1967,295.05,OLD_SYSTEM_REF
2025-11-22,OUT_069,C_8936,PSP,Flexible,UM,N/A,1444,216.6,OLD_SYSTEM_REF
2025-11-22,OUT_077,C_2613,PSP,Flexible,MM,N/A,767,115.05,OLD_SYSTEM_REF
2025-11-22,OUT_079,C_1332,Visit Pack,Fixed,Lapsed,N/A,1892,283.8,OLD_SYSTEM_REF
2025-11-22,OUT_084,C_1224,BOS,Flexible,Repeat,dal makhani,1907,286.05,OLD_SYSTEM_REF
2025-11-22,OUT_085,C_5951,BOS,Flexible,MM,dosa,1079,161.85,OLD_SYSTEM_REF
2025-11-22,OUT_086,C_9890,BOS,Flexible,LM,dal makhani,1062,159.29999999999998,OLD_SYSTEM_REF
2025-11-22,OUT_096,C_1543,PSP,Flexible,MM,N/A,1489,223.35,OLD_SYSTEM_REF
2025-11-22,OUT_099,C_8696,Visit Pack,Fixed,Lapsed,N/A,1944,291.59999999999997,OLD_SYSTEM_REF
2025-11-22,OUT_100,C_2681,Visit Pack,Fixed,Repeat,N/A,1294,194.1,OLD_SYSTEM_REF
2025-11-23,OUT_002,C_5107,BOS,Flexible,UM,dal makhani,1846,276.9,OLD_SYSTEM_REF
2025-11-23,OUT_003,C_4869,PSP,Flexible,LM,N/A,638,95.7,OLD_SYSTEM_REF
2025-11-23,OUT_011,C_7576,Visit Pack,Fixed,MM,N/A,1474,221.1,OLD_SYSTEM_REF
2025-11-23,OUT_017,C_3326,Visit Pack,Fixed,MM,N/A,1043,156.45,OLD_SYSTEM_REF
2025-11-23,OUT_020,C_1110,PSP,Flexible,Lapsed,N/A,1230,184.5,OLD_SYSTEM_REF
2025-11-23,OUT_021,C_1538,PSP,Flexible,UM,N/A,960,144.0,OLD_SYSTEM_REF
2025-11-23,OUT_022,C_1766,PSP,Flexible,LM,N/A,534,80.1,OLD_SYSTEM_REF
2025-11-23,OUT_025,C_2520,BOS,Flexible,Repeat,burger,509,76.35,OLD_SYSTEM_REF
2025-11-23,OUT_026,C_4152,Visit Pack,Fixed,MM,N/A,1612,241.79999999999998,OLD_SYSTEM_REF
2025-11-23,OUT_030,C_6050,PSP,Flexible,Lapsed,N/A,1454,218.1,OLD_SYSTEM_REF
2025-11-23,OUT_044,C_9063,PSP,Flexible,Lapsed,N/A,1862,279.3,OLD_SYSTEM_REF
2025-11-23,OUT_048,C_6519,Visit Pack,Fixed,LM,N/A,870,130.5,OLD_SYSTEM_REF
2025-11-23,OUT_049,C_3294,PSP,Flexible,Lapsed,N/A,1646,246.89999999999998,OLD_SYSTEM_REF
2025-11-23,OUT_050,C_1129,PSP,Flexible,Lapsed,N/A,728,109.2,OLD_SYSTEM_REF
2025-11-23,OUT_053,C_2341,Visit Pack,Fixed,Lapsed,N/A,1229,184.35,OLD_SYSTEM_REF
2025-11-23,OUT_065,C_5172,PSP,Flexible,Lapsed,N/A,726,108.89999999999999,OLD_SYSTEM_REF
2025-11-23,OUT_069,C_4052,BOS,Flexible,MM,manchurian,1574,236.1,OLD_SYSTEM_REF
2025-11-23,OUT_072,C_8516,BOS,Flexible,Lapsed,dal makhani,502,75.3,OLD_SYSTEM_REF
2025-11-23,OUT_075,C_8123,Visit Pack,Fixed,LM,N/A,1977,296.55,OLD_SYSTEM_REF
2025-11-23,OUT_078,C_8349,Visit Pack,Fixed,LM,N/A,1518,227.7,OLD_SYSTEM_REF
2025-11-23,OUT_093,C_2900,PSP,Flexible,Repeat,N/A,1519,227.85,OLD_SYSTEM_REF
2025-11-23,OUT_094,C_6177,Visit Pack,Fixed,MM,N/A,1012,151.79999999999998,OLD_SYSTEM_REF
2025-11-23,OUT_097,C_2031,Visit Pack,Fixed,MM,N/A,1835,275.25,OLD_SYSTEM_REF
2025-11-24,OUT_001,C_5746,Visit Pack,Fixed,LM,N/A,1161,174.15,OLD_SYSTEM_REF
2025-11-24,OUT_006,C_6576,Visit Pack,Fixed,MM,N/A,1449,217.35,OLD_SYSTEM_REF
2025-11-24,OUT_014,C_5970,Visit Pack,Fixed,Repeat,N/A,560,84.0,OLD_SYSTEM_REF
2025-11-24,OUT_015,C_8893,Visit Pack,Fixed,UM,N/A,1625,243.75,OLD_SYSTEM_REF
2025-11-24,OUT_018,C_3284,PSP,Flexible,Repeat,N/A,902,135.29999999999998,OLD_SYSTEM_REF
2025-11-24,OUT_022,C_7006,Visit Pack,Fixed,LM,N/A,627,94.05,OLD_SYSTEM_REF
2025-11-24,OUT_023,C_9158,PSP,Flexible,UM,N/A,1813,271.95,OLD_SYSTEM_REF
2025-11-24,OUT_024,C_5068,BOS,Flexible,Repeat,dosa,502,75.3,OLD_SYSTEM_REF
2025-11-24,OUT_038,C_9996,PSP,Flexible,MM,N/A,607,91.05,OLD_SYSTEM_REF
2025-11-24,OUT_041,C_2737,PSP,Flexible,Repeat,N/A,1920,288.0,OLD_SYSTEM_REF
2025-11-24,OUT_042,C_9062,Visit Pack,Fixed,UM,N/A,1738,260.7,OLD_SYSTEM_REF
2025-11-24,OUT_046,C_6241,BOS,Flexible,Repeat,pizza,1227,184.04999999999998,OLD_SYSTEM_REF
2025-11-24,OUT_055,C_2874,Visit Pack,Fixed,MM,N/A,1962,294.3,OLD_SYSTEM_REF
2025-11-24,OUT_065,C_4116,BOS,Flexible,LM,burger,1594,239.1,OLD_SYSTEM_REF
2025-11-24,OUT_068,C_3232,BOS,Flexible,Repeat,manchurian,941,141.15,OLD_SYSTEM_REF
2025-11-24,OUT_071,C_1634,BOS,Flexible,Repeat,manchurian,1588,238.2,OLD_SYSTEM_REF
2025-11-24,OUT_075,C_4758,BOS,Flexible,UM,pizza,830,124.5,OLD_SYSTEM_REF
2025-11-24,OUT_076,C_7324,PSP,Flexible,MM,N/A,935,140.25,OLD_SYSTEM_REF
2025-11-24,OUT_085,C_2323,PSP,Flexible,LM,N/A,920,138.0,OLD_SYSTEM_REF
2025-11-24,OUT_092,C_1444,Visit Pack,Fixed,MM,N/A,1206,180.9,OLD_SYSTEM_REF
2025-11-24,OUT_094,C_3857,BOS,Flexible,Repeat,dosa,750,112.5,OLD_SYSTEM_REF
2025-11-25,OUT_006,C_3518,PSP,Flexible,MM,N/A,704,105.6,OLD_SYSTEM_REF
2025-11-25,OUT_009,C_5964,BOS,Flexible,LM,dal makhani,1461,219.15,OLD_SYSTEM_REF
2025-11-25,OUT_014,C_7842,BOS,Flexible,MM,dal makhani,1305,195.75,OLD_SYSTEM_REF
2025-11-25,OUT_031,C_5753,PSP,Flexible,UM,N/A,686,102.89999999999999,OLD_SYSTEM_REF
2025-11-25,OUT_043,C_9501,Visit Pack,Fixed,MM,N/A,1429,214.35,OLD_SYSTEM_REF
2025-11-25,OUT_045,C_1968,PSP,Flexible,UM,N/A,595,89.25,OLD_SYSTEM_REF
2025-11-25,OUT_047,C_5196,PSP,Flexible,MM,N/A,1795,269.25,OLD_SYSTEM_REF
2025-11-25,OUT_048,C_5944,BOS,Flexible,MM,burger,1482,222.29999999999998,OLD_SYSTEM_REF
2025-11-25,OUT_051,C_1070,BOS,Flexible,Repeat,manchurian,1128,169.2,OLD_SYSTEM_REF
2025-11-25,OUT_057,C_1114,BOS,Flexible,UM,dal makhani,1907,286.05,OLD_SYSTEM_REF
2025-11-25,OUT_058,C_8616,BOS,Flexible,LM,dosa,948,142.2,OLD_SYSTEM_REF
2025-11-25,OUT_061,C_7103,BOS,Flexible,Repeat,dosa,1028,154.2,OLD_SYSTEM_REF
2025-11-25,OUT_062,C_7143,BOS,Flexible,Lapsed,dal makhani,1283,192.45,OLD_SYSTEM_REF
2025-11-25,OUT_064,C_5950,Visit Pack,Fixed,Repeat,N/A,869,130.35,OLD_SYSTEM_REF
2025-11-25,OUT_090,C_8120,PSP,Flexible,Repeat,N/A,897,134.54999999999998,OLD_SYSTEM_REF
2025-11-25,OUT_092,C_6906,BOS,Flexible,MM,pizza,1136,170.4,OLD_SYSTEM_REF
2025-11-25,OUT_093,C_8004,PSP,Flexible,Lapsed,N/A,1064,159.6,OLD_SYSTEM_REF
2025-11-25,OUT_097,C_1124,Visit Pack,Fixed,UM,N/A,579,86.85,OLD_SYSTEM_REF
2025-11-26,OUT_005,C_9062,BOS,Flexible,Repeat,dosa,1123,168.45,OLD_SYSTEM_REF
2025-11-26,OUT_006,C_3243,BOS,Flexible,Lapsed,dosa,1972,295.8,OLD_SYSTEM_REF
2025-11-26,OUT_025,C_5431,PSP,Flexible,LM,N/A,1727,259.05,OLD_SYSTEM_REF
2025-11-26,OUT_059,C_8184,Visit Pack,Fixed,LM,N/A,567,85.05,OLD_SYSTEM_REF
2025-11-26,OUT_072,C_4404,PSP,Flexible,UM,N/A,857,128.54999999999998,OLD_SYSTEM_REF
2025-11-26,OUT_074,C_6436,PSP,Flexible,UM,N/A,771,115.64999999999999,OLD_SYSTEM_REF
2025-11-26,OUT_080,C_3137,PSP,Flexible,MM,N/A,709,106.35,OLD_SYSTEM_REF
2025-11-26,OUT_083,C_2385,BOS,Flexible,UM,manchurian,1703,255.45,OLD_SYSTEM_REF
2025-11-26,OUT_086,C_4447,PSP,Flexible,Repeat,N/A,999,149.85,OLD_SYSTEM_REF
2025-11-26,OUT_100,C_3858,Visit Pack,Fixed,Repeat,N/A,1353,202.95,OLD_SYSTEM_REF
2025-11-27,OUT_006,C_2661,BOS,Flexible,Repeat,dosa,1410,211.5,OLD_SYSTEM_REF
2025-11-27,OUT_020,C_3299,Visit Pack,Fixed,Repeat,N/A,544,81.6,OLD_SYSTEM_REF
2025-11-27,OUT_032,C_6092,Visit Pack,Fixed,LM,N/A,1866,279.9,OLD_SYSTEM_REF
2025-11-27,OUT_033,C_8238,BOS,Flexible,Lapsed,dosa,1791,268.65,OLD_SYSTEM_REF
2025-11-27,OUT_035,C_7786,BOS,Flexible,Repeat,manchurian,641,96.14999999999999,OLD_SYSTEM_REF
2025-11-27,OUT_036,C_5037,Visit Pack,Fixed,Repeat,N/A,1164,174.6,OLD_SYSTEM_REF
2025-11-27,OUT_038,C_2992,BOS,Flexible,UM,burger,661,99.14999999999999,OLD_SYSTEM_REF
2025-11-27,OUT_039,C_4301,PSP,Flexible,LM,N/A,504,75.6,OLD_SYSTEM_REF
2025-11-27,OUT_041,C_9423,PSP,Flexible,LM,N/A,1505,225.75,OLD_SYSTEM_REF
2025-11-27,OUT_043,C_2036,PSP,Flexible,UM,N/A,1230,184.5,OLD_SYSTEM_REF
2025-11-27,OUT_066,C_7581,BOS,Flexible,Repeat,manchurian,1094,164.1,OLD_SYSTEM_REF
2025-11-27,OUT_067,C_4228,Visit Pack,Fixed,LM,N/A,1484,222.6,OLD_SYSTEM_REF
2025-11-27,OUT_070,C_9381,PSP,Flexible,Lapsed,N/A,1206,180.9,OLD_SYSTEM_REF
2025-11-27,OUT_071,C_8809,PSP,Flexible,UM,N/A,1271,190.65,OLD_SYSTEM_REF
2025-11-27,OUT_072,C_3572,BOS,Flexible,UM,dal makhani,1552,232.79999999999998,OLD_SYSTEM_REF
2025-11-27,OUT_096,C_2393,Visit Pack,Fixed,MM,N/A,1576,236.39999999999998,OLD_SYSTEM_REF
2025-11-28,OUT_004,C_1013,BOS,Flexible,LM,dosa,581,87.14999999999999,OLD_SYSTEM_REF
2025-11-28,OUT_009,C_6340,Visit Pack,Fixed,UM,N/A,952,142.79999999999998,OLD_SYSTEM_REF
2025-11-28,OUT_020,C_9222,Visit Pack,Fixed,Lapsed,N/A,1160,174.0,OLD_SYSTEM_REF
2025-11-28,OUT_022,C_2650,PSP,Flexible,UM,N/A,1309,196.35,OLD_SYSTEM_REF
2025-11-28,OUT_027,C_9640,PSP,Flexible,MM,N/A,1502,225.29999999999998,OLD_SYSTEM_REF
2025-11-28,OUT_030,C_7708,BOS,Flexible,Repeat,burger,862,129.29999999999998,OLD_SYSTEM_REF
2025-11-28,OUT_032,C_2889,PSP,Flexible,MM,N/A,1626,243.89999999999998,OLD_SYSTEM_REF
2025-11-28,OUT_047,C_3049,PSP,Flexible,LM,N/A,1036,155.4,OLD_SYSTEM_REF
2025-11-28,OUT_059,C_9378,BOS,Flexible,Lapsed,manchurian,1884,282.59999999999997,OLD_SYSTEM_REF
2025-11-28,OUT_065,C_1149,Visit Pack,Fixed,Lapsed,N/A,959,143.85,OLD_SYSTEM_REF
2025-11-28,OUT_068,C_4748,PSP,Flexible,LM,N/A,1063,159.45,OLD_SYSTEM_REF
2025-11-28,OUT_070,C_8456,BOS,Flexible,Repeat,dosa,1235,185.25,OLD_SYSTEM_REF
2025-11-28,OUT_073,C_2740,PSP,Flexible,Repeat,N/A,734,110.1,OLD_SYSTEM_REF
2025-11-28,OUT_086,C_4813,PSP,Flexible,UM,N/A,1607,241.04999999999998,OLD_SYSTEM_REF
2025-11-28,OUT_088,C_5261,BOS,Flexible,Repeat,burger,1266,189.9,OLD_SYSTEM_REF
2025-11-28,OUT_090,C_9035,BOS,Flexible,Lapsed,dal makhani,1056,158.4,OLD_SYSTEM_REF
2025-11-28,OUT_095,C_2956,PSP,Flexible,UM,N/A,1327,199.04999999999998,OLD_SYSTEM_REF
2025-11-28,OUT_098,C_9351,Visit Pack,Fixed,MM,N/A,1895,284.25,OLD_SYSTEM_REF
2025-11-29,OUT_001,C_8358,Visit Pack,Fixed,Lapsed,N/A,738,110.7,OLD_SYSTEM_REF
2025-11-29,OUT_005,C_8014,BOS,Flexible,Lapsed,dosa,1582,237.29999999999998,OLD_SYSTEM_REF
2025-11-29,OUT_008,C_3458,PSP,Flexible,Lapsed,N/A,1015,152.25,OLD_SYSTEM_REF
2025-11-29,OUT_009,C_8137,PSP,Flexible,Repeat,N/A,884,132.6,OLD_SYSTEM_REF
2025-11-29,OUT_013,C_8026,Visit Pack,Fixed,Repeat,N/A,731,109.64999999999999,OLD_SYSTEM_REF
2025-11-29,OUT_015,C_8997,Visit Pack,Fixed,Lapsed,N/A,1610,241.5,OLD_SYSTEM_REF
2025-11-29,OUT_021,C_8018,BOS,Flexible,LM,dosa,590,88.5,OLD_SYSTEM_REF
2025-11-29,OUT_026,C_6924,Visit Pack,Fixed,LM,N/A,676,101.39999999999999,OLD_SYSTEM_REF
2025-11-29,OUT_029,C_2540,PSP,Flexible,LM,N/A,819,122.85,OLD_SYSTEM_REF
2025-11-29,OUT_033,C_3666,BOS,Flexible,Lapsed,dosa,1505,225.75,OLD_SYSTEM_REF
2025-11-29,OUT_036,C_6100,Visit Pack,Fixed,LM,N/A,919,137.85,OLD_SYSTEM_REF
2025-11-29,OUT_040,C_6634,PSP,Flexible,Repeat,N/A,500,75.0,OLD_SYSTEM_REF
2025-11-29,OUT_054,C_9210,Visit Pack,Fixed,UM,N/A,1787,268.05,OLD_SYSTEM_REF
2025-11-29,OUT_063,C_2766,Visit Pack,Fixed,MM,N/A,1189,178.35,OLD_SYSTEM_REF
2025-11-29,OUT_069,C_4938,PSP,Flexible,LM,N/A,868,130.2,OLD_SYSTEM_REF
2025-11-29,OUT_078,C_8562,BOS,Flexible,MM,burger,1745,261.75,OLD_SYSTEM_REF
2025-11-29,OUT_094,C_5612,PSP,Flexible,UM,N/A,1811,271.65,OLD_SYSTEM_REF
2025-11-29,OUT_095,C_1274,Visit Pack,Fixed,UM,N/A,1074,161.1,OLD_SYSTEM_REF
2025-11-29,OUT_099,C_2356,BOS,Flexible,UM,manchurian,770,115.5,OLD_SYSTEM_REF
2025-11-30,OUT_005,C_1067,Visit Pack,Fixed,LM,N/A,783,117.44999999999999,OLD_SYSTEM_REF
2025-11-30,OUT_006,C_4211,BOS,Flexible,MM,dosa,1929,289.34999999999997,OLD_SYSTEM_REF
2025-11-30,OUT_009,C_6818,BOS,Flexible,MM,dal makhani,1085,162.75,OLD_SYSTEM_REF
2025-11-30,OUT_013,C_9193,Visit Pack,Fixed,UM,N/A,1420,213.0,OLD_SYSTEM_REF
2025-11-30,OUT_016,C_5086,BOS,Flexible,MM,dosa,1845,276.75,OLD_SYSTEM_REF
2025-11-30,OUT_018,C_6522,BOS,Flexible,LM,pizza,1809,271.34999999999997,OLD_SYSTEM_REF
2025-11-30,OUT_027,C_6801,Visit Pack,Fixed,Lapsed,N/A,1368,205.2,OLD_SYSTEM_REF
2025-11-30,OUT_031,C_1085,Visit Pack,Fixed,UM,N/A,945,141.75,OLD_SYSTEM_REF
2025-11-30,OUT_036,C_2553,PSP,Flexible,LM,N/A,1061,159.15,OLD_SYSTEM_REF
2025-11-30,OUT_037,C_6883,PSP,Flexible,MM,N/A,1449,217.35,OLD_SYSTEM_REF
2025-11-30,OUT_047,C_9528,Visit Pack,Fixed,UM,N/A,609,91.35,OLD_SYSTEM_REF
2025-11-30,OUT_051,C_8343,Visit Pack,Fixed,UM,N/A,1519,227.85,OLD_SYSTEM_REF
2025-11-30,OUT_052,C_8926,Visit Pack,Fixed,LM,N/A,639,95.85,OLD_SYSTEM_REF
2025-11-30,OUT_053,C_3373,Visit Pack,Fixed,Lapsed,N/A,1456,218.4,OLD_SYSTEM_REF
2025-11-30,OUT_059,C_6191,BOS,Flexible,LM,manchurian,1700,255.0,OLD_SYSTEM_REF
2025-11-30,OUT_062,C_3251,Visit Pack,Fixed,LM,N/A,1999,299.84999999999997,OLD_SYSTEM_REF
2025-11-30,OUT_065,C_4855,Visit Pack,Fixed,MM,N/A,620,93.0,OLD_SYSTEM_REF
2025-11-30,OUT_068,C_7629,PSP,Flexible,UM,N/A,1329,199.35,OLD_SYSTEM_REF
2025-11-30,OUT_071,C_1012,PSP,Flexible,Repeat,N/A,1138,170.7,OLD_SYSTEM_REF
2025-11-30,OUT_077,C_2372,BOS,Flexible,UM,dosa,640,96.0,OLD_SYSTEM_REF
2025-11-30,OUT_087,C_9401,Visit Pack,Fixed,MM,N/A,820,123.0,OLD_SYSTEM_REF
2025-11-30,OUT_096,C_9711,Visit Pack,Fixed,LM,N/A,736,110.39999999999999,OLD_SYSTEM_REF
2025-11-30,OUT_097,C_9445,BOS,Flexible,MM,burger,796,119.39999999999999,OLD_SYSTEM_REF
2025-12-01,OUT_002,C_3801,BOS,Flexible,Repeat,dal makhani,941,141.15,OLD_SYSTEM_REF
2025-12-01,OUT_004,C_6932,BOS,Flexible,MM,dosa,840,126.0,OLD_SYSTEM_REF
2025-12-01,OUT_007,C_5638,PSP,Flexible,Repeat,N/A,651,97.64999999999999,OLD_SYSTEM_REF
2025-12-01,OUT_011,C_5154,Visit Pack,Fixed,Repeat,N/A,573,85.95,OLD_SYSTEM_REF
2025-12-01,OUT_012,C_9107,Visit Pack,Fixed,MM,N/A,1074,161.1,OLD_SYSTEM_REF
2025-12-01,OUT_018,C_1272,BOS,Flexible,UM,pizza,729,109.35,OLD_SYSTEM_REF
2025-12-01,OUT_021,C_8119,BOS,Flexible,MM,dosa,1004,150.6,OLD_SYSTEM_REF
2025-12-01,OUT_026,C_1753,Visit Pack,Fixed,UM,N/A,569,85.35,OLD_SYSTEM_REF
2025-12-01,OUT_032,C_3092,Visit Pack,Fixed,UM,N/A,1492,223.79999999999998,OLD_SYSTEM_REF
2025-12-01,OUT_035,C_8404,PSP,Flexible,MM,N/A,1804,270.59999999999997,OLD_SYSTEM_REF
2025-12-01,OUT_046,C_7905,PSP,Flexible,MM,N/A,673,100.95,OLD_SYSTEM_REF
2025-12-01,OUT_047,C_7748,BOS,Flexible,Lapsed,dal makhani,1014,152.1,OLD_SYSTEM_REF
2025-12-01,OUT_053,C_9122,PSP,Flexible,MM,N/A,564,84.6,OLD_SYSTEM_REF
2025-12-01,OUT_071,C_9297,PSP,Flexible,Repeat,N/A,1290,193.5,OLD_SYSTEM_REF
2025-12-01,OUT_073,C_6799,PSP,Flexible,UM,N/A,1797,269.55,OLD_SYSTEM_REF
2025-12-01,OUT_079,C_9752,Visit Pack,Fixed,Lapsed,N/A,1700,255.0,OLD_SYSTEM_REF
2025-12-01,OUT_084,C_6700,PSP,Flexible,Lapsed,N/A,1913,286.95,OLD_SYSTEM_REF
2025-12-01,OUT_091,C_7987,PSP,Flexible,MM,N/A,1173,175.95,OLD_SYSTEM_REF
2025-12-01,OUT_094,C_6294,PSP,Flexible,LM,N/A,899,134.85,OLD_SYSTEM_REF
2025-12-01,OUT_100,C_6657,BOS,Flexible,UM,dosa,1295,194.25,OLD_SYSTEM_REF
2025-12-02,OUT_005,C_4339,Visit Pack,Fixed,Repeat,N/A,1093,163.95,OLD_SYSTEM_REF
2025-12-02,OUT_011,C_4010,PSP,Flexible,LM,N/A,1815,272.25,OLD_SYSTEM_REF
2025-12-02,OUT_018,C_9165,BOS,Flexible,LM,pizza,1623,243.45,OLD_SYSTEM_REF
2025-12-02,OUT_026,C_9305,PSP,Flexible,MM,N/A,1512,226.79999999999998,OLD_SYSTEM_REF
2025-12-02,OUT_029,C_2083,Visit Pack,Fixed,UM,N/A,738,110.7,OLD_SYSTEM_REF
2025-12-02,OUT_031,C_7108,BOS,Flexible,UM,manchurian,1650,247.5,OLD_SYSTEM_REF
2025-12-02,OUT_033,C_8179,BOS,Flexible,Lapsed,dosa,1597,239.54999999999998,OLD_SYSTEM_REF
2025-12-02,OUT_040,C_3918,BOS,Flexible,LM,manchurian,1782,267.3,OLD_SYSTEM_REF
2025-12-02,OUT_045,C_9720,PSP,Flexible,MM,N/A,1843,276.45,OLD_SYSTEM_REF
2025-12-02,OUT_074,C_8618,Visit Pack,Fixed,UM,N/A,1985,297.75,OLD_SYSTEM_REF
2025-12-02,OUT_076,C_7258,BOS,Flexible,MM,dosa,1020,153.0,OLD_SYSTEM_REF
2025-12-02,OUT_082,C_5382,Visit Pack,Fixed,Lapsed,N/A,1995,299.25,OLD_SYSTEM_REF
2025-12-02,OUT_087,C_6843,Visit Pack,Fixed,Lapsed,N/A,1389,208.35,OLD_SYSTEM_REF
2025-12-02,OUT_093,C_2138,Visit Pack,Fixed,Repeat,N/A,1236,185.4,OLD_SYSTEM_REF
2025-12-02,OUT_098,C_7306,BOS,Flexible,LM,dosa,1735,260.25,OLD_SYSTEM_REF
2025-12-02,OUT_099,C_8690,PSP,Flexible,UM,N/A,855,128.25,OLD_SYSTEM_REF
2025-12-03,OUT_005,C_1903,Visit Pack,Fixed,MM,N/A,1820,273.0,OLD_SYSTEM_REF
2025-12-03,OUT_034,C_3196,PSP,Flexible,MM,N/A,1624,243.6,OLD_SYSTEM_REF
2025-12-03,OUT_036,C_3532,BOS,Flexible,LM,dal makhani,991,148.65,OLD_SYSTEM_REF
2025-12-03,OUT_046,C_5480,PSP,Flexible,MM,N/A,1570,235.5,OLD_SYSTEM_REF
2025-12-03,OUT_050,C_7060,Visit Pack,Fixed,Lapsed,N/A,718,107.7,OLD_SYSTEM_REF
2025-12-03,OUT_068,C_9886,BOS,Flexible,Repeat,manchurian,1222,183.29999999999998,OLD_SYSTEM_REF
2025-12-03,OUT_069,C_3420,BOS,Flexible,MM,manchurian,1746,261.9,OLD_SYSTEM_REF
2025-12-03,OUT_070,C_4720,PSP,Flexible,MM,N/A,1304,195.6,OLD_SYSTEM_REF
2025-12-03,OUT_076,C_3813,Visit Pack,Fixed,Repeat,N/A,1831,274.65,OLD_SYSTEM_REF
2025-12-03,OUT_084,C_2454,Visit Pack,Fixed,Lapsed,N/A,1844,276.59999999999997,OLD_SYSTEM_REF
2025-12-03,OUT_093,C_4148,PSP,Flexible,UM,N/A,754,113.1,OLD_SYSTEM_REF
2025-12-03,OUT_095,C_6056,BOS,Flexible,Lapsed,burger,1818,272.7,OLD_SYSTEM_REF
2025-12-03,OUT_098,C_9262,BOS,Flexible,MM,dosa,531,79.64999999999999,OLD_SYSTEM_REF
2025-12-04,OUT_010,C_7410,Visit Pack,Fixed,UM,N/A,857,128.54999999999998,OLD_SYSTEM_REF
2025-12-04,OUT_012,C_1979,Visit Pack,Fixed,UM,N/A,1098,164.7,OLD_SYSTEM_REF
2025-12-04,OUT_013,C_4028,BOS,Flexible,Repeat,dal makhani,1658,248.7,OLD_SYSTEM_REF
2025-12-04,OUT_014,C_3183,Visit Pack,Fixed,Lapsed,N/A,883,132.45,OLD_SYSTEM_REF
2025-12-04,OUT_020,C_7002,PSP,Flexible,UM,N/A,521,78.14999999999999,OLD_SYSTEM_REF
2025-12-04,OUT_027,C_2781,PSP,Flexible,LM,N/A,1188,178.2,OLD_SYSTEM_REF
2025-12-04,OUT_028,C_9109,PSP,Flexible,MM,N/A,1791,268.65,OLD_SYSTEM_REF
2025-12-04,OUT_034,C_8086,PSP,Flexible,UM,N/A,1581,237.14999999999998,OLD_SYSTEM_REF
2025-12-04,OUT_038,C_8447,Visit Pack,Fixed,Repeat,N/A,1667,250.04999999999998,OLD_SYSTEM_REF
2025-12-04,OUT_043,C_9913,Visit Pack,Fixed,MM,N/A,1304,195.6,OLD_SYSTEM_REF
2025-12-04,OUT_049,C_7712,Visit Pack,Fixed,Repeat,N/A,1916,287.4,OLD_SYSTEM_REF
2025-12-04,OUT_051,C_5426,BOS,Flexible,LM,manchurian,1146,171.9,OLD_SYSTEM_REF
2025-12-04,OUT_052,C_8454,PSP,Flexible,LM,N/A,1833,274.95,OLD_SYSTEM_REF
2025-12-04,OUT_054,C_4112,PSP,Flexible,Lapsed,N/A,804,120.6,OLD_SYSTEM_REF
2025-12-04,OUT_062,C_4432,BOS,Flexible,Repeat,dal makhani,982,147.29999999999998,OLD_SYSTEM_REF
2025-12-04,OUT_066,C_8080,Visit Pack,Fixed,UM,N/A,1285,192.75,OLD_SYSTEM_REF
2025-12-04,OUT_075,C_3563,PSP,Flexible,MM,N/A,810,121.5,OLD_SYSTEM_REF
2025-12-04,OUT_079,C_3708,PSP,Flexible,LM,N/A,662,99.3,OLD_SYSTEM_REF
2025-12-04,OUT_084,C_4009,BOS,Flexible,Lapsed,dal makhani,1955,293.25,OLD_SYSTEM_REF
2025-12-04,OUT_085,C_6044,Visit Pack,Fixed,Repeat,N/A,1297,194.54999999999998,OLD_SYSTEM_REF
2025-12-04,OUT_087,C_9529,BOS,Flexible,Lapsed,manchurian,1320,198.0,OLD_SYSTEM_REF
2025-12-04,OUT_089,C_3850,PSP,Flexible,Lapsed,N/A,1606,240.89999999999998,OLD_SYSTEM_REF
2025-12-04,OUT_090,C_1716,Visit Pack,Fixed,Lapsed,N/A,988,148.2,OLD_SYSTEM_REF
2025-12-04,OUT_093,C_3914,PSP,Flexible,Repeat,N/A,1089,163.35,OLD_SYSTEM_REF
2025-12-05,OUT_013,C_2837,PSP,Flexible,Lapsed,N/A,1357,203.54999999999998,OLD_SYSTEM_REF
2025-12-05,OUT_016,C_2399,BOS,Flexible,LM,dosa,1359,203.85,OLD_SYSTEM_REF
2025-12-05,OUT_022,C_8825,BOS,Flexible,Lapsed,pizza,1721,258.15,OLD_SYSTEM_REF
2025-12-05,OUT_023,C_4903,Visit Pack,Fixed,Lapsed,N/A,1529,229.35,OLD_SYSTEM_REF
2025-12-05,OUT_027,C_2506,BOS,Flexible,UM,manchurian,990,148.5,OLD_SYSTEM_REF
2025-12-05,OUT_029,C_4423,BOS,Flexible,Lapsed,dosa,971,145.65,OLD_SYSTEM_REF
2025-12-05,OUT_030,C_2522,Visit Pack,Fixed,Lapsed,N/A,603,90.45,OLD_SYSTEM_REF
2025-12-05,OUT_031,C_4193,BOS,Flexible,Lapsed,manchurian,511,76.64999999999999,OLD_SYSTEM_REF
2025-12-05,OUT_035,C_7209,BOS,Flexible,Repeat,manchurian,1277,191.54999999999998,OLD_SYSTEM_REF
2025-12-05,OUT_047,C_7626,PSP,Flexible,Repeat,N/A,717,107.55,OLD_SYSTEM_REF
2025-12-05,OUT_050,C_9899,PSP,Flexible,UM,N/A,1489,223.35,OLD_SYSTEM_REF
2025-12-05,OUT_052,C_3463,Visit Pack,Fixed,MM,N/A,1821,273.15,OLD_SYSTEM_REF
2025-12-05,OUT_058,C_5188,PSP,Flexible,Lapsed,N/A,1397,209.54999999999998,OLD_SYSTEM_REF
2025-12-05,OUT_061,C_7358,BOS,Flexible,Repeat,dosa,632,94.8,OLD_SYSTEM_REF
2025-12-05,OUT_064,C_6921,Visit Pack,Fixed,Lapsed,N/A,1216,182.4,OLD_SYSTEM_REF
2025-12-05,OUT_067,C_8695,PSP,Flexible,LM,N/A,1302,195.29999999999998,OLD_SYSTEM_REF
2025-12-05,OUT_075,C_8738,BOS,Flexible,MM,pizza,908,136.2,OLD_SYSTEM_REF
2025-12-05,OUT_077,C_2020,PSP,Flexible,MM,N/A,682,102.3,OLD_SYSTEM_REF
2025-12-05,OUT_088,C_8030,PSP,Flexible,Repeat,N/A,1580,237.0,OLD_SYSTEM_REF
2025-12-05,OUT_092,C_2892,PSP,Flexible,MM,N/A,1921,288.15,OLD_SYSTEM_REF
2025-12-05,OUT_096,C_2805,PSP,Flexible,UM,N/A,1250,187.5,OLD_SYSTEM_REF
2025-12-06,OUT_018,C_4200,Visit Pack,Fixed,MM,N/A,829,124.35,OLD_SYSTEM_REF
2025-12-06,OUT_019,C_9021,PSP,Flexible,MM,N/A,1845,276.75,OLD_SYSTEM_REF
2025-12-06,OUT_021,C_5586,BOS,Flexible,UM,dosa,521,78.14999999999999,OLD_SYSTEM_REF
2025-12-06,OUT_022,C_9054,Visit Pack,Fixed,UM,N/A,1088,163.2,OLD_SYSTEM_REF
2025-12-06,OUT_023,C_9131,PSP,Flexible,UM,N/A,921,138.15,OLD_SYSTEM_REF
2025-12-06,OUT_025,C_5152,PSP,Flexible,Repeat,N/A,1128,169.2,OLD_SYSTEM_REF
2025-12-06,OUT_026,C_9808,Visit Pack,Fixed,MM,N/A,919,137.85,OLD_SYSTEM_REF
2025-12-06,OUT_028,C_3756,BOS,Flexible,Repeat,dal makhani,992,148.79999999999998,OLD_SYSTEM_REF
2025-12-06,OUT_029,C_6781,PSP,Flexible,Repeat,N/A,968,145.2,OLD_SYSTEM_REF
2025-12-06,OUT_040,C_4109,Visit Pack,Fixed,UM,N/A,1251,187.65,OLD_SYSTEM_REF
2025-12-06,OUT_046,C_1475,PSP,Flexible,Lapsed,N/A,1209,181.35,OLD_SYSTEM_REF
2025-12-06,OUT_051,C_5529,PSP,Flexible,MM,N/A,1108,166.2,OLD_SYSTEM_REF
2025-12-06,OUT_052,C_8292,Visit Pack,Fixed,Lapsed,N/A,1026,153.9,OLD_SYSTEM_REF
2025-12-06,OUT_053,C_4616,BOS,Flexible,MM,manchurian,1408,211.2,OLD_SYSTEM_REF
2025-12-06,OUT_060,C_7993,Visit Pack,Fixed,Lapsed,N/A,1352,202.79999999999998,OLD_SYSTEM_REF
2025-12-06,OUT_061,C_6740,Visit Pack,Fixed,LM,N/A,638,95.7,OLD_SYSTEM_REF
2025-12-06,OUT_064,C_1172,Visit Pack,Fixed,UM,N/A,1718,257.7,OLD_SYSTEM_REF
2025-12-06,OUT_065,C_6029,BOS,Flexible,LM,burger,1606,240.89999999999998,OLD_SYSTEM_REF
2025-12-06,OUT_066,C_6771,Visit Pack,Fixed,LM,N/A,834,125.1,OLD_SYSTEM_REF
2025-12-06,OUT_073,C_9935,BOS,Flexible,MM,pizza,1641,246.14999999999998,OLD_SYSTEM_REF
2025-12-06,OUT_074,C_4905,Visit Pack,Fixed,LM,N/A,1144,171.6,OLD_SYSTEM_REF
2025-12-06,OUT_084,C_2985,BOS,Flexible,MM,dal makhani,986,147.9,OLD_SYSTEM_REF
2025-12-06,OUT_085,C_6456,Visit Pack,Fixed,Lapsed,N/A,1611,241.64999999999998,OLD_SYSTEM_REF
2025-12-06,OUT_092,C_3932,BOS,Flexible,Repeat,pizza,853,127.94999999999999,OLD_SYSTEM_REF
2025-12-06,OUT_099,C_2854,BOS,Flexible,LM,manchurian,840,126.0,OLD_SYSTEM_REF
2025-12-07,OUT_001,C_1705,Visit Pack,Fixed,Lapsed,N/A,1535,230.25,OLD_SYSTEM_REF
2025-12-07,OUT_002,C_8466,PSP,Flexible,MM,N/A,521,78.14999999999999,OLD_SYSTEM_REF
2025-12-07,OUT_005,C_7643,PSP,Flexible,Repeat,N/A,1916,287.4,OLD_SYSTEM_REF
2025-12-07,OUT_011,C_6437,PSP,Flexible,MM,N/A,877,131.54999999999998,OLD_SYSTEM_REF
2025-12-07,OUT_014,C_7101,BOS,Flexible,MM,dal makhani,1705,255.75,OLD_SYSTEM_REF
2025-12-07,OUT_019,C_8927,PSP,Flexible,UM,N/A,1012,151.79999999999998,OLD_SYSTEM_REF
2025-12-07,OUT_031,C_9397,BOS,Flexible,MM,manchurian,1239,185.85,OLD_SYSTEM_REF
2025-12-07,OUT_033,C_1622,PSP,Flexible,LM,N/A,809,121.35,OLD_SYSTEM_REF
2025-12-07,OUT_052,C_4061,Visit Pack,Fixed,UM,N/A,589,88.35,OLD_SYSTEM_REF
2025-12-07,OUT_058,C_1006,PSP,Flexible,MM,N/A,1940,291.0,OLD_SYSTEM_REF
2025-12-07,OUT_062,C_2390,PSP,Flexible,Lapsed,N/A,1368,205.2,OLD_SYSTEM_REF
2025-12-07,OUT_074,C_1529,BOS,Flexible,LM,dosa,908,136.2,OLD_SYSTEM_REF
2025-12-07,OUT_075,C_4071,Visit Pack,Fixed,Repeat,N/A,540,81.0,OLD_SYSTEM_REF
2025-12-07,OUT_090,C_6267,Visit Pack,Fixed,UM,N/A,1978,296.7,OLD_SYSTEM_REF
2025-12-07,OUT_097,C_4682,BOS,Flexible,MM,burger,1167,175.04999999999998,OLD_SYSTEM_REF
2025-12-07,OUT_098,C_7031,PSP,Flexible,Repeat,N/A,1667,250.04999999999998,OLD_SYSTEM_REF
2025-12-07,OUT_099,C_5845,Visit Pack,Fixed,UM,N/A,1180,177.0,OLD_SYSTEM_REF
2025-12-08,OUT_007,C_8562,PSP,Flexible,Lapsed,N/A,1001,150.15,OLD_SYSTEM_REF
2025-12-08,OUT_012,C_2602,PSP,Flexible,UM,N/A,1211,181.65,OLD_SYSTEM_REF
2025-12-08,OUT_013,C_4052,PSP,Flexible,MM,N/A,787,118.05,OLD_SYSTEM_REF
2025-12-08,OUT_014,C_2136,BOS,Flexible,Lapsed,dal makhani,1957,293.55,OLD_SYSTEM_REF
2025-12-08,OUT_018,C_1987,PSP,Flexible,MM,N/A,1477,221.54999999999998,OLD_SYSTEM_REF
2025-12-08,OUT_021,C_8422,Visit Pack,Fixed,Lapsed,N/A,522,78.3,OLD_SYSTEM_REF
2025-12-08,OUT_023,C_9039,PSP,Flexible,MM,N/A,809,121.35,OLD_SYSTEM_REF
2025-12-08,OUT_030,C_8368,PSP,Flexible,UM,N/A,1791,268.65,OLD_SYSTEM_REF
2025-12-08,OUT_031,C_5367,PSP,Flexible,LM,N/A,1154,173.1,OLD_SYSTEM_REF
2025-12-08,OUT_035,C_8761,Visit Pack,Fixed,LM,N/A,520,78.0,OLD_SYSTEM_REF
2025-12-08,OUT_036,C_3390,BOS,Flexible,MM,dal makhani,1610,241.5,OLD_SYSTEM_REF
2025-12-08,OUT_037,C_5063,PSP,Flexible,UM,N/A,1331,199.65,OLD_SYSTEM_REF
2025-12-08,OUT_041,C_9408,Visit Pack,Fixed,UM,N/A,1397,209.54999999999998,OLD_SYSTEM_REF
2025-12-08,OUT_043,C_1820,Visit Pack,Fixed,LM,N/A,1304,195.6,OLD_SYSTEM_REF
2025-12-08,OUT_044,C_6249,Visit Pack,Fixed,MM,N/A,744,111.6,OLD_SYSTEM_REF
2025-12-08,OUT_046,C_1146,BOS,Flexible,LM,pizza,1659,248.85,OLD_SYSTEM_REF
2025-12-08,OUT_073,C_3965,Visit Pack,Fixed,Lapsed,N/A,1940,291.0,OLD_SYSTEM_REF
2025-12-08,OUT_077,C_2753,BOS,Flexible,UM,dosa,1683,252.45,OLD_SYSTEM_REF
2025-12-08,OUT_086,C_9869,BOS,Flexible,Lapsed,dal makhani,1643,246.45,OLD_SYSTEM_REF
2025-12-08,OUT_087,C_3539,PSP,Flexible,Repeat,N/A,909,136.35,OLD_SYSTEM_REF
2025-12-08,OUT_092,C_4572,PSP,Flexible,LM,N/A,1043,156.45,OLD_SYSTEM_REF
2025-12-09,OUT_005,C_3774,PSP,Flexible,LM,N/A,1005,150.75,OLD_SYSTEM_REF
2025-12-09,OUT_014,C_7121,Visit Pack,Fixed,LM,N/A,772,115.8,OLD_SYSTEM_REF
2025-12-09,OUT_022,C_9980,PSP,Flexible,Repeat,N/A,1278,191.7,OLD_SYSTEM_REF
2025-12-09,OUT_025,C_6617,Visit Pack,Fixed,Repeat,N/A,893,133.95,OLD_SYSTEM_REF
2025-12-09,OUT_027,C_9218,PSP,Flexible,MM,N/A,597,89.55,OLD_SYSTEM_REF
2025-12-09,OUT_040,C_3689,Visit Pack,Fixed,Lapsed,N/A,1868,280.2,OLD_SYSTEM_REF
2025-12-09,OUT_045,C_9186,Visit Pack,Fixed,UM,N/A,1609,241.35,OLD_SYSTEM_REF
2025-12-09,OUT_050,C_6163,BOS,Flexible,Lapsed,pizza,1635,245.25,OLD_SYSTEM_REF
2025-12-09,OUT_053,C_4375,PSP,Flexible,LM,N/A,525,78.75,OLD_SYSTEM_REF
2025-12-09,OUT_057,C_6070,PSP,Flexible,MM,N/A,876,131.4,OLD_SYSTEM_REF
2025-12-09,OUT_067,C_3464,Visit Pack,Fixed,Lapsed,N/A,1365,204.75,OLD_SYSTEM_REF
2025-12-09,OUT_068,C_2803,Visit Pack,Fixed,Lapsed,N/A,1504,225.6,OLD_SYSTEM_REF
2025-12-09,OUT_076,C_4173,PSP,Flexible,LM,N/A,1043,156.45,OLD_SYSTEM_REF
2025-12-09,OUT_081,C_9797,BOS,Flexible,Lapsed,pizza,1992,298.8,OLD_SYSTEM_REF
2025-12-09,OUT_082,C_8375,Visit Pack,Fixed,Repeat,N/A,1881,282.15,OLD_SYSTEM_REF
2025-12-09,OUT_083,C_5626,PSP,Flexible,LM,N/A,1228,184.2,OLD_SYSTEM_REF
2025-12-09,OUT_087,C_5233,PSP,Flexible,MM,N/A,1126,168.9,OLD_SYSTEM_REF
2025-12-09,OUT_089,C_3724,Visit Pack,Fixed,Lapsed,N/A,779,116.85,OLD_SYSTEM_REF
2025-12-09,OUT_093,C_3206,BOS,Flexible,Lapsed,manchurian,1610,241.5,OLD_SYSTEM_REF
2025-12-09,OUT_095,C_9661,PSP,Flexible,LM,N/A,1926,288.9,OLD_SYSTEM_REF
2025-12-10,OUT_001,C_2720,PSP,Flexible,Lapsed,N/A,1129,169.35,OLD_SYSTEM_REF
2025-12-10,OUT_015,C_9172,PSP,Flexible,Repeat,N/A,1881,282.15,OLD_SYSTEM_REF
2025-12-10,OUT_016,C_5246,PSP,Flexible,Lapsed,N/A,1039,155.85,OLD_SYSTEM_REF
2025-12-10,OUT_020,C_2916,BOS,Flexible,Repeat,pizza,1284,192.6,OLD_SYSTEM_REF
2025-12-10,OUT_023,C_8180,BOS,Flexible,Repeat,burger,1196,179.4,OLD_SYSTEM_REF
2025-12-10,OUT_029,C_6878,BOS,Flexible,Repeat,dosa,947,142.04999999999998,OLD_SYSTEM_REF
2025-12-10,OUT_031,C_3425,PSP,Flexible,MM,N/A,727,109.05,OLD_SYSTEM_REF
2025-12-10,OUT_045,C_9762,BOS,Flexible,Repeat,burger,767,115.05,OLD_SYSTEM_REF
2025-12-10,OUT_052,C_2031,BOS,Flexible,LM,pizza,1336,200.4,OLD_SYSTEM_REF
2025-12-10,OUT_055,C_1006,Visit Pack,Fixed,Lapsed,N/A,1485,222.75,OLD_SYSTEM_REF
2025-12-10,OUT_068,C_8058,Visit Pack,Fixed,Lapsed,N/A,1209,181.35,OLD_SYSTEM_REF
2025-12-10,OUT_075,C_6474,Visit Pack,Fixed,MM,N/A,956,143.4,OLD_SYSTEM_REF
2025-12-10,OUT_078,C_8200,PSP,Flexible,UM,N/A,943,141.45,OLD_SYSTEM_REF
2025-12-10,OUT_079,C_8885,BOS,Flexible,Repeat,burger,1472,220.79999999999998,OLD_SYSTEM_REF
2025-12-10,OUT_080,C_4314,PSP,Flexible,Lapsed,N/A,1246,186.9,OLD_SYSTEM_REF
2025-12-10,OUT_089,C_3959,Visit Pack,Fixed,MM,N/A,1090,163.5,OLD_SYSTEM_REF
2025-12-10,OUT_091,C_7462,BOS,Flexible,Lapsed,dosa,1298,194.7,OLD_SYSTEM_REF
2025-12-10,OUT_094,C_6957,BOS,Flexible,UM,dosa,1217,182.54999999999998,OLD_SYSTEM_REF
2025-12-10,OUT_097,C_6991,PSP,Flexible,Lapsed,N/A,1926,288.9,OLD_SYSTEM_REF
2025-12-10,OUT_099,C_5885,Visit Pack,Fixed,Repeat,N/A,1888,283.2,OLD_SYSTEM_REF
2025-12-10,OUT_100,C_2621,BOS,Flexible,UM,dosa,1517,227.54999999999998,OLD_SYSTEM_REF
2025-12-11,OUT_012,C_5090,PSP,Flexible,Repeat,N/A,1208,181.2,OLD_SYSTEM_REF
2025-12-11,OUT_018,C_2949,Visit Pack,Fixed,LM,N/A,1181,177.15,OLD_SYSTEM_REF
2025-12-11,OUT_025,C_9117,BOS,Flexible,Repeat,burger,818,122.69999999999999,OLD_SYSTEM_REF
2025-12-11,OUT_026,C_6968,Visit Pack,Fixed,LM,N/A,1642,246.29999999999998,OLD_SYSTEM_REF
2025-12-11,OUT_027,C_6286,Visit Pack,Fixed,UM,N/A,1914,287.09999999999997,OLD_SYSTEM_REF
2025-12-11,OUT_037,C_9846,Visit Pack,Fixed,Repeat,N/A,776,116.39999999999999,OLD_SYSTEM_REF
2025-12-11,OUT_038,C_6316,PSP,Flexible,LM,N/A,1567,235.04999999999998,OLD_SYSTEM_REF
2025-12-11,OUT_039,C_2920,BOS,Flexible,MM,dal makhani,681,102.14999999999999,OLD_SYSTEM_REF
2025-12-11,OUT_040,C_5454,BOS,Flexible,UM,manchurian,1293,193.95,OLD_SYSTEM_REF
2025-12-11,OUT_045,C_1223,BOS,Flexible,Repeat,burger,916,137.4,OLD_SYSTEM_REF
2025-12-11,OUT_049,C_7594,Visit Pack,Fixed,UM,N/A,863,129.45,OLD_SYSTEM_REF
2025-12-11,OUT_053,C_6920,Visit Pack,Fixed,Lapsed,N/A,896,134.4,OLD_SYSTEM_REF
2025-12-11,OUT_062,C_9485,Visit Pack,Fixed,MM,N/A,1157,173.54999999999998,OLD_SYSTEM_REF
2025-12-11,OUT_066,C_5696,PSP,Flexible,Lapsed,N/A,1362,204.29999999999998,OLD_SYSTEM_REF
2025-12-11,OUT_082,C_1339,Visit Pack,Fixed,Repeat,N/A,1622,243.29999999999998,OLD_SYSTEM_REF
2025-12-11,OUT_086,C_6034,Visit Pack,Fixed,UM,N/A,650,97.5,OLD_SYSTEM_REF
2025-12-11,OUT_091,C_9082,Visit Pack,Fixed,Lapsed,N/A,749,112.35,OLD_SYSTEM_REF
2025-12-11,OUT_093,C_4904,Visit Pack,Fixed,LM,N/A,509,76.35,OLD_SYSTEM_REF
2025-12-11,OUT_094,C_1207,Visit Pack,Fixed,Repeat,N/A,1431,214.65,OLD_SYSTEM_REF
2025-12-11,OUT_097,C_9975,Visit Pack,Fixed,MM,N/A,1703,255.45,OLD_SYSTEM_REF
2025-12-12,OUT_004,C_9624,BOS,Flexible,MM,dosa,974,146.1,OLD_SYSTEM_REF
2025-12-12,OUT_016,C_3555,Visit Pack,Fixed,Lapsed,N/A,1869,280.34999999999997,OLD_SYSTEM_REF
2025-12-12,OUT_022,C_5476,Visit Pack,Fixed,Lapsed,N/A,1016,152.4,OLD_SYSTEM_REF
2025-12-12,OUT_023,C_6050,Visit Pack,Fixed,Repeat,N/A,1469,220.35,OLD_SYSTEM_REF
2025-12-12,OUT_025,C_7247,PSP,Flexible,Lapsed,N/A,1270,190.5,OLD_SYSTEM_REF
2025-12-12,OUT_026,C_5955,PSP,Flexible,UM,N/A,1101,165.15,OLD_SYSTEM_REF
2025-12-12,OUT_027,C_9973,PSP,Flexible,Lapsed,N/A,832,124.8,OLD_SYSTEM_REF
2025-12-12,OUT_028,C_1673,BOS,Flexible,UM,dal makhani,1126,168.9,OLD_SYSTEM_REF
2025-12-12,OUT_030,C_8932,Visit Pack,Fixed,Lapsed,N/A,1986,297.9,OLD_SYSTEM_REF
2025-12-12,OUT_033,C_7983,Visit Pack,Fixed,Repeat,N/A,1275,191.25,OLD_SYSTEM_REF
2025-12-12,OUT_035,C_8862,PSP,Flexible,UM,N/A,1907,286.05,OLD_SYSTEM_REF
2025-12-12,OUT_038,C_2387,PSP,Flexible,MM,N/A,1233,184.95,OLD_SYSTEM_REF
2025-12-12,OUT_040,C_6603,PSP,Flexible,MM,N/A,1577,236.54999999999998,OLD_SYSTEM_REF
2025-12-12,OUT_042,C_5956,BOS,Flexible,MM,pizza,1850,277.5,OLD_SYSTEM_REF
2025-12-12,OUT_046,C_3737,Visit Pack,Fixed,UM,N/A,929,139.35,OLD_SYSTEM_REF
2025-12-12,OUT_051,C_8548,PSP,Flexible,Lapsed,N/A,659,98.85,OLD_SYSTEM_REF
2025-12-12,OUT_052,C_5442,PSP,Flexible,UM,N/A,1921,288.15,OLD_SYSTEM_REF
2025-12-12,OUT_053,C_5375,PSP,Flexible,MM,N/A,595,89.25,OLD_SYSTEM_REF
2025-12-12,OUT_057,C_4864,BOS,Flexible,MM,dal makhani,516,77.39999999999999,OLD_SYSTEM_REF
2025-12-12,OUT_063,C_7328,BOS,Flexible,UM,burger,1047,157.04999999999998,OLD_SYSTEM_REF
2025-12-12,OUT_068,C_2418,Visit Pack,Fixed,LM,N/A,1821,273.15,OLD_SYSTEM_REF
2025-12-12,OUT_072,C_6864,BOS,Flexible,MM,dal makhani,661,99.14999999999999,OLD_SYSTEM_REF
2025-12-12,OUT_075,C_7428,Visit Pack,Fixed,Repeat,N/A,682,102.3,OLD_SYSTEM_REF
2025-12-12,OUT_092,C_6473,BOS,Flexible,LM,pizza,945,141.75,OLD_SYSTEM_REF
2025-12-12,OUT_093,C_8648,BOS,Flexible,Repeat,manchurian,1161,174.15,OLD_SYSTEM_REF
2025-12-12,OUT_094,C_5476,Visit Pack,Fixed,Lapsed,N/A,942,141.29999999999998,OLD_SYSTEM_REF
2025-12-13,OUT_003,C_7824,PSP,Flexible,LM,N/A,1236,185.4,OLD_SYSTEM_REF
2025-12-13,OUT_008,C_6887,Visit Pack,Fixed,MM,N/A,1646,246.89999999999998,OLD_SYSTEM_REF
2025-12-13,OUT_016,C_1845,Visit Pack,Fixed,Lapsed,N/A,874,131.1,OLD_SYSTEM_REF
2025-12-13,OUT_020,C_9359,PSP,Flexible,UM,N/A,1673,250.95,OLD_SYSTEM_REF
2025-12-13,OUT_023,C_9500,PSP,Flexible,Lapsed,N/A,754,113.1,OLD_SYSTEM_REF
2025-12-13,OUT_031,C_1751,BOS,Flexible,UM,manchurian,1555,233.25,OLD_SYSTEM_REF
2025-12-13,OUT_037,C_2415,PSP,Flexible,UM,N/A,1240,186.0,OLD_SYSTEM_REF
2025-12-13,OUT_042,C_2299,BOS,Flexible,MM,pizza,607,91.05,OLD_SYSTEM_REF
2025-12-13,OUT_048,C_2125,PSP,Flexible,Repeat,N/A,571,85.64999999999999,OLD_SYSTEM_REF
2025-12-13,OUT_058,C_2038,Visit Pack,Fixed,UM,N/A,1044,156.6,OLD_SYSTEM_REF
2025-12-13,OUT_062,C_2034,BOS,Flexible,LM,dal makhani,1428,214.2,OLD_SYSTEM_REF
2025-12-13,OUT_067,C_6144,PSP,Flexible,Lapsed,N/A,1078,161.7,OLD_SYSTEM_REF
2025-12-13,OUT_068,C_9405,PSP,Flexible,Repeat,N/A,1033,154.95,OLD_SYSTEM_REF
2025-12-13,OUT_080,C_9546,Visit Pack,Fixed,Repeat,N/A,1178,176.7,OLD_SYSTEM_REF
2025-12-13,OUT_089,C_8265,BOS,Flexible,LM,manchurian,1752,262.8,OLD_SYSTEM_REF
2025-12-13,OUT_100,C_1127,Visit Pack,Fixed,MM,N/A,673,100.95,OLD_SYSTEM_REF
2025-12-14,OUT_005,C_1988,PSP,Flexible,MM,N/A,1197,179.54999999999998,OLD_SYSTEM_REF
2025-12-14,OUT_011,C_8686,BOS,Flexible,Repeat,burger,750,112.5,OLD_SYSTEM_REF
2025-12-14,OUT_012,C_5304,Visit Pack,Fixed,Repeat,N/A,669,100.35,OLD_SYSTEM_REF
2025-12-14,OUT_017,C_5466,Visit Pack,Fixed,Lapsed,N/A,1627,244.04999999999998,OLD_SYSTEM_REF
2025-12-14,OUT_019,C_8312,PSP,Flexible,Lapsed,N/A,1902,285.3,OLD_SYSTEM_REF
2025-12-14,OUT_021,C_6460,PSP,Flexible,Repeat,N/A,1247,187.04999999999998,OLD_SYSTEM_REF
2025-12-14,OUT_023,C_1917,PSP,Flexible,Repeat,N/A,901,135.15,OLD_SYSTEM_REF
2025-12-14,OUT_047,C_5355,PSP,Flexible,MM,N/A,1190,178.5,OLD_SYSTEM_REF
2025-12-14,OUT_048,C_8289,BOS,Flexible,UM,burger,501,75.14999999999999,OLD_SYSTEM_REF
2025-12-14,OUT_052,C_5139,Visit Pack,Fixed,UM,N/A,1490,223.5,OLD_SYSTEM_REF
2025-12-14,OUT_059,C_5140,PSP,Flexible,UM,N/A,1054,158.1,OLD_SYSTEM_REF
2025-12-14,OUT_062,C_7966,BOS,Flexible,Repeat,dal makhani,1252,187.79999999999998,OLD_SYSTEM_REF
2025-12-14,OUT_064,C_4206,Visit Pack,Fixed,UM,N/A,1371,205.65,OLD_SYSTEM_REF
2025-12-14,OUT_065,C_7016,PSP,Flexible,Lapsed,N/A,1869,280.34999999999997,OLD_SYSTEM_REF
2025-12-14,OUT_073,C_2514,BOS,Flexible,MM,pizza,1868,280.2,OLD_SYSTEM_REF
2025-12-14,OUT_077,C_5335,PSP,Flexible,Lapsed,N/A,1736,260.4,OLD_SYSTEM_REF
2025-12-14,OUT_085,C_2866,BOS,Flexible,MM,dosa,698,104.7,OLD_SYSTEM_REF
2025-12-14,OUT_089,C_2288,PSP,Flexible,Repeat,N/A,1376,206.4,OLD_SYSTEM_REF
2025-12-15,OUT_005,C_9740,BOS,Flexible,Repeat,dosa,1718,257.7,OLD_SYSTEM_REF
2025-12-15,OUT_010,C_6795,Visit Pack,Fixed,MM,N/A,1299,194.85,OLD_SYSTEM_REF
2025-12-15,OUT_016,C_2001,BOS,Flexible,UM,dosa,1063,159.45,OLD_SYSTEM_REF
2025-12-15,OUT_017,C_8093,BOS,Flexible,MM,pizza,1777,266.55,OLD_SYSTEM_REF
2025-12-15,OUT_018,C_1519,Visit Pack,Fixed,Lapsed,N/A,1416,212.4,OLD_SYSTEM_REF
2025-12-15,OUT_030,C_4432,Visit Pack,Fixed,Lapsed,N/A,1846,276.9,OLD_SYSTEM_REF
2025-12-15,OUT_031,C_2559,PSP,Flexible,Lapsed,N/A,1857,278.55,OLD_SYSTEM_REF
2025-12-15,OUT_035,C_3954,BOS,Flexible,LM,manchurian,544,81.6,OLD_SYSTEM_REF
2025-12-15,OUT_040,C_9729,PSP,Flexible,MM,N/A,1932,289.8,OLD_SYSTEM_REF
2025-12-15,OUT_041,C_8563,PSP,Flexible,UM,N/A,1623,243.45,OLD_SYSTEM_REF
2025-12-15,OUT_055,C_7709,BOS,Flexible,Lapsed,dosa,1542,231.29999999999998,OLD_SYSTEM_REF
2025-12-15,OUT_057,C_4584,Visit Pack,Fixed,Lapsed,N/A,839,125.85,OLD_SYSTEM_REF
2025-12-15,OUT_070,C_2639,PSP,Flexible,MM,N/A,1129,169.35,OLD_SYSTEM_REF
2025-12-15,OUT_077,C_7261,PSP,Flexible,UM,N/A,1602,240.29999999999998,OLD_SYSTEM_REF
2025-12-15,OUT_079,C_5873,PSP,Flexible,MM,N/A,1118,167.7,OLD_SYSTEM_REF
2025-12-15,OUT_082,C_1546,Visit Pack,Fixed,Lapsed,N/A,1326,198.9,OLD_SYSTEM_REF
2025-12-15,OUT_083,C_2360,Visit Pack,Fixed,MM,N/A,1292,193.79999999999998,OLD_SYSTEM_REF
2025-12-15,OUT_086,C_1864,PSP,Flexible,Repeat,N/A,633,94.95,OLD_SYSTEM_REF
2025-12-15,OUT_088,C_7462,PSP,Flexible,Repeat,N/A,530,79.5,OLD_SYSTEM_REF
2025-12-15,OUT_090,C_2699,BOS,Flexible,Repeat,dal makhani,1547,232.04999999999998,OLD_SYSTEM_REF
2025-12-15,OUT_099,C_7859,BOS,Flexible,Repeat,manchurian,677,101.55,OLD_SYSTEM_REF
2025-12-16,OUT_009,C_1144,Visit Pack,Fixed,MM,N/A,1549,232.35,OLD_SYSTEM_REF
2025-12-16,OUT_011,C_6487,PSP,Flexible,LM,N/A,554,83.1,OLD_SYSTEM_REF
2025-12-16,OUT_014,C_3113,BOS,Flexible,Repeat,dal makhani,1785,267.75,OLD_SYSTEM_REF
2025-12-16,OUT_018,C_7831,PSP,Flexible,MM,N/A,1373,205.95,OLD_SYSTEM_REF
2025-12-16,OUT_022,C_4350,PSP,Flexible,LM,N/A,829,124.35,OLD_SYSTEM_REF
2025-12-16,OUT_030,C_8504,BOS,Flexible,LM,burger,1205,180.75,OLD_SYSTEM_REF
2025-12-16,OUT_037,C_7672,BOS,Flexible,LM,dal makhani,1342,201.29999999999998,OLD_SYSTEM_REF
2025-12-16,OUT_048,C_5866,PSP,Flexible,MM,N/A,663,99.45,OLD_SYSTEM_REF
2025-12-16,OUT_058,C_6176,Visit Pack,Fixed,Lapsed,N/A,1995,299.25,OLD_SYSTEM_REF
2025-12-16,OUT_061,C_1680,PSP,Flexible,Repeat,N/A,1551,232.64999999999998,OLD_SYSTEM_REF
2025-12-16,OUT_063,C_8519,BOS,Flexible,UM,burger,713,106.95,OLD_SYSTEM_REF
2025-12-16,OUT_065,C_8561,BOS,Flexible,MM,burger,1321,198.15,OLD_SYSTEM_REF
2025-12-16,OUT_069,C_9512,Visit Pack,Fixed,MM,N/A,1231,184.65,OLD_SYSTEM_REF
2025-12-16,OUT_070,C_7595,BOS,Flexible,LM,dosa,978,146.7,OLD_SYSTEM_REF
2025-12-16,OUT_072,C_9638,Visit Pack,Fixed,Lapsed,N/A,1099,164.85,OLD_SYSTEM_REF
2025-12-16,OUT_074,C_6909,BOS,Flexible,Repeat,dosa,795,119.25,OLD_SYSTEM_REF
2025-12-16,OUT_076,C_6676,Visit Pack,Fixed,Lapsed,N/A,1904,285.59999999999997,OLD_SYSTEM_REF
2025-12-16,OUT_077,C_4525,Visit Pack,Fixed,Lapsed,N/A,616,92.39999999999999,OLD_SYSTEM_REF
2025-12-16,OUT_087,C_7905,PSP,Flexible,LM,N/A,891,133.65,OLD_SYSTEM_REF
2025-12-16,OUT_090,C_3982,PSP,Flexible,UM,N/A,505,75.75,OLD_SYSTEM_REF
2025-12-16,OUT_093,C_9931,Visit Pack,Fixed,MM,N/A,1248,187.2,OLD_SYSTEM_REF
2025-12-16,OUT_097,C_9767,BOS,Flexible,Lapsed,burger,1985,297.75,OLD_SYSTEM_REF
2025-12-17,OUT_010,C_9781,PSP,Flexible,MM,N/A,1359,203.85,OLD_SYSTEM_REF
2025-12-17,OUT_016,C_5903,PSP,Flexible,MM,N/A,1320,198.0,OLD_SYSTEM_REF
2025-12-17,OUT_021,C_6735,BOS,Flexible,LM,dosa,778,116.69999999999999,OLD_SYSTEM_REF
2025-12-17,OUT_022,C_9354,PSP,Flexible,Lapsed,N/A,1136,170.4,OLD_SYSTEM_REF
2025-12-17,OUT_028,C_2663,BOS,Flexible,Lapsed,dal makhani,1868,280.2,OLD_SYSTEM_REF
2025-12-17,OUT_029,C_9656,BOS,Flexible,MM,dosa,1981,297.15,OLD_SYSTEM_REF
2025-12-17,OUT_031,C_7952,Visit Pack,Fixed,LM,N/A,906,135.9,OLD_SYSTEM_REF
2025-12-17,OUT_032,C_8843,BOS,Flexible,Lapsed,manchurian,1128,169.2,OLD_SYSTEM_REF
2025-12-17,OUT_034,C_8347,PSP,Flexible,MM,N/A,818,122.69999999999999,OLD_SYSTEM_REF
2025-12-17,OUT_035,C_8334,BOS,Flexible,Repeat,manchurian,1748,262.2,OLD_SYSTEM_REF
2025-12-17,OUT_038,C_2747,BOS,Flexible,MM,burger,1324,198.6,OLD_SYSTEM_REF
2025-12-17,OUT_039,C_6578,PSP,Flexible,LM,N/A,593,88.95,OLD_SYSTEM_REF
2025-12-17,OUT_040,C_4303,Visit Pack,Fixed,UM,N/A,1959,293.84999999999997,OLD_SYSTEM_REF
2025-12-17,OUT_045,C_4350,BOS,Flexible,Lapsed,burger,1222,183.29999999999998,OLD_SYSTEM_REF
2025-12-17,OUT_046,C_2964,BOS,Flexible,Repeat,pizza,1409,211.35,OLD_SYSTEM_REF
2025-12-17,OUT_049,C_4476,PSP,Flexible,MM,N/A,738,110.7,OLD_SYSTEM_REF
2025-12-17,OUT_054,C_6025,BOS,Flexible,UM,pizza,852,127.8,OLD_SYSTEM_REF
2025-12-17,OUT_066,C_4312,PSP,Flexible,LM,N/A,677,101.55,OLD_SYSTEM_REF
2025-12-17,OUT_068,C_3952,BOS,Flexible,Lapsed,manchurian,1848,277.2,OLD_SYSTEM_REF
2025-12-17,OUT_071,C_6698,Visit Pack,Fixed,UM,N/A,697,104.55,OLD_SYSTEM_REF
2025-12-17,OUT_072,C_6401,BOS,Flexible,LM,dal makhani,806,120.89999999999999,OLD_SYSTEM_REF
2025-12-17,OUT_079,C_6103,PSP,Flexible,Repeat,N/A,910,136.5,OLD_SYSTEM_REF
2025-12-17,OUT_083,C_2781,PSP,Flexible,LM,N/A,637,95.55,OLD_SYSTEM_REF
2025-12-17,OUT_090,C_4862,Visit Pack,Fixed,MM,N/A,880,132.0,OLD_SYSTEM_REF
2025-12-17,OUT_092,C_6471,Visit Pack,Fixed,UM,N/A,1096,164.4,OLD_SYSTEM_REF
2025-12-17,OUT_094,C_9365,PSP,Flexible,Repeat,N/A,657,98.55,OLD_SYSTEM_REF
2025-12-18,OUT_028,C_8210,Visit Pack,Fixed,LM,N/A,624,93.6,OLD_SYSTEM_REF
2025-12-18,OUT_032,C_5805,BOS,Flexible,LM,manchurian,1320,198.0,OLD_SYSTEM_REF
2025-12-18,OUT_048,C_3093,BOS,Flexible,Lapsed,burger,1800,270.0,OLD_SYSTEM_REF
2025-12-18,OUT_050,C_8629,BOS,Flexible,Lapsed,pizza,1967,295.05,OLD_SYSTEM_REF
2025-12-18,OUT_053,C_7075,BOS,Flexible,UM,manchurian,1805,270.75,OLD_SYSTEM_REF
2025-12-18,OUT_061,C_9113,Visit Pack,Fixed,LM,N/A,996,149.4,OLD_SYSTEM_REF
2025-12-18,OUT_063,C_2612,BOS,Flexible,LM,burger,1418,212.7,OLD_SYSTEM_REF
2025-12-18,OUT_067,C_7087,BOS,Flexible,Repeat,dosa,1660,249.0,OLD_SYSTEM_REF
2025-12-18,OUT_081,C_7206,PSP,Flexible,MM,N/A,1697,254.54999999999998,OLD_SYSTEM_REF
2025-12-18,OUT_085,C_8997,BOS,Flexible,LM,dosa,1808,271.2,OLD_SYSTEM_REF
2025-12-18,OUT_092,C_5882,BOS,Flexible,Lapsed,pizza,679,101.85,OLD_SYSTEM_REF
2025-12-18,OUT_099,C_1207,BOS,Flexible,LM,manchurian,1981,297.15,OLD_SYSTEM_REF
2025-12-19,OUT_001,C_8779,PSP,Flexible,MM,N/A,1927,289.05,OLD_SYSTEM_REF
2025-12-19,OUT_002,C_7330,PSP,Flexible,MM,N/A,1342,201.29999999999998,OLD_SYSTEM_REF
2025-12-19,OUT_008,C_1675,PSP,Flexible,UM,N/A,766,114.89999999999999,OLD_SYSTEM_REF
2025-12-19,OUT_012,C_8095,BOS,Flexible,LM,dal makhani,1402,210.29999999999998,OLD_SYSTEM_REF
2025-12-19,OUT_013,C_5402,PSP,Flexible,UM,N/A,1755,263.25,OLD_SYSTEM_REF
2025-12-19,OUT_016,C_7532,Visit Pack,Fixed,LM,N/A,1086,162.9,OLD_SYSTEM_REF
2025-12-19,OUT_024,C_4411,BOS,Flexible,Lapsed,dosa,1986,297.9,OLD_SYSTEM_REF
2025-12-19,OUT_033,C_7221,PSP,Flexible,LM,N/A,1968,295.2,OLD_SYSTEM_REF
2025-12-19,OUT_055,C_9282,Visit Pack,Fixed,MM,N/A,591,88.64999999999999,OLD_SYSTEM_REF
2025-12-19,OUT_061,C_9237,PSP,Flexible,Repeat,N/A,509,76.35,OLD_SYSTEM_REF
2025-12-19,OUT_065,C_3253,BOS,Flexible,MM,burger,1875,281.25,OLD_SYSTEM_REF
2025-12-19,OUT_066,C_5343,BOS,Flexible,LM,manchurian,1525,228.75,OLD_SYSTEM_REF
2025-12-19,OUT_071,C_2817,PSP,Flexible,Repeat,N/A,1796,269.4,OLD_SYSTEM_REF
2025-12-19,OUT_078,C_2455,PSP,Flexible,MM,N/A,1072,160.79999999999998,OLD_SYSTEM_REF
2025-12-19,OUT_085,C_8726,BOS,Flexible,LM,dosa,1938,290.7,OLD_SYSTEM_REF
2025-12-19,OUT_089,C_2592,PSP,Flexible,UM,N/A,1960,294.0,OLD_SYSTEM_REF
2025-12-19,OUT_097,C_3082,BOS,Flexible,UM,burger,831,124.64999999999999,OLD_SYSTEM_REF
2025-12-20,OUT_002,C_2188,PSP,Flexible,Repeat,N/A,1689,253.35,OLD_SYSTEM_REF
2025-12-20,OUT_005,C_8030,BOS,Flexible,Lapsed,dosa,881,132.15,OLD_SYSTEM_REF
2025-12-20,OUT_008,C_3701,PSP,Flexible,UM,N/A,1421,213.15,OLD_SYSTEM_REF
2025-12-20,OUT_018,C_7854,PSP,Flexible,Repeat,N/A,1062,159.29999999999998,OLD_SYSTEM_REF
2025-12-20,OUT_023,C_9802,PSP,Flexible,Lapsed,N/A,941,141.15,OLD_SYSTEM_REF
2025-12-20,OUT_025,C_9248,Visit Pack,Fixed,LM,N/A,1053,157.95,OLD_SYSTEM_REF
2025-12-20,OUT_030,C_7187,BOS,Flexible,Lapsed,burger,1414,212.1,OLD_SYSTEM_REF
2025-12-20,OUT_033,C_3732,Visit Pack,Fixed,UM,N/A,1877,281.55,OLD_SYSTEM_REF
2025-12-20,OUT_034,C_6917,BOS,Flexible,LM,dosa,520,78.0,OLD_SYSTEM_REF
2025-12-20,OUT_035,C_3715,BOS,Flexible,Lapsed,manchurian,1583,237.45,OLD_SYSTEM_REF
2025-12-20,OUT_037,C_4502,PSP,Flexible,Repeat,N/A,1659,248.85,OLD_SYSTEM_REF
2025-12-20,OUT_038,C_4644,PSP,Flexible,Lapsed,N/A,819,122.85,OLD_SYSTEM_REF
2025-12-20,OUT_055,C_5028,PSP,Flexible,Lapsed,N/A,1204,180.6,OLD_SYSTEM_REF
2025-12-20,OUT_056,C_3912,BOS,Flexible,MM,dal makhani,997,149.54999999999998,OLD_SYSTEM_REF
2025-12-20,OUT_057,C_9787,PSP,Flexible,UM,N/A,1679,251.85,OLD_SYSTEM_REF
2025-12-20,OUT_063,C_8240,PSP,Flexible,Repeat,N/A,1206,180.9,OLD_SYSTEM_REF
2025-12-20,OUT_069,C_6511,Visit Pack,Fixed,Repeat,N/A,1706,255.89999999999998,OLD_SYSTEM_REF
2025-12-20,OUT_071,C_5473,PSP,Flexible,Repeat,N/A,1123,168.45,OLD_SYSTEM_REF
2025-12-20,OUT_076,C_7767,PSP,Flexible,MM,N/A,1435,215.25,OLD_SYSTEM_REF
2025-12-20,OUT_082,C_3397,PSP,Flexible,Lapsed,N/A,1216,182.4,OLD_SYSTEM_REF
2025-12-20,OUT_090,C_1052,Visit Pack,Fixed,Lapsed,N/A,1703,255.45,OLD_SYSTEM_REF
2025-12-20,OUT_092,C_7502,BOS,Flexible,Lapsed,pizza,648,97.2,OLD_SYSTEM_REF
2025-12-20,OUT_093,C_6721,Visit Pack,Fixed,Repeat,N/A,1091,163.65,OLD_SYSTEM_REF
2025-12-20,OUT_098,C_4740,PSP,Flexible,LM,N/A,516,77.39999999999999,OLD_SYSTEM_REF
2025-12-20,OUT_100,C_2869,PSP,Flexible,UM,N/A,1307,196.04999999999998,OLD_SYSTEM_REF
2025-12-21,OUT_003,C_8286,PSP,Flexible,Repeat,N/A,1920,288.0,OLD_SYSTEM_REF
2025-12-21,OUT_004,C_1080,PSP,Flexible,UM,N/A,633,94.95,OLD_SYSTEM_REF
2025-12-21,OUT_015,C_6989,PSP,Flexible,UM,N/A,826,123.89999999999999,OLD_SYSTEM_REF
2025-12-21,OUT_027,C_8160,BOS,Flexible,Repeat,manchurian,1483,222.45,OLD_SYSTEM_REF
2025-12-21,OUT_033,C_2142,BOS,Flexible,Lapsed,dosa,1759,263.84999999999997,OLD_SYSTEM_REF
2025-12-21,OUT_034,C_5578,PSP,Flexible,LM,N/A,1563,234.45,OLD_SYSTEM_REF
2025-12-21,OUT_041,C_1500,BOS,Flexible,LM,manchurian,1054,158.1,OLD_SYSTEM_REF
2025-12-21,OUT_052,C_2419,Visit Pack,Fixed,Repeat,N/A,1964,294.59999999999997,OLD_SYSTEM_REF
2025-12-21,OUT_060,C_6950,PSP,Flexible,Lapsed,N/A,1328,199.2,OLD_SYSTEM_REF
2025-12-21,OUT_062,C_4371,Visit Pack,Fixed,Repeat,N/A,533,79.95,OLD_SYSTEM_REF
2025-12-21,OUT_072,C_4776,BOS,Flexible,MM,dal makhani,1877,281.55,OLD_SYSTEM_REF
2025-12-21,OUT_074,C_7130,BOS,Flexible,UM,dosa,989,148.35,OLD_SYSTEM_REF
2025-12-21,OUT_077,C_6389,PSP,Flexible,LM,N/A,1672,250.79999999999998,OLD_SYSTEM_REF
2025-12-21,OUT_079,C_7579,BOS,Flexible,LM,burger,681,102.14999999999999,OLD_SYSTEM_REF
2025-12-21,OUT_081,C_3922,PSP,Flexible,UM,N/A,1301,195.15,OLD_SYSTEM_REF
2025-12-21,OUT_085,C_8304,Visit Pack,Fixed,UM,N/A,616,92.39999999999999,OLD_SYSTEM_REF
2025-12-21,OUT_086,C_2539,Visit Pack,Fixed,Lapsed,N/A,1441,216.15,OLD_SYSTEM_REF
2025-12-21,OUT_095,C_1393,BOS,Flexible,Lapsed,burger,1319,197.85,OLD_SYSTEM_REF
2025-12-21,OUT_096,C_7699,BOS,Flexible,MM,burger,1751,262.65,OLD_SYSTEM_REF
2025-12-21,OUT_098,C_7705,Visit Pack,Fixed,MM,N/A,954,143.1,OLD_SYSTEM_REF
2025-12-22,OUT_005,C_9138,BOS,Flexible,LM,dosa,1857,278.55,OLD_SYSTEM_REF
2025-12-22,OUT_012,C_9216,BOS,Flexible,Repeat,dal makhani,1620,243.0,OLD_SYSTEM_REF
2025-12-22,OUT_013,C_4481,PSP,Flexible,Repeat,N/A,1985,297.75,OLD_SYSTEM_REF
2025-12-22,OUT_025,C_8303,PSP,Flexible,LM,N/A,831,124.64999999999999,OLD_SYSTEM_REF
2025-12-22,OUT_031,C_5339,BOS,Flexible,LM,manchurian,1886,282.9,OLD_SYSTEM_REF
2025-12-22,OUT_039,C_2101,PSP,Flexible,Repeat,N/A,1953,292.95,OLD_SYSTEM_REF
2025-12-22,OUT_047,C_2040,Visit Pack,Fixed,LM,N/A,940,141.0,OLD_SYSTEM_REF
2025-12-22,OUT_048,C_4055,BOS,Flexible,LM,burger,843,126.44999999999999,OLD_SYSTEM_REF
2025-12-22,OUT_052,C_3303,BOS,Flexible,LM,pizza,1751,262.65,OLD_SYSTEM_REF
2025-12-22,OUT_053,C_3749,PSP,Flexible,Lapsed,N/A,1787,268.05,OLD_SYSTEM_REF
2025-12-22,OUT_054,C_8458,PSP,Flexible,MM,N/A,938,140.7,OLD_SYSTEM_REF
2025-12-22,OUT_063,C_9302,Visit Pack,Fixed,MM,N/A,1074,161.1,OLD_SYSTEM_REF
2025-12-22,OUT_067,C_8970,BOS,Flexible,MM,dosa,745,111.75,OLD_SYSTEM_REF
2025-12-22,OUT_082,C_6879,PSP,Flexible,MM,N/A,1578,236.7,OLD_SYSTEM_REF
2025-12-22,OUT_086,C_9005,PSP,Flexible,Repeat,N/A,1197,179.54999999999998,OLD_SYSTEM_REF
2025-12-22,OUT_092,C_4601,Visit Pack,Fixed,Lapsed,N/A,769,115.35,OLD_SYSTEM_REF
2025-12-22,OUT_094,C_1241,PSP,Flexible,UM,N/A,1851,277.65,OLD_SYSTEM_REF
2025-12-22,OUT_095,C_7352,PSP,Flexible,Lapsed,N/A,946,141.9,OLD_SYSTEM_REF
2025-12-23,OUT_001,C_5048,Visit Pack,Fixed,Repeat,N/A,718,107.7,OLD_SYSTEM_REF
2025-12-23,OUT_009,C_8422,BOS,Flexible,UM,dal makhani,1473,220.95,OLD_SYSTEM_REF
2025-12-23,OUT_017,C_8818,BOS,Flexible,MM,pizza,1759,263.84999999999997,OLD_SYSTEM_REF
2025-12-23,OUT_019,C_8635,Visit Pack,Fixed,Lapsed,N/A,1795,269.25,OLD_SYSTEM_REF
2025-12-23,OUT_021,C_2224,Visit Pack,Fixed,LM,N/A,994,149.1,OLD_SYSTEM_REF
2025-12-23,OUT_032,C_8697,BOS,Flexible,MM,manchurian,918,137.7,OLD_SYSTEM_REF
2025-12-23,OUT_037,C_6760,Visit Pack,Fixed,MM,N/A,1265,189.75,OLD_SYSTEM_REF
2025-12-23,OUT_039,C_4755,Visit Pack,Fixed,Lapsed,N/A,1289,193.35,OLD_SYSTEM_REF
2025-12-23,OUT_041,C_1021,BOS,Flexible,MM,manchurian,848,127.19999999999999,OLD_SYSTEM_REF
2025-12-23,OUT_051,C_8918,PSP,Flexible,Repeat,N/A,1128,169.2,OLD_SYSTEM_REF
2025-12-23,OUT_065,C_4997,PSP,Flexible,LM,N/A,1587,238.04999999999998,OLD_SYSTEM_REF
2025-12-23,OUT_066,C_5345,PSP,Flexible,LM,N/A,1336,200.4,OLD_SYSTEM_REF
2025-12-23,OUT_067,C_4732,Visit Pack,Fixed,Lapsed,N/A,935,140.25,OLD_SYSTEM_REF
2025-12-23,OUT_069,C_5077,PSP,Flexible,MM,N/A,514,77.1,OLD_SYSTEM_REF
2025-12-23,OUT_070,C_7132,BOS,Flexible,LM,dosa,867,130.04999999999998,OLD_SYSTEM_REF
2025-12-23,OUT_074,C_7960,BOS,Flexible,MM,dosa,1939,290.84999999999997,OLD_SYSTEM_REF
2025-12-23,OUT_085,C_6730,PSP,Flexible,Repeat,N/A,633,94.95,OLD_SYSTEM_REF
2025-12-23,OUT_091,C_5642,Visit Pack,Fixed,LM,N/A,1969,295.34999999999997,OLD_SYSTEM_REF
2025-12-23,OUT_092,C_2756,Visit Pack,Fixed,LM,N/A,702,105.3,OLD_SYSTEM_REF
2025-12-23,OUT_093,C_6203,Visit Pack,Fixed,LM,N/A,1877,281.55,OLD_SYSTEM_REF
2025-12-23,OUT_095,C_8816,Visit Pack,Fixed,MM,N/A,1691,253.64999999999998,OLD_SYSTEM_REF
2025-12-23,OUT_097,C_9539,BOS,Flexible,Repeat,burger,574,86.1,OLD_SYSTEM_REF
2025-12-24,OUT_002,C_3263,PSP,Flexible,Lapsed,N/A,1274,191.1,OLD_SYSTEM_REF
2025-12-24,OUT_006,C_5118,PSP,Flexible,Lapsed,N/A,1894,284.09999999999997,OLD_SYSTEM_REF
2025-12-24,OUT_008,C_7154,BOS,Flexible,Repeat,pizza,1179,176.85,OLD_SYSTEM_REF
2025-12-24,OUT_011,C_9872,BOS,Flexible,MM,burger,1507,226.04999999999998,OLD_SYSTEM_REF
2025-12-24,OUT_013,C_4025,PSP,Flexible,UM,N/A,1689,253.35,OLD_SYSTEM_REF
2025-12-24,OUT_015,C_9124,Visit Pack,Fixed,LM,N/A,504,75.6,OLD_SYSTEM_REF
2025-12-24,OUT_028,C_3961,Visit Pack,Fixed,UM,N/A,516,77.39999999999999,OLD_SYSTEM_REF
2025-12-24,OUT_032,C_4302,PSP,Flexible,Repeat,N/A,1047,157.04999999999998,OLD_SYSTEM_REF
2025-12-24,OUT_040,C_6440,Visit Pack,Fixed,LM,N/A,1519,227.85,OLD_SYSTEM_REF
2025-12-24,OUT_052,C_8990,BOS,Flexible,Lapsed,pizza,1676,251.39999999999998,OLD_SYSTEM_REF
2025-12-24,OUT_054,C_3074,BOS,Flexible,UM,pizza,1719,257.84999999999997,OLD_SYSTEM_REF
2025-12-24,OUT_056,C_6517,PSP,Flexible,UM,N/A,1693,253.95,OLD_SYSTEM_REF
2025-12-24,OUT_067,C_3643,PSP,Flexible,LM,N/A,545,81.75,OLD_SYSTEM_REF
2025-12-24,OUT_071,C_7563,BOS,Flexible,LM,manchurian,1013,151.95,OLD_SYSTEM_REF
2025-12-24,OUT_073,C_6982,BOS,Flexible,Repeat,pizza,703,105.45,OLD_SYSTEM_REF
2025-12-24,OUT_078,C_3301,Visit Pack,Fixed,Lapsed,N/A,1128,169.2,OLD_SYSTEM_REF
2025-12-24,OUT_079,C_5365,PSP,Flexible,MM,N/A,571,85.64999999999999,OLD_SYSTEM_REF
2025-12-24,OUT_084,C_3233,BOS,Flexible,MM,dal makhani,658,98.7,OLD_SYSTEM_REF
2025-12-24,OUT_089,C_3004,Visit Pack,Fixed,MM,N/A,531,79.64999999999999,OLD_SYSTEM_REF
2025-12-25,OUT_001,C_1704,BOS,Flexible,MM,dal makhani,1315,197.25,OLD_SYSTEM_REF
2025-12-25,OUT_006,C_9389,Visit Pack,Fixed,LM,N/A,1983,297.45,OLD_SYSTEM_REF
2025-12-25,OUT_010,C_9589,BOS,Flexible,UM,pizza,1738,260.7,OLD_SYSTEM_REF
2025-12-25,OUT_014,C_1483,Visit Pack,Fixed,Repeat,N/A,826,123.89999999999999,OLD_SYSTEM_REF
2025-12-25,OUT_021,C_8150,Visit Pack,Fixed,MM,N/A,1203,180.45,OLD_SYSTEM_REF
2025-12-25,OUT_023,C_2842,BOS,Flexible,Repeat,burger,1515,227.25,OLD_SYSTEM_REF
2025-12-25,OUT_031,C_9207,BOS,Flexible,MM,manchurian,1314,197.1,OLD_SYSTEM_REF
2025-12-25,OUT_036,C_2014,BOS,Flexible,Lapsed,dal makhani,1265,189.75,OLD_SYSTEM_REF
2025-12-25,OUT_051,C_1593,Visit Pack,Fixed,LM,N/A,1520,228.0,OLD_SYSTEM_REF
2025-12-25,OUT_052,C_6941,BOS,Flexible,Repeat,pizza,1530,229.5,OLD_SYSTEM_REF
2025-12-25,OUT_060,C_5146,PSP,Flexible,LM,N/A,1496,224.4,OLD_SYSTEM_REF
2025-12-25,OUT_062,C_1103,Visit Pack,Fixed,MM,N/A,558,83.7,OLD_SYSTEM_REF
2025-12-25,OUT_063,C_5697,BOS,Flexible,LM,burger,1546,231.89999999999998,OLD_SYSTEM_REF
2025-12-25,OUT_067,C_7578,PSP,Flexible,Repeat,N/A,624,93.6,OLD_SYSTEM_REF
2025-12-25,OUT_068,C_7706,Visit Pack,Fixed,Repeat,N/A,1283,192.45,OLD_SYSTEM_REF
2025-12-25,OUT_077,C_4495,PSP,Flexible,Lapsed,N/A,1867,280.05,OLD_SYSTEM_REF
2025-12-25,OUT_078,C_7399,BOS,Flexible,LM,burger,1487,223.04999999999998,OLD_SYSTEM_REF
2025-12-25,OUT_079,C_3071,BOS,Flexible,UM,burger,623,93.45,OLD_SYSTEM_REF
2025-12-25,OUT_098,C_8748,BOS,Flexible,Lapsed,dosa,1688,253.2,OLD_SYSTEM_REF
2025-12-26,OUT_002,C_2850,PSP,Flexible,Lapsed,N/A,1796,269.4,OLD_SYSTEM_REF
2025-12-26,OUT_008,C_1272,BOS,Flexible,LM,pizza,1587,238.04999999999998,OLD_SYSTEM_REF
2025-12-26,OUT_014,C_7052,Visit Pack,Fixed,UM,N/A,1000,150.0,OLD_SYSTEM_REF
2025-12-26,OUT_019,C_9841,PSP,Flexible,Lapsed,N/A,1568,235.2,OLD_SYSTEM_REF
2025-12-26,OUT_021,C_9642,Visit Pack,Fixed,Lapsed,N/A,1302,195.29999999999998,OLD_SYSTEM_REF
2025-12-26,OUT_026,C_8617,Visit Pack,Fixed,Lapsed,N/A,1426,213.9,OLD_SYSTEM_REF
2025-12-26,OUT_029,C_7444,Visit Pack,Fixed,MM,N/A,1947,292.05,OLD_SYSTEM_REF
2025-12-26,OUT_033,C_1287,PSP,Flexible,Lapsed,N/A,962,144.29999999999998,OLD_SYSTEM_REF
2025-12-26,OUT_055,C_7221,BOS,Flexible,MM,dosa,1473,220.95,OLD_SYSTEM_REF
2025-12-26,OUT_060,C_5140,Visit Pack,Fixed,Lapsed,N/A,1370,205.5,OLD_SYSTEM_REF
2025-12-26,OUT_067,C_6687,PSP,Flexible,UM,N/A,1753,262.95,OLD_SYSTEM_REF
2025-12-26,OUT_068,C_4213,BOS,Flexible,Lapsed,manchurian,1338,200.7,OLD_SYSTEM_REF
2025-12-26,OUT_074,C_9302,BOS,Flexible,Repeat,dosa,1273,190.95,OLD_SYSTEM_REF
2025-12-26,OUT_079,C_6732,Visit Pack,Fixed,UM,N/A,1827,274.05,OLD_SYSTEM_REF
2025-12-26,OUT_092,C_2734,PSP,Flexible,Lapsed,N/A,623,93.45,OLD_SYSTEM_REF
2025-12-26,OUT_095,C_9405,PSP,Flexible,LM,N/A,1091,163.65,OLD_SYSTEM_REF
2025-12-26,OUT_100,C_2737,BOS,Flexible,MM,dosa,1546,231.89999999999998,OLD_SYSTEM_REF
2025-12-27,OUT_003,C_7897,PSP,Flexible,MM,N/A,560,84.0,OLD_SYSTEM_REF
2025-12-27,OUT_004,C_3961,Visit Pack,Fixed,Lapsed,N/A,1466,219.9,OLD_SYSTEM_REF
2025-12-27,OUT_005,C_8656,BOS,Flexible,MM,dosa,1245,186.75,OLD_SYSTEM_REF
2025-12-27,OUT_009,C_8213,Visit Pack,Fixed,UM,N/A,1206,180.9,OLD_SYSTEM_REF
2025-12-27,OUT_026,C_7981,Visit Pack,Fixed,UM,N/A,1999,299.84999999999997,OLD_SYSTEM_REF
2025-12-27,OUT_035,C_8653,Visit Pack,Fixed,LM,N/A,888,133.2,OLD_SYSTEM_REF
2025-12-27,OUT_036,C_4651,Visit Pack,Fixed,UM,N/A,1223,183.45,OLD_SYSTEM_REF
2025-12-27,OUT_044,C_3090,PSP,Flexible,Lapsed,N/A,501,75.14999999999999,OLD_SYSTEM_REF
2025-12-27,OUT_045,C_5095,BOS,Flexible,MM,burger,930,139.5,OLD_SYSTEM_REF
2025-12-27,OUT_051,C_7723,Visit Pack,Fixed,UM,N/A,1450,217.5,OLD_SYSTEM_REF
2025-12-27,OUT_064,C_8214,Visit Pack,Fixed,Lapsed,N/A,788,118.19999999999999,OLD_SYSTEM_REF
2025-12-27,OUT_065,C_9249,Visit Pack,Fixed,MM,N/A,1200,180.0,OLD_SYSTEM_REF
2025-12-27,OUT_067,C_1615,PSP,Flexible,Lapsed,N/A,1354,203.1,OLD_SYSTEM_REF
2025-12-27,OUT_085,C_6652,PSP,Flexible,Lapsed,N/A,913,136.95,OLD_SYSTEM_REF
2025-12-27,OUT_090,C_9120,PSP,Flexible,LM,N/A,1817,272.55,OLD_SYSTEM_REF
2025-12-28,OUT_001,C_3626,Visit Pack,Fixed,LM,N/A,1302,195.29999999999998,OLD_SYSTEM_REF
2025-12-28,OUT_005,C_4614,BOS,Flexible,Repeat,dosa,1032,154.79999999999998,OLD_SYSTEM_REF
2025-12-28,OUT_008,C_1496,PSP,Flexible,MM,N/A,769,115.35,OLD_SYSTEM_REF
2025-12-28,OUT_032,C_6345,PSP,Flexible,UM,N/A,882,132.29999999999998,OLD_SYSTEM_REF
2025-12-28,OUT_033,C_2671,Visit Pack,Fixed,Lapsed,N/A,1689,253.35,OLD_SYSTEM_REF
2025-12-28,OUT_038,C_1318,PSP,Flexible,LM,N/A,1920,288.0,OLD_SYSTEM_REF
2025-12-28,OUT_043,C_8775,Visit Pack,Fixed,LM,N/A,1778,266.7,OLD_SYSTEM_REF
2025-12-28,OUT_045,C_5613,Visit Pack,Fixed,Repeat,N/A,605,90.75,OLD_SYSTEM_REF
2025-12-28,OUT_046,C_9156,Visit Pack,Fixed,LM,N/A,1720,258.0,OLD_SYSTEM_REF
2025-12-28,OUT_049,C_8807,PSP,Flexible,Repeat,N/A,734,110.1,OLD_SYSTEM_REF
2025-12-28,OUT_053,C_3132,PSP,Flexible,UM,N/A,735,110.25,OLD_SYSTEM_REF
2025-12-28,OUT_055,C_6609,Visit Pack,Fixed,Lapsed,N/A,1833,274.95,OLD_SYSTEM_REF
2025-12-28,OUT_060,C_3568,BOS,Flexible,Lapsed,dal makhani,1501,225.15,OLD_SYSTEM_REF
2025-12-28,OUT_063,C_6527,Visit Pack,Fixed,Repeat,N/A,1366,204.9,OLD_SYSTEM_REF
2025-12-28,OUT_079,C_8731,PSP,Flexible,Repeat,N/A,859,128.85,OLD_SYSTEM_REF
2025-12-28,OUT_087,C_1455,BOS,Flexible,Repeat,manchurian,1541,231.14999999999998,OLD_SYSTEM_REF
2025-12-28,OUT_088,C_9152,PSP,Flexible,Lapsed,N/A,1256,188.4,OLD_SYSTEM_REF
2025-12-29,OUT_005,C_5137,PSP,Flexible,MM,N/A,820,123.0,OLD_SYSTEM_REF
2025-12-29,OUT_007,C_2030,Visit Pack,Fixed,MM,N/A,1397,209.54999999999998,OLD_SYSTEM_REF
2025-12-29,OUT_011,C_9078,Visit Pack,Fixed,LM,N/A,943,141.45,OLD_SYSTEM_REF
2025-12-29,OUT_017,C_9576,Visit Pack,Fixed,LM,N/A,823,123.44999999999999,OLD_SYSTEM_REF
2025-12-29,OUT_018,C_5997,Visit Pack,Fixed,Lapsed,N/A,992,148.79999999999998,OLD_SYSTEM_REF
2025-12-29,OUT_023,C_8540,Visit Pack,Fixed,Repeat,N/A,670,100.5,OLD_SYSTEM_REF
2025-12-29,OUT_032,C_5885,BOS,Flexible,MM,manchurian,1201,180.15,OLD_SYSTEM_REF
2025-12-29,OUT_035,C_3979,PSP,Flexible,Lapsed,N/A,982,147.29999999999998,OLD_SYSTEM_REF
2025-12-29,OUT_044,C_5414,Visit Pack,Fixed,UM,N/A,1252,187.79999999999998,OLD_SYSTEM_REF
2025-12-29,OUT_056,C_6559,PSP,Flexible,Repeat,N/A,761,114.14999999999999,OLD_SYSTEM_REF
2025-12-29,OUT_057,C_4094,Visit Pack,Fixed,LM,N/A,1875,281.25,OLD_SYSTEM_REF
2025-12-29,OUT_063,C_4009,Visit Pack,Fixed,LM,N/A,598,89.7,OLD_SYSTEM_REF
2025-12-29,OUT_073,C_1120,Visit Pack,Fixed,Repeat,N/A,1880,282.0,OLD_SYSTEM_REF
2025-12-29,OUT_084,C_8284,BOS,Flexible,UM,dal makhani,1357,203.54999999999998,OLD_SYSTEM_REF
2025-12-29,OUT_089,C_2711,Visit Pack,Fixed,UM,N/A,1838,275.7,OLD_SYSTEM_REF
2025-12-29,OUT_093,C_7396,BOS,Flexible,LM,manchurian,1611,241.64999999999998,OLD_SYSTEM_REF
2025-12-29,OUT_100,C_3548,PSP,Flexible,UM,N/A,1716,257.4,OLD_SYSTEM_REF
2025-12-30,OUT_011,C_3221,Visit Pack,Fixed,LM,N/A,1125,168.75,OLD_SYSTEM_REF
2025-12-30,OUT_012,C_3995,Visit Pack,Fixed,Repeat,N/A,1091,163.65,OLD_SYSTEM_REF
2025-12-30,OUT_029,C_7226,BOS,Flexible,Repeat,dosa,745,111.75,OLD_SYSTEM_REF
2025-12-30,OUT_031,C_4909,BOS,Flexible,MM,manchurian,972,145.79999999999998,OLD_SYSTEM_REF
2025-12-30,OUT_038,C_4611,PSP,Flexible,MM,N/A,909,136.35,OLD_SYSTEM_REF
2025-12-30,OUT_046,C_3201,BOS,Flexible,MM,pizza,1303,195.45,OLD_SYSTEM_REF
2025-12-30,OUT_048,C_9241,BOS,Flexible,LM,burger,719,107.85,OLD_SYSTEM_REF
2025-12-30,OUT_050,C_4632,BOS,Flexible,Lapsed,pizza,1061,159.15,OLD_SYSTEM_REF
2025-12-30,OUT_058,C_9344,PSP,Flexible,Lapsed,N/A,1720,258.0,OLD_SYSTEM_REF
2025-12-30,OUT_072,C_2261,Visit Pack,Fixed,UM,N/A,1742,261.3,OLD_SYSTEM_REF
2025-12-30,OUT_073,C_6482,Visit Pack,Fixed,UM,N/A,777,116.55,OLD_SYSTEM_REF
2025-12-30,OUT_081,C_2148,PSP,Flexible,UM,N/A,911,136.65,OLD_SYSTEM_REF
2025-12-30,OUT_087,C_5869,PSP,Flexible,LM,N/A,1526,228.9,OLD_SYSTEM_REF
2025-12-30,OUT_095,C_4443,BOS,Flexible,UM,burger,1006,150.9,OLD_SYSTEM_REF
2025-12-31,OUT_001,C_8383,Visit Pack,Fixed,LM,N/A,1915,287.25,OLD_SYSTEM_REF
2025-12-31,OUT_004,C_3992,BOS,Flexible,Repeat,dosa,1326,198.9,OLD_SYSTEM_REF
2025-12-31,OUT_006,C_6828,Visit Pack,Fixed,UM,N/A,1029,154.35,OLD_SYSTEM_REF
2025-12-31,OUT_008,C_4781,BOS,Flexible,MM,pizza,1343,201.45,OLD_SYSTEM_REF
2025-12-31,OUT_011,C_9942,Visit Pack,Fixed,MM,N/A,1269,190.35,OLD_SYSTEM_REF
2025-12-31,OUT_018,C_5117,PSP,Flexible,MM,N/A,1954,293.09999999999997,OLD_SYSTEM_REF
2025-12-31,OUT_022,C_5572,PSP,Flexible,MM,N/A,1218,182.7,OLD_SYSTEM_REF
2025-12-31,OUT_024,C_5291,BOS,Flexible,Repeat,dosa,803,120.44999999999999,OLD_SYSTEM_REF
2025-12-31,OUT_032,C_9479,BOS,Flexible,UM,manchurian,1052,157.79999999999998,OLD_SYSTEM_REF
2025-12-31,OUT_038,C_6065,Visit Pack,Fixed,LM,N/A,1771,265.65,OLD_SYSTEM_REF
2025-12-31,OUT_039,C_5834,BOS,Flexible,Repeat,dal makhani,1220,183.0,OLD_SYSTEM_REF
2025-12-31,OUT_043,C_3350,Visit Pack,Fixed,Repeat,N/A,1977,296.55,OLD_SYSTEM_REF
2025-12-31,OUT_051,C_8107,Visit Pack,Fixed,LM,N/A,1557,233.54999999999998,OLD_SYSTEM_REF
2025-12-31,OUT_053,C_9876,PSP,Flexible,MM,N/A,1199,179.85,OLD_SYSTEM_REF
2025-12-31,OUT_058,C_8738,PSP,Flexible,Repeat,N/A,677,101.55,OLD_SYSTEM_REF
2025-12-31,OUT_067,C_3914,BOS,Flexible,Lapsed,dosa,1386,207.9,OLD_SYSTEM_REF
2025-12-31,OUT_068,C_2216,Visit Pack,Fixed,MM,N/A,1826,273.9,OLD_SYSTEM_REF
2025-12-31,OUT_071,C_3577,BOS,Flexible,Repeat,manchurian,1288,193.2,OLD_SYSTEM_REF
2025-12-31,OUT_076,C_3217,Visit Pack,Fixed,LM,N/A,1759,263.84999999999997,OLD_SYSTEM_REF
2025-12-31,OUT_083,C_3227,BOS,Flexible,Repeat,manchurian,1022,153.29999999999998,OLD_SYSTEM_REF
2025-12-31,OUT_085,C_7340,PSP,Flexible,Lapsed,N/A,806,120.89999999999999,OLD_SYSTEM_REF
2025-12-31,OUT_088,C_2508,PSP,Flexible,LM,N/A,1837,275.55,OLD_SYSTEM_REF
